Order_ID,Order_Date,Customer_ID,Age,Gender,State,Region,Category,Product_Name,Quantity,Unit_Price,Discount_%,Sales,Profit,Payment_Method
ORD00001,2025-11-23,CUST1758,52.0,Male,Delhi,North,Office Supplies,Pen,4,499,5,1896.2,393.96,Net Banking
ORD00002,2024-07-22,CUST1733,59.0,Female,Delhi,North,Electronics,Laptop,4,7999,20,25596.8,-1042.11,UPI
ORD00003,2024-12-10,CUST1104,23.0,Female,Gujarat,West,Electronics,Laptop,7,999,10,6293.7,27.8,Card
ORD00004,2025-01-22,CUST1080,53.0,Female,Odisha,East,Office Supplies,Pen,1,14999,15,12749.15,1755.3,Cash
ORD00005,2024-04-13,CUST1389,35.0,Female,Karnataka,South,Electronics,Headphones,4,999,0,3996.0,996.45,Cash
ORD00006,2024-06-24,CUST1546,64.0,Male,Tamil Nadu,South,Furniture,Chair,5,14999,0,74995.0,12238.87,UPI
ORD00007,2024-02-27,CUST1234,20.0,Female,Gujarat,West,Furniture,Sofa,4,14999,10,53996.4,13229.02,Net Banking
ORD00008,2025-10-20,CUST1469,27.0,Female,West Bengal,East,Electronics,Headphones,6,499,15,2544.9,225.15,UPI
ORD00009,2024-05-21,CUST1521,49.0,Male,Tamil Nadu,South,Office Supplies,Printer Paper,7,7999,15,47594.05,3650.4,Card
ORD00010,2025-09-02,CUST1479,51.0,Female,Delhi,North,Office Supplies,Notebook,7,7999,0,55993.0,4740.85,Card
ORD00011,2024-01-04,CUST1976,64.0,Female,Punjab,North,Office Supplies,Pen,2,999,15,1698.3,9.09,UPI
ORD00012,2025-07-06,CUST1976,51.0,Male,Punjab,North,Office Supplies,Printer Paper,4,499,10,1796.4,389.6,Cash
ORD00013,2025-08-03,CUST1969,23.0,Male,Maharashtra,West,Electronics,Phone,5,499,0,2495.0,85.59,Net Banking
ORD00014,2025-09-13,CUST1433,31.0,Male,Delhi,North,Electronics,Headphones,8,7999,5,,2600.08,Cash
ORD00015,2024-12-12,CUST1021,55.0,Male,Gujarat,West,Furniture,Sofa,8,199,5,1512.4,43.32,UPI
ORD00016,2024-12-04,CUST1072,50.0,Male,Delhi,North,Office Supplies,Printer Paper,1,499,0,499.0,133.18,Cash
ORD00017,2024-07-13,CUST1096,24.0,Female,Maharashtra,West,Office Supplies,Notebook,8,499,15,3393.2,789.34,Cash
ORD00018,2024-12-13,CUST1819,24.0,Male,Gujarat,West,Furniture,Sofa,1,14999,0,14999.0,-431.75,UPI
ORD00019,2024-03-18,CUST1453,53.0,Male,Tamil Nadu,South,Electronics,Phone,3,999,15,2547.45,95.36,Card
ORD00020,2025-02-14,CUST1924,21.0,Male,Delhi,North,Electronics,Laptop,7,2499,15,14869.05,368.92,Net Banking
ORD00021,2025-05-13,CUST1158,30.0,Female,Punjab,North,Furniture,Desk,5,2499,20,9996.0,1815.82,UPI
ORD00022,2025-06-27,CUST1161,21.0,Male,Delhi,North,Office Supplies,Pen,1,199,20,159.2,18.61,UPI
ORD00023,2025-08-31,CUST1040,57.0,Male,Delhi,North,Office Supplies,Notebook,7,199,20,1114.4,40.31,Net Banking
ORD00024,2025-11-18,CUST1660,37.0,Female,Odisha,East,Electronics,Headphones,6,499,10,2694.6,238.54,Cash
ORD00025,2024-09-28,CUST1135,40.0,Male,Delhi,North,Furniture,Sofa,2,199,20,318.4,7.83,UPI
ORD00026,2025-07-21,CUST1306,60.0,Male,Odisha,East,Electronics,Phone,5,7999,20,31996.0,-1512.19,UPI
ORD00027,2024-12-17,CUST1208,61.0,Female,West Bengal,East,Electronics,Headphones,3,999,10,2697.3,436.13,Net Banking
ORD00028,2024-05-13,CUST1652,34.0,Male,West Bengal,East,Electronics,Headphones,7,999,0,6993.0,-340.97,Net Banking
ORD00029,2025-08-19,CUST1565,27.0,Female,Maharashtra,West,Electronics,Laptop,3,7999,0,23997.0,5809.87,UPI
ORD00030,2024-12-28,CUST1798,53.0,Female,Punjab,North,Furniture,Chair,6,499,5,2844.3,521.72,UPI
ORD00031,2025-02-25,CUST1821,60.0,Male,Karnataka,South,Electronics,Phone,1,499,10,449.1,100.52,Cash
ORD00032,2025-04-16,CUST1358,37.0,Male,Karnataka,South,Furniture,Chair,8,499,5,3792.4,894.27,UPI
ORD00033,2025-06-05,CUST1409,61.0,Female,Delhi,North,Furniture,Desk,5,199,10,895.5,65.28,Card
ORD00034,2024-12-19,CUST1746,38.0,Female,Punjab,North,Electronics,Headphones,5,199,0,995.0,158.01,Card
ORD00035,2025-07-05,CUST1703,64.0,Male,Maharashtra,West,Furniture,Chair,7,199,20,1114.4,305.29,Cash
ORD00036,2024-11-03,CUST1519,37.0,Female,Maharashtra,West,Office Supplies,Pen,6,14999,0,89994.0,18171.05,Cash
ORD00037,2024-06-27,CUST1630,54.0,Female,Gujarat,West,Office Supplies,Notebook,4,2499,15,8496.6,1589.38,Net Banking
ORD00038,2025-04-21,CUST1452,46.0,Male,Punjab,North,Furniture,Chair,7,7999,20,,8024.78,Net Banking
ORD00039,2024-08-18,CUST1825,30.0,Male,Karnataka,South,Furniture,Sofa,6,199,5,1134.3,210.39,Card
ORD00040,2025-08-12,CUST1199,63.0,Female,Delhi,North,Furniture,Sofa,2,2499,15,4248.3,1105.19,Net Banking
ORD00041,2025-12-13,CUST1530,47.0,Male,Maharashtra,West,Electronics,Headphones,1,199,15,169.15,4.5,UPI
ORD00042,2025-05-31,CUST1436,53.0,Female,Punjab,North,Electronics,Phone,6,2499,20,11995.2,2821.9,UPI
ORD00043,2024-10-08,CUST1450,22.0,Female,Gujarat,West,Furniture,Chair,5,7999,15,33995.75,5757.59,UPI
ORD00044,2025-12-11,CUST1156,63.0,Male,Odisha,East,Furniture,Sofa,2,499,5,948.1,29.34,Card
ORD00045,2025-03-06,CUST1398,55.0,Male,Gujarat,West,Furniture,Sofa,8,2499,0,19992.0,447.66,Net Banking
ORD00046,2025-07-13,CUST1819,56.0,Male,Maharashtra,West,Furniture,Desk,7,2499,20,13994.4,2961.64,Net Banking
ORD00047,2025-02-18,CUST1741,28.0,Female,Tamil Nadu,South,Furniture,Desk,1,2499,10,2249.1,414.07,UPI
ORD00048,2025-04-17,CUST1186,21.0,Female,Punjab,North,Office Supplies,Printer Paper,1,199,15,169.15,-0.42,Net Banking
ORD00049,2025-03-07,CUST1258,23.0,Female,West Bengal,East,Furniture,Desk,6,2499,10,13494.6,2877.1,Card
ORD00050,2024-09-10,CUST1204,19.0,Male,Punjab,North,Electronics,Headphones,2,14999,0,29998.0,6419.02,UPI
ORD00051,2024-06-20,CUST1620,56.0,Male,Tamil Nadu,South,Office Supplies,Notebook,4,2499,10,,1964.94,UPI
ORD00052,2024-07-22,CUST1077,55.0,Male,West Bengal,East,Office Supplies,Notebook,5,7999,15,33995.75,3019.81,Card
ORD00053,2024-03-11,CUST1518,59.0,Female,West Bengal,East,Office Supplies,Notebook,6,7999,15,40794.9,7405.6,Card
ORD00054,2025-03-21,CUST1180,64.0,Female,Gujarat,West,Electronics,Phone,6,14999,15,76494.9,15112.18,Net Banking
ORD00055,2024-03-29,CUST1285,46.0,Male,Gujarat,West,Office Supplies,Printer Paper,5,999,5,4745.25,1142.45,Net Banking
ORD00056,2024-09-21,CUST1348,35.0,Female,Gujarat,West,Electronics,Phone,6,499,15,2544.9,61.69,Card
ORD00057,2025-12-08,CUST1487,59.0,Female,Karnataka,South,Electronics,Headphones,7,2499,20,13994.4,3013.8,Net Banking
ORD00058,2025-08-18,CUST1377,48.0,Female,Delhi,North,Furniture,Chair,7,14999,5,99743.35,5702.54,Net Banking
ORD00059,2024-07-16,CUST1323,25.0,Male,Odisha,East,Office Supplies,Pen,5,999,10,4495.5,137.96,UPI
ORD00060,2025-01-04,CUST1183,37.0,Male,Tamil Nadu,South,Furniture,Sofa,5,199,5,945.25,50.75,UPI
ORD00061,2025-05-17,CUST1105,18.0,Female,West Bengal,East,Electronics,Headphones,5,14999,5,71245.25,12343.55,Net Banking
ORD00062,2024-03-07,CUST1410,49.0,Male,Gujarat,West,electronics,Chair,1,999,15,849.15,-8.55,Card
ORD00063,2025-03-02,CUST1620,56.0,Male,Karnataka,South,Office Supplies,Pen,2,499,0,998.0,145.03,Net Banking
ORD00064,2025-09-16,CUST1983,65.0,Male,Gujarat,West,Furniture,Sofa,7,999,20,5594.4,936.28,UPI
ORD00065,2024-06-09,CUST1002,44.0,Female,Tamil Nadu,South,Office Supplies,Notebook,3,499,5,1422.15,203.65,Net Banking
ORD00066,2024-08-27,CUST1946,34.0,Male,West Bengal,East,Electronics,Phone,5,14999,15,63745.75,-1599.19,Net Banking
ORD00067,2024-11-10,CUST1609,65.0,Female,Delhi,North,Office Supplies,Notebook,5,499,0,2495.0,-72.67,Net Banking
ORD00068,2025-03-24,CUST1082,56.0,Male,Punjab,North,Office Supplies,Pen,7,999,20,5594.4,777.59,Net Banking
ORD00069,2024-01-22,CUST1783,61.0,Female,Odisha,East,Electronics,Laptop,4,14999,20,47996.8,7463.17,Card
ORD00070,2025-03-22,CUST1650,49.0,Male,Tamil Nadu,South,Office Supplies,Printer Paper,8,999,5,7592.4,2269.6,Net Banking
ORD00071,2025-05-22,CUST1295,60.0,Female,Odisha,East,Furniture,Desk,2,499,10,898.2,84.5,Card
ORD00072,2024-01-02,CUST1673,52.0,Female,Maharashtra,West,Furniture,Desk,6,199,15,1014.9,256.48,Net Banking
ORD00073,2024-07-27,CUST1273,53.0,Male,Delhi,North,Office Supplies,Pen,8,14999,15,101993.2,22030.19,Cash
ORD00074,2024-01-15,CUST1565,44.0,Male,Gujarat,West,Electronics,Laptop,4,14999,5,56996.2,3349.24,UPI
ORD00075,2024-10-06,CUST1425,48.0,Female,Punjab,North,Electronics,Headphones,3,2499,10,6747.3,864.36,UPI
ORD00076,2025-02-28,CUST1348,50.0,Female,Maharashtra,West,Furniture,Chair,3,199,10,537.3,118.44,Card
ORD00077,2024-12-19,CUST1340,53.0,Female,Odisha,East,Office Supplies,Printer Paper,8,499,15,3393.2,469.97,Net Banking
ORD00078,2025-04-29,CUST1722,42.0,Female,West Bengal,East,Office Supplies,Notebook,7,499,15,2969.05,-103.1,UPI
ORD00079,2025-04-12,CUST1015,,Male,Maharashtra,West,Electronics,Headphones,6,199,15,1014.9,-15.33,Net Banking
ORD00080,2024-12-02,CUST1872,61.0,Female,Karnataka,South,Furniture,Desk,6,7999,15,40794.9,7238.76,Cash
ORD00081,2024-04-02,CUST1444,24.0,Male,Maharashtra,West,Office Supplies,Notebook,4,14999,10,53996.4,16150.27,Net Banking
ORD00082,2025-03-17,CUST1149,33.0,Female,Tamil Nadu,South,Electronics,Laptop,6,199,10,1074.6,81.09,UPI
ORD00083,2025-08-20,CUST1146,32.0,Female,Karnataka,South,Electronics,Headphones,7,7999,5,53193.35,6605.74,Cash
ORD00084,2025-03-28,CUST1967,40.0,Female,Gujarat,West,Office Supplies,Notebook,8,999,20,6393.6,33.83,Net Banking
ORD00085,2025-08-08,CUST1367,54.0,Female,Odisha,East,Furniture,Chair,7,2499,0,17493.0,577.65,Cash
ORD00086,2024-10-20,CUST1794,32.0,Female,Punjab,North,Furniture,Chair,1,7999,15,6799.15,1641.95,UPI
ORD00087,2025-10-23,CUST1040,37.0,Female,Tamil Nadu,South,Office Supplies,Printer Paper,3,14999,0,44997.0,11977.81,Card
ORD00088,2024-05-15,CUST1805,52.0,Female,West Bengal,East,Electronics,Phone,6,14999,15,76494.9,877.7,Cash
ORD00089,2024-05-24,CUST1772,32.0,Female,Tamil Nadu,South,Furniture,Desk,6,199,15,1014.9,291.29,Cash
ORD00090,2025-11-19,CUST1268,55.0,Female,Punjab,North,Electronics,Phone,2,2499,10,4498.2,834.37,Cash
ORD00091,2025-10-12,CUST1843,47.0,Female,Delhi,North,Furniture,Chair,6,7999,5,45594.3,8055.52,Net Banking
ORD00092,2025-07-04,CUST1138,42.0,Female,Delhi,North,Electronics,Laptop,5,2499,0,12495.0,-199.71,Cash
ORD00093,2024-10-13,CUST1033,62.0,Female,Maharashtra,West,Furniture,Sofa,2,2499,20,3998.4,371.21,UPI
ORD00094,2025-10-22,CUST1367,21.0,Female,Gujarat,West,Electronics,Phone,2,14999,10,26998.2,3794.95,Cash
ORD00095,2024-02-21,CUST1805,39.0,Male,Karnataka,South,Furniture,Chair,4,14999,20,47996.8,13913.44,UPI
ORD00096,2025-09-02,CUST1002,35.0,Male,Karnataka,South,Office Supplies,Notebook,4,499,10,1796.4,397.06,UPI
ORD00097,2024-08-31,CUST1602,38.0,Male,West Bengal,East,Electronics,Headphones,1,499,0,499.0,37.62,UPI
ORD00098,2025-05-02,CUST1459,41.0,Male,West Bengal,East,Electronics,Headphones,7,7999,0,55993.0,11813.56,Net Banking
ORD00099,2025-05-05,CUST1867,43.0,Female,Karnataka,South,Office Supplies,Printer Paper,5,2499,0,12495.0,-358.75,Card
ORD00100,2024-10-08,CUST1639,58.0,Female,Gujarat,West,Electronics,Laptop,6,7999,5,45594.3,-1231.56,Net Banking
ORD00101,2025-10-28,CUST1898,53.0,Male,Odisha,East,Office Supplies,Printer Paper,7,199,0,1393.0,346.13,Net Banking
ORD00102,2024-11-16,CUST1437,38.0,Female,Maharashtra,West,Furniture,Desk,8,2499,15,16993.2,3489.8,Cash
ORD00103,2025-01-16,CUST1831,26.0,Male,Tamil Nadu,South,Electronics,Laptop,2,199,15,338.3,-5.48,Cash
ORD00104,2025-09-06,CUST1319,40.0,Male,Punjab,North,Furniture,Sofa,7,14999,0,104993.0,30336.63,UPI
ORD00105,2024-10-12,CUST1587,32.0,Female,Tamil Nadu,South,Electronics,Laptop,6,7999,10,43194.6,-422.88,Card
ORD00106,2024-05-26,CUST1579,60.0,Female,West Bengal,East,Electronics,Phone,5,999,10,4495.5,-215.17,Card
ORD00107,2024-06-10,CUST1378,37.0,Female,Karnataka,South,Electronics,Headphones,4,2499,15,8496.6,924.23,Card
ORD00108,2025-11-08,CUST1434,49.0,Female,Delhi,North,Electronics,Headphones,1,14999,0,14999.0,678.49,Net Banking
ORD00109,2025-11-25,CUST1607,49.0,Female,West Bengal,East,Office Supplies,Notebook,6,2499,0,14994.0,736.75,Card
ORD00110,2024-05-20,CUST1782,34.0,Female,Tamil Nadu,South,Office Supplies,Notebook,1,499,10,449.1,126.14,Cash
ORD00111,2025-12-21,CUST1235,50.0,Female,Delhi,North,Furniture,Sofa,7,499,5,3318.35,275.66,Card
ORD00112,2025-08-10,CUST1414,63.0,Female,Maharashtra,West,Furniture,Chair,8,199,10,1432.8,217.09,Cash
ORD00113,2025-01-05,CUST1090,45.0,Male,Punjab,North,Electronics,Phone,3,7999,15,20397.45,4920.05,UPI
ORD00114,2024-06-21,CUST1078,50.0,Male,Gujarat,West,Office Supplies,Notebook,7,999,10,6293.7,173.39,UPI
ORD00115,2024-07-21,CUST1177,56.0,Male,Odisha,East,Office Supplies,Printer Paper,3,499,0,1497.0,1.88,Card
ORD00116,2025-10-01,CUST1330,58.0,Female,Tamil Nadu,South,Furniture,Sofa,8,14999,20,95993.6,16803.41,UPI
ORD00117,2025-06-03,CUST1075,37.0,Female,Maharashtra,West,Furniture,Desk,5,999,20,3996.0,-121.24,Net Banking
ORD00118,2025-06-03,CUST1393,47.0,Male,Delhi,North,Furniture,Desk,2,14999,0,29998.0,4957.26,Net Banking
ORD00119,2024-12-17,CUST1731,23.0,Male,Tamil Nadu,South,Office Supplies,Pen,3,199,15,507.45,-6.99,Card
ORD00120,2025-01-31,CUST1418,39.0,Male,Tamil Nadu,South,Furniture,Sofa,3,999,10,2697.3,731.72,Cash
ORD00121,2025-11-03,CUST1987,56.0,Male,Punjab,North,Electronics,Headphones,7,999,10,6293.7,1279.55,Cash
ORD00122,2024-03-27,CUST1317,53.0,Female,Delhi,North,Furniture,Desk,7,499,20,2794.4,553.55,Cash
ORD00123,2024-11-12,CUST1184,31.0,Female,Karnataka,South,Office Supplies,Printer Paper,7,7999,10,50393.7,-2198.14,Net Banking
ORD00124,2025-07-06,CUST1855,65.0,Male,Karnataka,South,Electronics,Laptop,2,999,0,1998.0,255.13,Cash
ORD00125,2024-06-18,CUST1738,46.0,Male,Tamil Nadu,South,Electronics,Laptop,3,14999,20,35997.6,8393.39,Net Banking
ORD00126,2024-09-01,CUST1316,48.0,Male,West Bengal,East,Furniture,Sofa,5,14999,15,63745.75,2033.56,Cash
ORD00127,2024-05-21,CUST1893,34.0,Male,Gujarat,West,Furniture,Desk,7,499,5,3318.35,764.68,Net Banking
ORD00128,2024-10-06,CUST1460,50.0,Male,West Bengal,East,Office Supplies,Printer Paper,2,999,0,1998.0,433.75,Net Banking
ORD00129,2025-01-17,CUST1241,42.0,Male,Delhi,North,Furniture,Desk,1,2499,0,2499.0,221.81,Cash
ORD00130,2025-04-28,CUST1712,26.0,Female,Karnataka,South,Furniture,Chair,6,499,5,2844.3,-104.08,Net Banking
ORD00131,2025-09-15,CUST1540,45.0,Male,Delhi,North,Electronics,Phone,4,499,20,1596.8,445.63,Cash
ORD00132,2024-04-23,CUST1856,49.0,Male,Tamil Nadu,South,Electronics,Laptop,4,2499,20,7996.8,879.57,UPI
ORD00133,2025-11-11,CUST1684,23.0,Female,Tamil Nadu,South,Furniture,Chair,6,499,20,2395.2,229.46,Card
ORD00134,2024-12-31,CUST1807,22.0,Female,Punjab,North,Furniture,Chair,7,999,10,6293.7,1331.5,UPI
ORD00135,2024-06-28,CUST1850,61.0,Female,Punjab,North,Electronics,Laptop,6,7999,10,43194.6,10138.99,Net Banking
ORD00136,2024-07-23,CUST1907,20.0,Female,Karnataka,South,Electronics,Headphones,8,199,10,1432.8,29.45,Cash
ORD00137,2024-02-18,CUST1886,59.0,Female,Gujarat,West,Furniture,Chair,4,999,10,3596.4,905.39,Cash
ORD00138,2025-05-23,CUST1708,49.0,Female,Punjab,North,electronics,Desk,8,2499,10,17992.8,5232.36,Cash
ORD00139,2024-03-22,CUST1335,60.0,Female,Punjab,North,Electronics,Phone,3,7999,10,21597.3,1348.19,Cash
ORD00140,2024-12-27,CUST1629,45.0,Female,Gujarat,West,Electronics,Headphones,8,999,15,6793.2,-238.96,Card
ORD00141,2025-11-25,CUST1800,46.0,Male,Punjab,North,Furniture,Sofa,3,199,5,567.15,140.11,UPI
ORD00142,2024-06-06,CUST1695,46.0,Female,Delhi,North,Office Supplies,Pen,6,2499,20,11995.2,-463.8,Cash
ORD00143,2024-09-12,CUST1983,25.0,Male,Maharashtra,West,Office Supplies,Notebook,6,2499,10,13494.6,2393.22,UPI
ORD00144,2025-09-18,CUST1292,62.0,Female,Gujarat,West,Office Supplies,Notebook,5,999,15,4245.75,106.57,UPI
ORD00145,2025-11-29,CUST1990,38.0,Female,Delhi,North,Electronics,Phone,3,14999,15,38247.45,11437.59,Card
ORD00146,2024-07-24,CUST1811,26.0,Male,Odisha,East,Electronics,Headphones,3,999,20,2397.6,68.29,Net Banking
ORD00147,2024-03-29,CUST1067,37.0,Female,Punjab,North,Office Supplies,Printer Paper,6,2499,20,11995.2,-54.94,Net Banking
ORD00148,2025-11-27,CUST1529,40.0,Male,Gujarat,West,Office Supplies,Notebook,3,999,0,2997.0,322.15,UPI
ORD00149,2024-06-14,CUST1330,63.0,Male,Tamil Nadu,South,Office Supplies,Notebook,2,7999,5,15198.1,857.84,Cash
ORD00150,2024-04-05,CUST1514,59.0,Male,West Bengal,East,Furniture,Chair,5,499,10,2245.5,370.62,UPI
ORD00151,2025-08-13,CUST1271,59.0,Male,Tamil Nadu,South,Office Supplies,Notebook,1,199,0,199.0,56.12,Net Banking
ORD00152,2025-12-02,CUST1415,37.0,Female,Punjab,North,Office Supplies,Printer Paper,5,14999,10,67495.5,8034.04,Card
ORD00153,2024-05-27,CUST1320,63.0,Female,Delhi,North,Furniture,Desk,8,2499,5,18992.4,1311.76,Cash
ORD00154,2024-09-30,CUST1460,33.0,Male,Maharashtra,West,Furniture,Sofa,2,999,5,1898.1,214.99,Card
ORD00155,2025-08-14,CUST1738,38.0,Male,Punjab,North,Furniture,Sofa,7,499,5,3318.35,778.87,UPI
ORD00156,2025-06-01,CUST1468,33.0,Male,Gujarat,West,Furniture,Desk,8,199,0,1592.0,447.08,Cash
ORD00157,2024-04-20,CUST1441,26.0,Female,Delhi,North,Furniture,Desk,8,999,20,6393.6,-301.38,Cash
ORD00158,2025-07-20,CUST1295,22.0,Female,Gujarat,West,Electronics,Phone,1,7999,20,6399.2,116.01,Net Banking
ORD00159,2025-01-09,CUST1773,27.0,Male,West Bengal,East,Electronics,Laptop,7,999,10,6293.7,914.1,Net Banking
ORD00160,2025-09-12,CUST1914,50.0,Male,Delhi,North,Electronics,Laptop,6,2499,20,11995.2,1318.82,Cash
ORD00161,2025-06-05,CUST1545,49.0,Female,West Bengal,East,Furniture,Sofa,5,7999,10,35995.5,4591.59,Net Banking
ORD00162,2025-12-05,CUST1644,19.0,Female,Punjab,North,Furniture,Sofa,2,2499,20,3998.4,230.66,Cash
ORD00163,2025-01-24,CUST1151,61.0,Male,Karnataka,South,Office Supplies,Pen,3,7999,20,19197.6,4244.82,Card
ORD00164,2024-07-27,CUST1420,50.0,Female,Delhi,North,Electronics,Phone,6,2499,5,14244.3,1346.6,Card
ORD00165,2024-06-26,CUST1470,52.0,Female,Karnataka,South,Office Supplies,Pen,8,7999,15,54393.2,3253.44,Cash
ORD00166,2024-10-31,CUST1789,36.0,Male,Odisha,East,Electronics,Laptop,5,7999,10,35995.5,1033.2,Net Banking
ORD00167,2025-07-10,CUST1388,43.0,Female,Odisha,East,Furniture,Sofa,5,999,0,4995.0,752.83,UPI
ORD00168,2025-05-05,CUST1219,30.0,Female,West Bengal,East,Furniture,Sofa,2,999,15,1698.3,305.0,Cash
ORD00169,2025-06-27,CUST1231,58.0,Male,Karnataka,South,Office Supplies,Printer Paper,4,499,0,1996.0,368.15,Card
ORD00170,2025-07-17,CUST1951,28.0,Female,Punjab,North,Furniture,Sofa,8,199,5,1512.4,-72.88,Net Banking
ORD00171,2024-04-01,CUST1667,54.0,Male,Maharashtra,West,Furniture,Desk,5,14999,0,74995.0,20082.01,Card
ORD00172,2024-10-23,CUST1897,20.0,Male,Tamil Nadu,South,Electronics,Laptop,7,2499,5,16618.35,4616.79,Cash
ORD00173,2024-07-16,CUST1828,25.0,Female,Punjab,North,Furniture,Desk,8,499,20,3193.6,363.45,UPI
ORD00174,2025-08-04,CUST1690,30.0,Male,Gujarat,West,Office Supplies,Notebook,1,14999,10,13499.1,3061.17,Net Banking
ORD00175,2024-09-11,CUST1006,34.0,Female,Gujarat,West,Electronics,Phone,2,499,5,948.1,111.03,UPI
ORD00176,2024-03-04,CUST1683,25.0,Female,Gujarat,West,Furniture,Desk,1,999,10,899.1,173.05,Cash
ORD00177,2024-10-29,CUST1376,57.0,Male,Tamil Nadu,South,Office Supplies,Printer Paper,5,14999,0,74995.0,13015.3,UPI
ORD00178,2025-07-04,CUST1821,60.0,Male,Tamil Nadu,South,Electronics,Phone,6,2499,20,11995.2,3232.45,UPI
ORD00179,2025-07-14,CUST1924,50.0,Male,Punjab,North,Office Supplies,Printer Paper,6,199,20,955.2,-10.25,UPI
ORD00180,2025-05-15,CUST1093,50.0,Female,Tamil Nadu,South,Office Supplies,Pen,2,14999,5,28498.1,5725.87,Card
ORD00181,2025-11-19,CUST1826,37.0,Male,Maharashtra,West,Office Supplies,Pen,8,7999,0,63992.0,9315.89,Net Banking
ORD00182,2024-03-06,CUST1554,21.0,Male,West Bengal,East,Office Supplies,Notebook,2,199,15,,23.88,Net Banking
ORD00183,2025-01-26,CUST1459,42.0,Female,Punjab,North,Furniture,Chair,3,14999,15,38247.45,3100.39,Card
ORD00184,2024-08-16,CUST1854,18.0,Male,Tamil Nadu,South,Electronics,Laptop,7,7999,5,53193.35,10891.36,Cash
ORD00185,2024-10-09,CUST1193,64.0,Male,Gujarat,West,Office Supplies,Pen,4,499,15,1696.6,120.72,Card
ORD00186,2025-09-04,CUST1688,63.0,Male,Maharashtra,West,Electronics,Laptop,2,199,20,318.4,-12.18,UPI
ORD00187,2024-10-23,CUST1239,64.0,Female,Punjab,North,Furniture,Chair,4,199,5,756.2,95.56,Cash
ORD00188,2025-07-24,CUST1971,55.0,Male,Tamil Nadu,South,Electronics,Headphones,4,2499,10,8996.4,416.57,Net Banking
ORD00189,2025-02-22,CUST1152,37.0,Female,Maharashtra,West,Furniture,Sofa,7,7999,10,50393.7,9761.66,UPI
ORD00190,2025-03-02,CUST1570,51.0,Male,Maharashtra,West,Electronics,Phone,3,2499,0,7497.0,1100.82,Net Banking
ORD00191,2024-07-14,CUST1052,35.0,Female,Tamil Nadu,South,Electronics,Phone,2,2499,10,4498.2,-79.34,Card
ORD00192,2024-12-06,CUST1310,18.0,Male,Delhi,North,Office Supplies,Printer Paper,4,2499,5,9496.2,2415.03,UPI
ORD00193,2024-10-16,CUST1389,47.0,Female,Punjab,North,Electronics,Headphones,4,2499,5,9496.2,1360.12,Cash
ORD00194,2024-11-23,CUST1936,31.0,Female,Odisha,East,Office Supplies,Pen,8,199,15,1353.2,293.06,Cash
ORD00195,2025-08-21,CUST1593,64.0,Female,Maharashtra,West,Office Supplies,Notebook,3,199,10,537.3,77.19,Cash
ORD00196,2025-11-01,CUST1966,61.0,Female,Karnataka,South,Furniture,Chair,7,7999,5,53193.35,6636.16,Cash
ORD00197,2025-05-15,CUST1188,52.0,Male,Gujarat,West,Furniture,Chair,6,499,5,2844.3,574.86,Card
ORD00198,2024-06-03,CUST1009,31.0,Female,Delhi,North,Electronics,Phone,3,14999,5,42747.15,-1120.45,Cash
ORD00199,2024-01-13,CUST1017,51.0,Female,Punjab,North,Office Supplies,Pen,1,199,20,159.2,22.78,Cash
ORD00200,2025-09-26,CUST1539,34.0,Female,Punjab,North,Electronics,Laptop,2,7999,5,15198.1,521.89,Cash
ORD00201,2024-08-19,CUST1307,61.0,Male,Maharashtra,West,Furniture,Desk,8,7999,5,60792.4,18029.9,Card
ORD00202,2024-03-25,CUST1511,45.0,Female,Punjab,North,Furniture,Desk,8,199,0,1592.0,312.03,Card
ORD00203,2025-12-01,CUST1947,35.0,Male,Delhi,North,Electronics,Headphones,8,999,0,7992.0,2185.46,UPI
ORD00204,2024-11-02,CUST1166,54.0,Male,West Bengal,East,Electronics,Headphones,3,14999,15,38247.45,10522.11,Net Banking
ORD00205,2025-03-23,CUST1237,22.0,Female,Odisha,East,Office Supplies,Notebook,2,7999,10,14398.2,-449.31,Net Banking
ORD00206,2025-01-19,CUST1442,29.0,Female,West Bengal,East,Office Supplies,Pen,8,2499,5,18992.4,1415.58,Card
ORD00207,2025-10-11,CUST1157,65.0,Female,West Bengal,East,Office Supplies,Notebook,2,999,5,1898.1,157.54,Cash
ORD00208,2024-04-14,CUST1135,23.0,Male,West Bengal,East,Electronics,Laptop,5,2499,10,11245.5,2434.33,Net Banking
ORD00209,2025-09-04,CUST1803,38.0,Female,Gujarat,West,Electronics,Laptop,2,999,20,1598.4,-27.86,Card
ORD00210,2025-01-24,CUST1173,26.0,Female,Odisha,East,Furniture,Chair,4,7999,20,25596.8,239.43,Cash
ORD00211,2025-05-10,CUST1801,22.0,Female,Odisha,East,Electronics,Laptop,3,2499,10,6747.3,657.09,Cash
ORD00212,2024-01-07,CUST1971,43.0,Female,Tamil Nadu,South,Office Supplies,Printer Paper,4,2499,0,9996.0,-25.78,Net Banking
ORD00213,2025-12-12,CUST1205,48.0,Female,Odisha,East,Furniture,Desk,3,999,10,2697.3,434.6,UPI
ORD00214,2024-10-14,CUST1836,43.0,Female,Gujarat,West,Furniture,Sofa,8,7999,5,60792.4,3894.37,Card
ORD00215,2024-08-02,CUST1448,36.0,Male,Karnataka,South,Office Supplies,Printer Paper,1,14999,15,12749.15,3570.29,Net Banking
ORD00216,2025-01-21,CUST1075,46.0,Female,Maharashtra,West,Office Supplies,Pen,4,999,5,3796.2,760.5,Net Banking
ORD00217,2024-12-29,CUST1170,59.0,Male,Maharashtra,West,Furniture,Sofa,2,199,5,378.1,68.12,Net Banking
ORD00218,2025-06-15,CUST1571,55.0,Male,Odisha,East,Electronics,Laptop,2,999,5,1898.1,244.36,Net Banking
ORD00219,2024-10-29,CUST1425,23.0,Male,Odisha,East,Furniture,Sofa,3,999,0,2997.0,356.55,UPI
ORD00220,2024-04-09,CUST1448,64.0,Female,Odisha,East,Furniture,Desk,4,7999,15,27196.6,1955.57,Cash
ORD00221,2025-11-24,CUST1819,28.0,Male,Punjab,North,Electronics,Headphones,2,199,10,358.2,63.33,UPI
ORD00222,2024-07-09,CUST1655,60.0,Female,Tamil Nadu,South,Office Supplies,Pen,8,499,15,3393.2,578.26,Net Banking
ORD00223,2024-07-29,CUST1285,63.0,Male,Delhi,North,Furniture,Sofa,7,2499,0,17493.0,3440.13,Card
ORD00224,2025-05-16,CUST1540,58.0,Female,Tamil Nadu,South,Furniture,Chair,8,199,10,1432.8,264.7,Net Banking
ORD00225,2025-12-23,CUST1819,37.0,Male,Maharashtra,West,Furniture,Desk,8,7999,5,60792.4,14274.57,UPI
ORD00226,2025-06-07,CUST1397,44.0,Male,West Bengal,East,Electronics,Phone,2,499,10,898.2,173.09,Net Banking
ORD00227,2024-05-23,CUST1191,38.0,Female,Maharashtra,West,Furniture,Sofa,3,7999,5,22797.15,2767.0,Card
ORD00228,2025-05-21,CUST1418,61.0,Female,West Bengal,East,Furniture,Chair,4,2499,20,7996.8,1014.82,Net Banking
ORD00229,2024-08-18,CUST1550,36.0,Male,Gujarat,West,Electronics,Laptop,1,499,10,449.1,-17.32,Net Banking
ORD00230,2024-02-12,CUST1778,64.0,Female,Maharashtra,West,Office Supplies,Notebook,5,7999,10,35995.5,5029.12,UPI
ORD00231,2024-12-22,CUST1882,23.0,Female,Maharashtra,West,Office Supplies,Printer Paper,4,999,0,3996.0,429.2,Card
ORD00232,2024-06-18,CUST1630,26.0,Male,Karnataka,South,Office Supplies,Printer Paper,6,14999,20,71995.2,12345.0,UPI
ORD00233,2024-09-30,CUST1975,50.0,Male,Punjab,North,Office Supplies,Pen,3,999,10,2697.3,138.28,UPI
ORD00234,2025-12-29,CUST1329,33.0,Female,Maharashtra,West,Furniture,Sofa,3,14999,5,42747.15,1598.19,Net Banking
ORD00235,2024-04-05,CUST1412,50.0,Female,Tamil Nadu,South,Office Supplies,Pen,7,2499,0,17493.0,3004.77,Cash
ORD00236,2025-04-14,CUST1650,60.0,Female,Gujarat,West,Furniture,Sofa,1,14999,0,14999.0,3087.19,Card
ORD00237,2024-12-11,CUST1560,54.0,Male,Maharashtra,West,Furniture,Chair,8,999,10,7192.8,1725.7,Net Banking
ORD00238,2024-06-10,CUST1451,47.0,Male,West Bengal,East,Electronics,Laptop,8,199,0,1592.0,438.28,Net Banking
ORD00239,2024-09-13,CUST1084,41.0,Male,Karnataka,South,Office Supplies,Pen,3,999,0,2997.0,536.78,Card
ORD00240,2024-01-02,CUST1218,48.0,Male,Gujarat,West,Office Supplies,Printer Paper,4,2499,0,9996.0,1962.16,UPI
ORD00241,2025-05-04,CUST1072,32.0,Female,Tamil Nadu,South,Electronics,Laptop,6,199,15,1014.9,195.79,Card
ORD00242,2024-05-16,CUST1656,61.0,Male,Delhi,North,Furniture,Desk,5,499,15,2120.75,468.07,Card
ORD00243,2025-09-22,CUST1703,46.0,Male,Delhi,North,Furniture,Desk,4,14999,5,56996.2,15500.85,Card
ORD00244,2024-05-23,CUST1253,35.0,Male,Delhi,North,Electronics,Headphones,7,999,15,5944.05,357.1,UPI
ORD00245,2025-02-05,CUST1302,,Male,West Bengal,East,Office Supplies,Pen,4,7999,20,25596.8,3284.91,UPI
ORD00246,2024-01-13,CUST1369,38.0,Male,Gujarat,West,Electronics,Laptop,8,14999,20,95993.6,-2413.84,Net Banking
ORD00247,2024-03-10,CUST1014,34.0,Male,Gujarat,West,Office Supplies,Printer Paper,3,2499,0,7497.0,-331.06,Card
ORD00248,2025-07-03,CUST1550,57.0,Male,Punjab,North,Office Supplies,Pen,7,2499,15,14869.05,-314.48,Cash
ORD00249,2025-08-23,CUST1649,59.0,Male,Punjab,North,Electronics,Headphones,4,499,20,1596.8,102.77,Cash
ORD00250,2025-09-15,CUST1056,37.0,Male,Maharashtra,West,Electronics,Laptop,2,2499,0,4998.0,543.18,Card
ORD00251,2024-09-22,CUST1170,41.0,Male,Delhi,North,Office Supplies,Notebook,3,2499,10,6747.3,897.74,Cash
ORD00252,2025-08-13,CUST1642,22.0,Female,Delhi,North,Furniture,Desk,5,7999,0,39995.0,1681.08,Net Banking
ORD00253,2024-04-15,CUST1915,54.0,Male,West Bengal,East,Furniture,Sofa,3,999,5,2847.15,111.87,UPI
ORD00254,2024-06-02,CUST1183,20.0,Female,Delhi,North,Electronics,Laptop,1,2499,10,2249.1,189.02,UPI
ORD00255,2024-05-02,CUST1514,61.0,Male,West Bengal,East,Furniture,Sofa,6,999,0,5994.0,899.33,UPI
ORD00256,2025-07-20,CUST1467,18.0,Female,Karnataka,South,Furniture,Chair,8,999,10,7192.8,464.33,UPI
ORD00257,2025-05-20,CUST1791,30.0,Male,Odisha,East,Office Supplies,Printer Paper,4,2499,10,8996.4,1413.26,UPI
ORD00258,2024-01-02,CUST1777,60.0,Female,Punjab,North,Electronics,Laptop,6,14999,0,89994.0,25454.5,Cash
ORD00259,2024-05-25,CUST1728,35.0,Male,Delhi,North,Office Supplies,Notebook,7,2499,0,17493.0,5079.89,Card
ORD00260,2025-06-01,CUST1136,58.0,Female,Tamil Nadu,South,Office Supplies,Pen,8,14999,0,119992.0,18391.14,Card
ORD00261,2025-02-06,CUST1717,65.0,Female,Punjab,North,Office Supplies,Notebook,4,999,10,3596.4,891.26,Cash
ORD00262,2024-04-18,CUST1168,46.0,Female,Gujarat,West,Electronics,Laptop,4,499,20,1596.8,-18.94,Cash
ORD00263,2024-05-02,CUST1092,28.0,Female,Maharashtra,West,Office Supplies,Pen,4,2499,10,8996.4,1009.14,Card
ORD00264,2025-11-24,CUST1306,34.0,Male,Tamil Nadu,South,electronics,Laptop,4,999,15,3396.6,440.58,Card
ORD00265,2024-05-23,CUST1124,18.0,Male,Gujarat,West,Office Supplies,Printer Paper,4,199,15,676.6,-9.7,UPI
ORD00266,2024-03-17,CUST1022,22.0,Male,Karnataka,South,Furniture,Desk,2,7999,20,12798.4,519.45,Net Banking
ORD00267,2025-08-10,CUST1443,64.0,Female,Karnataka,South,Furniture,Chair,1,2499,0,2499.0,21.98,Net Banking
ORD00268,2024-10-08,CUST1286,46.0,Male,Punjab,North,Office Supplies,Pen,3,999,5,2847.15,762.77,Card
ORD00269,2024-05-20,CUST1429,30.0,Male,Tamil Nadu,South,Furniture,Desk,8,199,0,1592.0,76.29,Card
ORD00270,2025-02-01,CUST1276,29.0,Male,Gujarat,West,Furniture,Sofa,8,999,20,6393.6,804.56,Cash
ORD00271,2024-08-26,CUST1997,28.0,Male,Karnataka,South,Furniture,Chair,8,7999,10,57592.8,12577.97,UPI
ORD00272,2025-02-01,CUST1363,29.0,Male,Tamil Nadu,South,Office Supplies,Printer Paper,1,499,20,399.2,98.31,UPI
ORD00273,2024-07-11,CUST1856,49.0,Female,Odisha,East,Office Supplies,Notebook,6,7999,20,38395.2,-10.14,UPI
ORD00274,2025-05-04,CUST1000,39.0,Male,Maharashtra,West,Electronics,Laptop,4,7999,5,30396.2,-1307.8,UPI
ORD00275,2024-05-25,CUST1792,25.0,Female,West Bengal,East,Furniture,Chair,1,499,20,399.2,78.5,Card
ORD00276,2024-06-10,CUST1749,45.0,Female,Odisha,East,Office Supplies,Notebook,6,999,10,5394.6,-12.09,Cash
ORD00277,2024-10-28,CUST1130,29.0,Male,Tamil Nadu,South,Electronics,Headphones,3,2499,10,6747.3,1396.0,Net Banking
ORD00278,2025-05-23,CUST1144,39.0,Male,Delhi,North,Office Supplies,Pen,4,14999,20,,-650.9,UPI
ORD00279,2024-09-28,CUST1214,33.0,Male,Odisha,East,Electronics,Headphones,2,14999,10,26998.2,2870.46,Cash
ORD00280,2024-06-19,CUST1905,44.0,Female,West Bengal,East,Office Supplies,Notebook,1,2499,15,2124.15,438.43,Net Banking
ORD00281,2024-02-04,CUST1301,19.0,Female,Odisha,East,Electronics,Phone,4,499,15,1696.6,-41.06,Cash
ORD00282,2024-04-05,CUST1346,56.0,Female,Delhi,North,Furniture,Chair,7,499,0,3493.0,494.14,Card
ORD00283,2024-07-13,CUST1419,62.0,Female,Maharashtra,West,Office Supplies,Pen,3,199,0,597.0,39.33,Cash
ORD00284,2024-06-06,CUST1055,41.0,Male,West Bengal,East,Electronics,Laptop,7,7999,20,44794.4,10927.55,Net Banking
ORD00285,2024-06-23,CUST1653,36.0,Male,Punjab,North,Office Supplies,Printer Paper,8,499,0,3992.0,-163.64,Net Banking
ORD00286,2025-07-11,CUST1396,29.0,Female,Punjab,North,Furniture,Desk,8,14999,10,107992.8,-1954.9,Net Banking
ORD00287,2024-10-02,CUST1577,21.0,Male,West Bengal,East,Furniture,Chair,5,2499,15,10620.75,448.09,Card
ORD00288,2025-06-19,CUST1428,52.0,Female,Punjab,North,Office Supplies,Pen,4,7999,0,31996.0,7815.95,UPI
ORD00289,2025-08-08,CUST1693,57.0,Male,Gujarat,West,Electronics,Phone,1,7999,20,6399.2,1696.81,Card
ORD00290,2025-11-30,CUST1445,30.0,Male,Maharashtra,West,Electronics,Laptop,4,499,0,1996.0,195.97,Cash
ORD00291,2025-06-16,CUST1469,18.0,Female,West Bengal,East,Electronics,Phone,7,7999,10,50393.7,12589.28,Card
ORD00292,2024-10-19,CUST1888,52.0,Female,Maharashtra,West,Electronics,Headphones,2,199,20,318.4,70.95,Net Banking
ORD00293,2024-05-27,CUST1633,56.0,Female,Odisha,East,Office Supplies,Pen,8,199,5,1512.4,70.17,Card
ORD00294,2025-01-16,CUST1020,39.0,Female,Gujarat,West,Office Supplies,Notebook,1,14999,15,12749.15,3471.49,Cash
ORD00295,2025-03-29,CUST1792,38.0,Female,Odisha,East,Office Supplies,Printer Paper,2,499,5,948.1,52.3,Net Banking
ORD00296,2025-01-17,CUST1840,21.0,Male,Delhi,North,Furniture,Chair,7,14999,15,89244.05,19260.89,Card
ORD00297,2024-07-24,CUST1857,21.0,Male,Odisha,East,Electronics,Headphones,1,499,5,474.05,121.51,Card
ORD00298,2025-06-01,CUST1406,58.0,Male,Maharashtra,West,Furniture,Sofa,4,999,10,3596.4,856.76,Card
ORD00299,2024-12-24,CUST1352,28.0,Female,Tamil Nadu,South,Furniture,Sofa,8,499,15,3393.2,527.33,Card
ORD00300,2025-10-24,CUST1230,61.0,Male,West Bengal,East,Furniture,Chair,3,7999,5,22797.15,5699.03,Cash
ORD00301,2024-01-09,CUST1229,34.0,Female,Maharashtra,West,Office Supplies,Notebook,8,499,5,3792.4,608.3,Cash
ORD00302,2025-06-17,CUST1844,57.0,Female,Gujarat,West,Furniture,Desk,5,499,15,2120.75,118.23,Card
ORD00303,2024-12-10,CUST1283,58.0,Female,Punjab,North,Office Supplies,Printer Paper,5,999,0,4995.0,592.45,Cash
ORD00304,2024-11-23,CUST1697,26.0,Male,Odisha,East,Electronics,Laptop,4,199,20,636.8,58.23,Net Banking
ORD00305,2025-08-08,CUST1835,30.0,Female,Odisha,East,Furniture,Desk,7,14999,0,104993.0,16175.04,UPI
ORD00306,2024-04-09,CUST1482,26.0,Female,Gujarat,West,Office Supplies,Pen,3,14999,20,35997.6,482.28,UPI
ORD00307,2024-12-05,CUST1380,34.0,Female,West Bengal,East,Electronics,Phone,4,14999,10,53996.4,5246.58,Net Banking
ORD00308,2025-11-28,CUST1390,51.0,Female,Punjab,North,Electronics,Headphones,2,2499,5,,594.31,Net Banking
ORD00309,2025-04-13,CUST1146,38.0,Male,Delhi,North,Electronics,Laptop,6,2499,20,11995.2,3148.69,Card
ORD00310,2024-10-07,CUST1214,28.0,Male,Gujarat,West,Office Supplies,Notebook,6,14999,0,89994.0,-4351.23,Net Banking
ORD00311,2025-01-27,CUST1004,20.0,Male,Delhi,North,Office Supplies,Pen,7,2499,15,14869.05,4280.28,Cash
ORD00312,2024-09-11,CUST1231,62.0,Female,Punjab,North,Office Supplies,Notebook,1,14999,0,14999.0,2539.94,Cash
ORD00313,2024-11-01,CUST1971,36.0,Female,Karnataka,South,Furniture,Sofa,5,499,0,2495.0,594.67,Cash
ORD00314,2025-02-17,CUST1019,32.0,Male,Maharashtra,West,Furniture,Desk,6,499,5,2844.3,801.61,UPI
ORD00315,2024-02-08,CUST1384,58.0,Female,Karnataka,South,Office Supplies,Printer Paper,3,199,10,537.3,106.86,Card
ORD00316,2025-01-24,CUST1126,53.0,Female,Delhi,North,Office Supplies,Notebook,1,14999,0,14999.0,1437.98,Net Banking
ORD00317,2025-11-09,CUST1532,35.0,Male,Karnataka,South,Office Supplies,Printer Paper,1,999,15,849.15,154.19,Net Banking
ORD00318,2024-09-26,CUST1851,51.0,Male,Delhi,North,Furniture,Chair,2,2499,5,4748.1,774.66,Cash
ORD00319,2024-01-03,CUST1013,60.0,Male,Gujarat,West,Electronics,Laptop,8,499,15,3393.2,222.97,Card
ORD00320,2025-10-21,CUST1236,47.0,Female,Maharashtra,West,Electronics,Headphones,2,14999,0,29998.0,7999.65,Cash
ORD00321,2024-11-16,CUST1436,65.0,Male,Maharashtra,West,Electronics,Laptop,1,999,10,899.1,207.3,Card
ORD00322,2025-09-28,CUST1274,64.0,Male,Delhi,North,Electronics,Headphones,3,999,10,2697.3,709.62,Cash
ORD00323,2025-12-07,CUST1871,48.0,Female,West Bengal,East,Electronics,Phone,7,2499,10,15743.7,3817.81,UPI
ORD00324,2025-08-27,CUST1494,54.0,Female,Delhi,North,Office Supplies,Printer Paper,1,499,0,499.0,47.71,UPI
ORD00325,2025-02-25,CUST1451,20.0,Male,Gujarat,West,Office Supplies,Notebook,3,2499,15,6372.45,-66.73,Cash
ORD00326,2025-12-05,CUST1717,57.0,Male,West Bengal,East,Office Supplies,Printer Paper,4,14999,10,53996.4,7110.51,Net Banking
ORD00327,2025-09-19,CUST1055,18.0,Male,Tamil Nadu,South,Furniture,Sofa,7,499,20,2794.4,732.75,Net Banking
ORD00328,2024-02-21,CUST1519,32.0,Female,Maharashtra,West,Electronics,Phone,6,499,10,2694.6,780.22,Net Banking
ORD00329,2024-05-01,CUST1509,65.0,Male,Karnataka,South,Furniture,Desk,8,199,15,1353.2,144.08,Card
ORD00330,2025-10-14,CUST1311,50.0,Male,Gujarat,West,Electronics,Headphones,1,199,20,159.2,45.71,Net Banking
ORD00331,2025-09-06,CUST1484,63.0,Female,Odisha,East,Electronics,Laptop,8,999,20,6393.6,1397.61,Net Banking
ORD00332,2024-10-25,CUST1560,51.0,Female,Delhi,North,Office Supplies,Notebook,1,999,10,899.1,216.2,Card
ORD00333,2024-07-11,CUST1123,43.0,Male,Delhi,North,Furniture,Chair,7,199,10,1253.7,205.35,Net Banking
ORD00334,2025-04-06,CUST1468,60.0,Male,Tamil Nadu,South,Electronics,Phone,1,14999,20,11999.2,-82.47,Net Banking
ORD00335,2024-06-26,CUST1748,26.0,Male,Delhi,North,Office Supplies,Pen,8,7999,5,60792.4,11680.42,Net Banking
ORD00336,2024-10-28,CUST1463,26.0,Male,Odisha,East,Furniture,Sofa,4,999,15,3396.6,975.7,Net Banking
ORD00337,2024-10-24,CUST1703,40.0,Male,Odisha,East,Office Supplies,Printer Paper,4,499,5,1896.2,319.43,UPI
ORD00338,2025-12-28,CUST1427,61.0,Female,West Bengal,East,Furniture,Sofa,8,7999,20,51193.6,14330.92,Net Banking
ORD00339,2024-06-13,CUST1293,61.0,Female,Delhi,North,Electronics,Phone,3,199,0,597.0,11.92,UPI
ORD00340,2025-11-22,CUST1757,53.0,Male,Punjab,North,Electronics,Headphones,1,999,15,849.15,-12.0,Net Banking
ORD00341,2025-12-02,CUST1320,53.0,Male,Tamil Nadu,South,Office Supplies,Printer Paper,1,2499,15,2124.15,203.49,Card
ORD00342,2025-07-13,CUST1756,56.0,Male,West Bengal,East,Office Supplies,Pen,4,14999,10,53996.4,11570.76,UPI
ORD00343,2024-05-02,CUST1386,20.0,Female,Odisha,East,Electronics,Headphones,2,499,5,948.1,196.52,Cash
ORD00344,2024-06-07,CUST1040,27.0,Female,West Bengal,East,Electronics,Headphones,5,199,10,895.5,101.38,Card
ORD00345,2024-07-07,CUST1533,22.0,Male,Odisha,East,Office Supplies,Printer Paper,6,199,10,1074.6,143.88,Net Banking
ORD00346,2024-10-27,CUST1223,57.0,Female,Maharashtra,West,Furniture,Chair,4,14999,10,53996.4,3556.92,Card
ORD00347,2024-04-26,CUST1395,34.0,Female,Punjab,North,Furniture,Chair,4,199,10,716.4,59.81,Card
ORD00348,2024-03-25,CUST1970,24.0,Male,Odisha,East,Furniture,Chair,5,14999,5,71245.25,4425.0,Card
ORD00349,2024-07-29,CUST1550,62.0,Female,Delhi,North,Office Supplies,Printer Paper,4,14999,15,50996.6,12365.8,Card
ORD00350,2024-07-01,CUST1813,34.0,Male,Karnataka,South,Furniture,Sofa,6,199,0,1194.0,-29.09,UPI
ORD00351,2025-11-20,CUST1121,52.0,Male,Odisha,East,Furniture,Desk,7,2499,10,15743.7,-694.11,Card
ORD00352,2024-10-15,CUST1783,46.0,Female,Delhi,North,Furniture,Sofa,2,999,10,1798.2,291.84,Net Banking
ORD00353,2025-07-12,CUST1302,58.0,Male,Punjab,North,Electronics,Headphones,4,499,15,1696.6,388.3,Cash
ORD00354,2025-09-02,CUST1403,52.0,Male,West Bengal,East,Office Supplies,Printer Paper,3,199,0,597.0,-28.8,Cash
ORD00355,2024-09-15,CUST1198,25.0,Male,Tamil Nadu,South,Electronics,Phone,3,499,5,1422.15,38.79,Card
ORD00356,2025-08-17,CUST1498,39.0,Female,Maharashtra,West,Furniture,Sofa,2,999,0,1998.0,38.15,UPI
ORD00357,2024-12-02,CUST1631,60.0,Female,Karnataka,South,Furniture,Sofa,2,499,10,898.2,107.83,UPI
ORD00358,2025-12-30,CUST1757,59.0,Female,Odisha,East,Furniture,Chair,1,999,5,949.05,213.52,Cash
ORD00359,2024-11-08,CUST1498,53.0,Male,West Bengal,East,Office Supplies,Printer Paper,6,2499,15,12744.9,1349.37,UPI
ORD00360,2024-01-20,CUST1869,50.0,Male,Punjab,North,Electronics,Headphones,4,999,0,3996.0,817.58,Net Banking
ORD00361,2024-08-16,CUST1912,55.0,Female,Karnataka,South,Office Supplies,Pen,8,14999,5,113992.4,8895.57,UPI
ORD00362,2025-09-20,CUST1700,28.0,Male,Maharashtra,West,Furniture,Desk,1,14999,5,14249.05,3516.57,Net Banking
ORD00363,2024-02-11,CUST1224,49.0,Male,Karnataka,South,Office Supplies,Printer Paper,3,14999,15,38247.45,10660.0,Card
ORD00364,2025-04-10,CUST1902,20.0,Male,Odisha,East,Electronics,Laptop,4,7999,10,28796.4,2471.67,Cash
ORD00365,2025-10-31,CUST1919,22.0,Female,Punjab,North,Office Supplies,Pen,3,2499,15,6372.45,496.12,Net Banking
ORD00366,2024-05-22,CUST1450,28.0,Male,Tamil Nadu,South,Furniture,Desk,8,2499,20,15993.6,-762.75,Card
ORD00367,2024-05-01,CUST1676,32.0,Female,West Bengal,East,Electronics,Laptop,3,999,20,2397.6,482.05,Cash
ORD00368,2025-02-24,CUST1022,33.0,Male,Punjab,North,Office Supplies,Pen,8,499,20,3193.6,20.55,UPI
ORD00369,2024-09-21,CUST1944,29.0,Female,Karnataka,South,Office Supplies,Printer Paper,1,7999,5,7599.05,-231.25,Card
ORD00370,2025-02-24,CUST1615,27.0,Male,West Bengal,East,Electronics,Phone,8,2499,5,18992.4,508.57,Cash
ORD00371,2024-04-21,CUST1016,30.0,Female,Tamil Nadu,South,Furniture,Sofa,2,499,15,848.3,72.03,UPI
ORD00372,2024-04-05,CUST1493,60.0,Male,Delhi,North,Furniture,Sofa,1,7999,20,6399.2,1365.17,Card
ORD00373,2025-01-25,CUST1358,55.0,Male,Gujarat,West,Furniture,Chair,7,499,15,2969.05,672.03,Net Banking
ORD00374,2025-02-22,CUST1263,30.0,Male,Tamil Nadu,South,Furniture,Chair,2,999,20,1598.4,410.58,Card
ORD00375,2024-04-19,CUST1158,45.0,Female,Delhi,North,Furniture,Sofa,4,14999,10,53996.4,5026.84,Cash
ORD00376,2025-07-24,CUST1494,29.0,Female,Gujarat,West,Office Supplies,Pen,7,499,15,2969.05,425.28,Net Banking
ORD00377,2025-11-06,CUST1121,65.0,Male,Odisha,East,Office Supplies,Pen,7,14999,5,99743.35,24860.99,Net Banking
ORD00378,2025-12-01,CUST1723,21.0,Male,Karnataka,South,Electronics,Headphones,7,999,20,5594.4,922.57,Net Banking
ORD00379,2025-01-14,CUST1081,56.0,Male,Delhi,North,Electronics,Phone,7,199,0,1393.0,58.62,Net Banking
ORD00380,2024-07-25,CUST1870,60.0,Female,Gujarat,West,Office Supplies,Printer Paper,1,499,15,424.15,43.96,UPI
ORD00381,2024-06-10,CUST1088,35.0,Female,Delhi,North,Office Supplies,Notebook,1,999,5,949.05,170.12,Cash
ORD00382,2025-07-16,CUST1291,64.0,Female,Gujarat,West,Office Supplies,Notebook,1,14999,0,14999.0,4075.41,Cash
ORD00383,2024-06-28,CUST1416,50.0,Male,West Bengal,East,Office Supplies,Notebook,8,2499,20,15993.6,-773.64,Card
ORD00384,2025-03-29,CUST1989,42.0,Female,Odisha,East,Electronics,Headphones,5,7999,20,31996.0,1201.43,UPI
ORD00385,2025-01-26,CUST1648,32.0,Male,Odisha,East,Office Supplies,Pen,1,2499,0,2499.0,100.55,Cash
ORD00386,2024-04-05,CUST1408,61.0,Female,Gujarat,West,Office Supplies,Printer Paper,1,14999,10,13499.1,497.98,Card
ORD00387,2025-11-30,CUST1952,30.0,Female,Tamil Nadu,South,Furniture,Desk,4,7999,10,28796.4,402.42,UPI
ORD00388,2024-12-30,CUST1159,24.0,Male,Karnataka,South,Furniture,Chair,4,499,5,1896.2,460.24,Card
ORD00389,2025-08-11,CUST1889,35.0,Female,Maharashtra,West,Office Supplies,Notebook,8,999,20,6393.6,386.15,UPI
ORD00390,2025-05-04,CUST1962,52.0,Male,Odisha,East,Electronics,Headphones,3,199,20,477.6,109.73,Cash
ORD00391,2024-08-03,CUST1388,55.0,Male,Maharashtra,West,Furniture,Chair,8,999,0,7992.0,-366.54,Cash
ORD00392,2025-09-19,CUST1351,41.0,Male,Odisha,East,Electronics,Headphones,5,499,10,2245.5,258.17,Net Banking
ORD00393,2024-07-03,CUST1585,26.0,Male,Maharashtra,West,Furniture,Sofa,6,999,15,5094.9,243.89,Card
ORD00394,2024-06-02,CUST1484,18.0,Male,West Bengal,East,Office Supplies,Pen,7,499,5,3318.35,763.26,Net Banking
ORD00395,2025-08-04,CUST1048,43.0,Male,Maharashtra,West,Office Supplies,Printer Paper,6,2499,10,13494.6,510.65,UPI
ORD00396,2025-01-03,CUST1573,53.0,Female,Delhi,North,Furniture,Desk,2,2499,10,4498.2,184.06,Cash
ORD00397,2025-07-05,CUST1178,36.0,Female,Punjab,North,Electronics,Phone,4,7999,20,25596.8,4542.23,Cash
ORD00398,2025-10-17,CUST1827,39.0,Female,Gujarat,West,Electronics,Phone,5,2499,5,11870.25,3013.74,Net Banking
ORD00399,2025-12-28,CUST1273,56.0,Female,Delhi,North,Electronics,Phone,4,999,10,3596.4,642.15,Cash
ORD00400,2024-01-24,CUST1128,64.0,Male,Gujarat,West,Office Supplies,Printer Paper,8,2499,5,18992.4,272.73,Cash
ORD00401,2025-04-29,CUST1561,21.0,Male,Delhi,North,Electronics,Phone,2,199,0,398.0,110.6,Net Banking
ORD00402,2024-09-10,CUST1755,36.0,Female,Delhi,North,Furniture,Sofa,3,199,15,507.45,29.57,UPI
ORD00403,2025-07-07,CUST1957,35.0,Female,Karnataka,South,Electronics,Laptop,6,999,15,5094.9,578.36,UPI
ORD00404,2024-12-21,CUST1493,52.0,Male,Tamil Nadu,South,Office Supplies,Printer Paper,7,7999,20,44794.4,2615.16,Card
ORD00405,2025-06-19,CUST1834,26.0,Female,Gujarat,West,Furniture,Desk,5,499,10,2245.5,-103.98,Cash
ORD00406,2024-10-26,CUST1611,32.0,Male,Maharashtra,West,Office Supplies,Pen,8,999,0,7992.0,1742.69,Cash
ORD00407,2025-10-23,CUST1399,42.0,Male,Tamil Nadu,South,Office Supplies,Pen,7,499,5,3318.35,664.43,Cash
ORD00408,2025-02-26,CUST1192,22.0,Male,Punjab,North,Office Supplies,Notebook,5,999,20,3996.0,931.4,UPI
ORD00409,2024-11-24,CUST1019,27.0,Male,West Bengal,East,Office Supplies,Pen,8,999,20,6393.6,781.29,Card
ORD00410,2024-08-26,CUST1092,27.0,Male,Karnataka,South,Furniture,Desk,3,14999,15,38247.45,7821.12,Net Banking
ORD00411,2024-02-02,CUST1338,23.0,Male,Tamil Nadu,South,Furniture,Desk,8,999,15,6793.2,1317.39,Card
ORD00412,2024-09-13,CUST1836,42.0,Male,Odisha,East,Electronics,Headphones,8,499,5,3792.4,999.28,Card
ORD00413,2024-04-06,CUST1533,60.0,Male,Tamil Nadu,South,Furniture,Chair,1,499,15,424.15,87.95,Net Banking
ORD00414,2024-09-16,CUST1492,58.0,Female,Gujarat,West,Furniture,Chair,1,14999,20,11999.2,1587.78,UPI
ORD00415,2024-06-20,CUST1813,35.0,Male,West Bengal,East,Office Supplies,Notebook,2,499,15,848.3,53.93,Net Banking
ORD00416,2024-04-01,CUST1254,28.0,Female,Karnataka,South,Electronics,Headphones,8,14999,20,95993.6,407.7,Card
ORD00417,2024-05-08,CUST1499,32.0,Female,West Bengal,East,Electronics,Phone,3,14999,20,35997.6,8171.93,Cash
ORD00418,2024-02-10,CUST1496,63.0,Female,Maharashtra,West,Electronics,Headphones,7,999,5,6643.35,250.74,Cash
ORD00419,2025-09-05,CUST1936,53.0,Male,Maharashtra,West,Office Supplies,Notebook,6,999,15,5094.9,236.22,Card
ORD00420,2025-06-02,CUST1388,64.0,Male,Tamil Nadu,South,Furniture,Desk,6,2499,0,14994.0,3322.24,Card
ORD00421,2024-07-13,CUST1536,61.0,Female,West Bengal,East,Furniture,Sofa,2,14999,20,23998.4,5679.64,UPI
ORD00422,2024-03-09,CUST1044,26.0,Male,Odisha,East,Furniture,Sofa,6,199,0,1194.0,158.95,Card
ORD00423,2025-02-01,CUST1673,49.0,Female,Karnataka,South,Furniture,Chair,2,199,20,318.4,55.6,Card
ORD00424,2024-03-22,CUST1479,58.0,Male,West Bengal,East,Office Supplies,Printer Paper,2,199,5,378.1,67.87,Cash
ORD00425,2024-11-07,CUST1079,31.0,Male,Gujarat,West,Office Supplies,Notebook,5,7999,0,39995.0,8279.17,Card
ORD00426,2025-07-25,CUST1425,65.0,Male,Tamil Nadu,South,Electronics,Laptop,4,7999,5,30396.2,4421.07,Cash
ORD00427,2025-11-04,CUST1161,52.0,Female,Gujarat,West,Electronics,Laptop,3,7999,15,20397.45,2583.18,Cash
ORD00428,2025-07-30,CUST1558,31.0,Female,Odisha,East,Furniture,Desk,7,14999,10,94493.7,15397.25,Cash
ORD00429,2025-09-02,CUST1016,51.0,Male,Odisha,East,Furniture,Desk,1,14999,0,14999.0,4410.23,Cash
ORD00430,2025-06-07,CUST1569,54.0,Male,Punjab,North,Electronics,Laptop,6,199,10,1074.6,291.96,Card
ORD00431,2024-09-12,CUST1238,34.0,Female,Punjab,North,Furniture,Chair,3,999,10,2697.3,704.99,Card
ORD00432,2025-12-07,CUST1719,54.0,Male,Maharashtra,West,Office Supplies,Notebook,6,2499,5,14244.3,1722.09,Cash
ORD00433,2024-05-03,CUST1890,32.0,Male,Punjab,North,Electronics,Laptop,6,999,15,5094.9,488.0,Net Banking
ORD00434,2025-05-29,CUST1714,32.0,Male,Punjab,North,Office Supplies,Notebook,6,7999,20,38395.2,90.34,Card
ORD00435,2025-02-07,CUST1151,26.0,Female,Gujarat,West,Office Supplies,Printer Paper,2,499,15,848.3,43.62,Card
ORD00436,2025-12-15,CUST1133,26.0,Female,Maharashtra,West,Office Supplies,Pen,5,199,15,845.75,106.26,UPI
ORD00437,2025-06-20,CUST1252,33.0,Male,Gujarat,West,Office Supplies,Printer Paper,4,7999,20,25596.8,7652.87,Cash
ORD00438,2024-12-22,CUST1195,38.0,Female,Gujarat,West,Office Supplies,Printer Paper,2,199,15,338.3,33.23,Card
ORD00439,2024-08-27,CUST1204,61.0,Female,West Bengal,East,Furniture,Sofa,8,7999,5,60792.4,6332.27,UPI
ORD00440,2024-10-21,CUST1014,39.0,Male,Delhi,North,Office Supplies,Notebook,4,7999,5,30396.2,7722.56,Cash
ORD00441,2025-07-13,CUST1535,34.0,Female,Gujarat,West,Electronics,Phone,4,14999,20,47996.8,1159.43,UPI
ORD00442,2024-07-24,CUST1808,62.0,Female,Punjab,North,Office Supplies,Printer Paper,1,999,5,949.05,-27.49,Card
ORD00443,2024-01-20,CUST1299,59.0,Female,Maharashtra,West,Electronics,Phone,5,14999,10,67495.5,17042.53,UPI
ORD00444,2025-04-13,CUST1574,63.0,Male,Maharashtra,West,Furniture,Desk,2,499,5,948.1,118.73,Card
ORD00445,2025-12-01,CUST1360,40.0,Female,Tamil Nadu,South,Furniture,Desk,7,14999,5,99743.35,-4345.79,UPI
ORD00446,2024-08-18,CUST1155,39.0,Female,West Bengal,East,Office Supplies,Pen,7,199,20,1114.4,314.47,UPI
ORD00447,2025-03-12,CUST1993,37.0,Female,Punjab,North,Office Supplies,Printer Paper,4,2499,5,9496.2,1429.32,Net Banking
ORD00448,2025-06-20,CUST1931,26.0,Female,Karnataka,South,Office Supplies,Notebook,4,499,10,1796.4,343.09,UPI
ORD00449,2024-05-29,CUST1744,19.0,Female,Tamil Nadu,South,Electronics,Headphones,2,499,10,898.2,219.01,Net Banking
ORD00450,2024-07-08,CUST1026,57.0,Female,Gujarat,West,Furniture,Sofa,5,499,5,2370.25,-29.94,UPI
ORD00451,2025-09-11,CUST1480,63.0,Female,Karnataka,South,Office Supplies,Notebook,6,199,15,1014.9,-3.12,UPI
ORD00452,2024-01-16,CUST1947,35.0,Female,Gujarat,West,Furniture,Chair,3,499,5,1422.15,-55.07,UPI
ORD00453,2025-04-13,CUST1908,33.0,Female,Karnataka,South,Electronics,Laptop,8,7999,15,54393.2,10375.61,Net Banking
ORD00454,2025-06-21,CUST1656,63.0,Male,Punjab,North,Office Supplies,Pen,7,7999,20,44794.4,7069.99,Card
ORD00455,2025-06-12,CUST1783,58.0,Male,Gujarat,West,Electronics,Laptop,7,14999,0,104993.0,15244.49,UPI
ORD00456,2025-09-19,CUST1941,21.0,Male,Odisha,East,Furniture,Desk,5,2499,5,11870.25,1161.64,Net Banking
ORD00457,2025-12-13,CUST1559,26.0,Female,Maharashtra,West,Office Supplies,Printer Paper,2,499,20,798.4,222.15,Net Banking
ORD00458,2024-04-02,CUST1256,38.0,Male,Odisha,East,Electronics,Laptop,8,7999,5,60792.4,15738.66,Card
ORD00459,2025-06-07,CUST1626,28.0,Female,Delhi,North,Office Supplies,Pen,6,199,20,955.2,188.7,Net Banking
ORD00460,2025-12-30,CUST1052,44.0,Female,Delhi,North,Furniture,Sofa,3,499,5,1422.15,17.92,Cash
ORD00461,2024-09-16,CUST1012,47.0,Female,Gujarat,West,Office Supplies,Notebook,2,499,5,948.1,-46.23,Net Banking
ORD00462,2025-09-07,CUST1614,18.0,Male,Punjab,North,Electronics,Laptop,8,2499,15,16993.2,1778.45,Cash
ORD00463,2024-02-03,CUST1683,54.0,Female,Karnataka,South,Electronics,Laptop,1,14999,10,13499.1,-501.46,Cash
ORD00464,2025-12-09,CUST1716,56.0,Male,Delhi,North,Electronics,Phone,3,499,10,1347.3,220.8,Net Banking
ORD00465,2025-03-13,CUST1863,53.0,Male,West Bengal,East,Electronics,Phone,6,999,15,5094.9,1207.96,Cash
ORD00466,2024-08-02,CUST1712,31.0,Male,Maharashtra,West,Electronics,Headphones,5,999,20,3996.0,378.88,Card
ORD00467,2024-09-22,CUST1538,54.0,Female,Punjab,North,Office Supplies,Printer Paper,5,2499,20,9996.0,2466.31,UPI
ORD00468,2024-01-02,CUST1121,19.0,Female,Gujarat,West,Furniture,Chair,4,14999,10,53996.4,15806.92,Card
ORD00469,2024-08-05,CUST1011,58.0,Male,Tamil Nadu,South,Furniture,Chair,6,999,20,4795.2,1113.04,Cash
ORD00470,2024-12-15,CUST1405,64.0,Male,West Bengal,East,Furniture,Desk,6,199,0,1194.0,226.91,UPI
ORD00471,2025-05-08,CUST1159,58.0,Female,Tamil Nadu,South,Furniture,Sofa,8,2499,0,19992.0,3518.16,Cash
ORD00472,2024-01-20,CUST1213,54.0,Female,Gujarat,West,Office Supplies,Notebook,5,7999,10,35995.5,5194.58,Cash
ORD00473,2025-08-07,CUST1620,42.0,Male,Delhi,North,Furniture,Chair,6,2499,20,11995.2,2936.93,Card
ORD00474,2024-08-31,CUST1380,46.0,Female,Odisha,East,Office Supplies,Notebook,5,2499,0,12495.0,1548.99,UPI
ORD00475,2024-01-26,CUST1818,48.0,Male,West Bengal,East,Electronics,Phone,1,499,0,499.0,52.56,UPI
ORD00476,2024-04-10,CUST1841,51.0,Male,Odisha,East,electronics,Printer Paper,5,999,5,4745.25,1040.72,UPI
ORD00477,2025-12-04,CUST1868,56.0,Male,Punjab,North,Furniture,Sofa,2,199,10,358.2,98.98,Cash
ORD00478,2025-10-16,CUST1913,31.0,Female,Maharashtra,West,Electronics,Headphones,5,199,20,796.0,171.52,UPI
ORD00479,2024-06-10,CUST1280,25.0,Male,Tamil Nadu,South,Furniture,Sofa,6,2499,0,14994.0,681.16,Card
ORD00480,2024-06-24,CUST1072,37.0,Female,Tamil Nadu,South,Office Supplies,Pen,5,499,10,2245.5,338.91,Net Banking
ORD00481,2025-03-12,CUST1401,29.0,Female,Delhi,North,Electronics,Phone,1,199,15,169.15,-5.27,Cash
ORD00482,2025-12-16,CUST1479,24.0,Female,Odisha,East,Electronics,Headphones,2,2499,20,3998.4,-15.48,Cash
ORD00483,2025-02-05,CUST1187,62.0,Female,Gujarat,West,Electronics,Laptop,3,7999,10,21597.3,5820.51,Cash
ORD00484,2024-06-23,CUST1289,40.0,Male,Gujarat,West,Electronics,Laptop,8,199,10,1432.8,168.39,Card
ORD00485,2025-08-27,CUST1423,33.0,Male,Maharashtra,West,Furniture,Sofa,2,999,20,1598.4,177.97,UPI
ORD00486,2025-03-21,CUST1580,39.0,Male,Gujarat,West,Electronics,Phone,4,14999,20,47996.8,4842.97,UPI
ORD00487,2025-03-31,CUST1180,37.0,Female,Punjab,North,Electronics,Headphones,8,999,20,6393.6,-101.15,Card
ORD00488,2025-08-17,CUST1924,58.0,Male,Punjab,North,Furniture,Desk,1,199,5,189.05,44.61,UPI
ORD00489,2024-07-29,CUST1697,38.0,Female,Tamil Nadu,South,Office Supplies,Pen,7,7999,20,44794.4,4770.87,Cash
ORD00490,2024-05-10,CUST1872,36.0,Male,Gujarat,West,Electronics,Headphones,1,7999,20,6399.2,585.33,Cash
ORD00491,2024-08-28,CUST1442,62.0,Female,Delhi,North,Office Supplies,Printer Paper,6,199,10,1074.6,271.86,Cash
ORD00492,2024-07-11,CUST1568,42.0,Female,Gujarat,West,Furniture,Desk,4,14999,5,56996.2,6623.24,Net Banking
ORD00493,2024-05-27,CUST1738,49.0,Female,Tamil Nadu,South,Office Supplies,Notebook,3,199,0,597.0,105.63,UPI
ORD00494,2025-09-30,CUST1184,47.0,Female,Delhi,North,Office Supplies,Pen,8,14999,20,95993.6,26456.69,Net Banking
ORD00495,2024-08-30,CUST1729,50.0,Female,Gujarat,West,Electronics,Laptop,7,7999,0,55993.0,8526.53,Net Banking
ORD00496,2025-05-08,CUST1984,62.0,Male,West Bengal,East,Electronics,Headphones,8,14999,10,107992.8,-1122.31,UPI
ORD00497,2025-11-10,CUST1983,60.0,Male,Odisha,East,Office Supplies,Notebook,2,499,15,848.3,144.83,Cash
ORD00498,2025-08-10,CUST1751,39.0,Female,Punjab,North,Office Supplies,Notebook,8,2499,20,15993.6,4272.2,Cash
ORD00499,2025-10-06,CUST1484,55.0,Male,Odisha,East,Electronics,Laptop,5,14999,20,59996.0,2469.14,Card
ORD00500,2024-10-11,CUST1258,26.0,Female,West Bengal,East,Furniture,Desk,2,499,20,798.4,-18.44,Cash
ORD00501,2025-01-13,CUST1827,29.0,Female,West Bengal,East,Office Supplies,Notebook,3,7999,5,22797.15,4119.55,UPI
ORD00502,2024-06-06,CUST1857,49.0,Female,Maharashtra,West,Office Supplies,Notebook,6,199,5,1134.3,179.72,Net Banking
ORD00503,2024-12-19,CUST1055,59.0,Female,Tamil Nadu,South,Office Supplies,Printer Paper,3,499,20,1197.6,247.93,Card
ORD00504,2025-06-29,CUST1239,42.0,Female,Delhi,North,Furniture,Desk,8,999,15,6793.2,1434.4,Net Banking
ORD00505,2024-11-19,CUST1984,51.0,Male,West Bengal,East,Office Supplies,Pen,1,999,15,849.15,71.08,Card
ORD00506,2024-04-10,CUST1261,59.0,Female,Odisha,East,Office Supplies,Printer Paper,5,999,10,4495.5,195.47,Net Banking
ORD00507,2024-01-09,CUST1851,22.0,Male,Karnataka,South,Office Supplies,Pen,3,999,20,2397.6,-111.0,Net Banking
ORD00508,2024-02-04,CUST1024,57.0,Male,Delhi,North,Office Supplies,Pen,6,499,10,2694.6,102.84,Card
ORD00509,2025-10-25,CUST1579,29.0,Male,Karnataka,South,Office Supplies,Notebook,2,7999,5,15198.1,1239.94,UPI
ORD00510,2024-10-10,CUST1787,45.0,Female,Odisha,East,Furniture,Sofa,2,14999,15,25498.3,6959.59,Cash
ORD00511,2024-09-21,CUST1978,34.0,Male,Karnataka,South,Furniture,Chair,7,2499,10,15743.7,4700.84,Net Banking
ORD00512,2025-07-07,CUST1787,45.0,Male,Punjab,North,Electronics,Headphones,7,499,15,2969.05,-35.78,Card
ORD00513,2025-04-01,CUST1019,49.0,Male,Gujarat,West,Electronics,Laptop,2,199,20,318.4,65.16,Card
ORD00514,2025-12-25,CUST1962,49.0,Female,Punjab,North,Furniture,Chair,6,2499,20,11995.2,-584.21,Net Banking
ORD00515,2025-07-02,CUST1957,40.0,Female,Maharashtra,West,Office Supplies,Notebook,1,2499,15,2124.15,-16.1,Cash
ORD00516,2024-12-14,CUST1082,47.0,Female,Maharashtra,West,Office Supplies,Printer Paper,2,999,20,1598.4,397.47,UPI
ORD00517,2025-10-07,CUST1705,40.0,Female,Karnataka,South,Furniture,Sofa,4,999,15,3396.6,895.89,Card
ORD00518,2025-02-02,CUST1064,52.0,Female,Maharashtra,West,Electronics,Laptop,4,199,20,636.8,21.31,Net Banking
ORD00519,2024-08-04,CUST1826,59.0,Female,Maharashtra,West,Electronics,Phone,1,999,0,999.0,91.84,UPI
ORD00520,2025-09-25,CUST1046,33.0,Male,Karnataka,South,Electronics,Headphones,3,2499,0,7497.0,861.61,Card
ORD00521,2024-03-06,CUST1837,24.0,Male,Karnataka,South,Furniture,Chair,8,7999,5,60792.4,14734.45,Net Banking
ORD00522,2025-12-01,CUST1589,52.0,Male,Karnataka,South,Electronics,Phone,6,14999,15,76494.9,4856.07,Cash
ORD00523,2025-03-01,CUST1172,62.0,Female,Karnataka,South,Office Supplies,Notebook,6,199,0,1194.0,54.76,UPI
ORD00524,2024-06-10,CUST1016,49.0,Male,Maharashtra,West,Office Supplies,Notebook,3,199,20,477.6,38.99,Card
ORD00525,2024-07-30,CUST1146,58.0,Female,Delhi,North,Electronics,Headphones,5,2499,15,10620.75,2042.64,Net Banking
ORD00526,2025-09-18,CUST1973,23.0,Female,Maharashtra,West,Electronics,Headphones,1,7999,5,7599.05,1527.56,Cash
ORD00527,2025-09-25,CUST1370,52.0,Male,Maharashtra,West,Office Supplies,Notebook,4,199,20,636.8,185.87,Net Banking
ORD00528,2024-06-12,CUST1686,20.0,Male,Tamil Nadu,South,Electronics,Laptop,2,499,15,848.3,105.3,Cash
ORD00529,2024-02-23,CUST1947,52.0,Male,West Bengal,East,Furniture,Desk,6,7999,15,40794.9,-1421.25,UPI
ORD00530,2024-11-29,CUST1429,30.0,Female,Punjab,North,Office Supplies,Notebook,2,499,15,848.3,133.56,UPI
ORD00531,2025-01-19,CUST1912,32.0,Male,Punjab,North,Electronics,Laptop,4,14999,15,50996.6,12976.61,Net Banking
ORD00532,2025-01-17,CUST1139,47.0,Male,Maharashtra,West,Furniture,Chair,4,7999,15,27196.6,335.1,Cash
ORD00533,2024-05-19,CUST1113,47.0,Female,West Bengal,East,Furniture,Chair,1,14999,20,11999.2,-349.44,Net Banking
ORD00534,2025-08-14,CUST1993,53.0,Male,Tamil Nadu,South,Electronics,Phone,3,14999,20,35997.6,9609.64,Card
ORD00535,2025-03-14,CUST1753,33.0,Male,Gujarat,West,Electronics,Headphones,8,2499,10,17992.8,-808.3,Cash
ORD00536,2025-04-26,CUST1751,50.0,Male,Maharashtra,West,Office Supplies,Notebook,1,2499,0,2499.0,-89.91,Net Banking
ORD00537,2024-01-13,CUST1709,64.0,Female,Gujarat,West,Office Supplies,Notebook,8,2499,5,18992.4,-397.28,UPI
ORD00538,2024-06-14,CUST1720,47.0,Male,Tamil Nadu,South,Furniture,Chair,2,199,15,338.3,62.3,Net Banking
ORD00539,2024-01-02,CUST1881,58.0,Male,Maharashtra,West,Office Supplies,Pen,3,999,15,2547.45,500.23,Net Banking
ORD00540,2024-07-31,CUST1806,61.0,Male,West Bengal,East,Furniture,Desk,5,14999,20,59996.0,8390.58,Cash
ORD00541,2025-01-09,CUST1375,29.0,Male,Punjab,North,Electronics,Laptop,7,999,15,5944.05,990.85,UPI
ORD00542,2025-08-17,CUST1892,62.0,Male,Tamil Nadu,South,Electronics,Headphones,2,14999,15,25498.3,5305.76,UPI
ORD00543,2024-12-19,CUST1463,49.0,Male,Odisha,East,Furniture,Sofa,7,999,0,6993.0,-194.55,Net Banking
ORD00544,2025-02-04,CUST1919,29.0,Female,Odisha,East,electronics,Pen,2,499,15,848.3,-16.49,Card
ORD00545,2025-06-17,CUST1974,58.0,Male,Delhi,North,Furniture,Chair,3,2499,5,7122.15,1825.03,Cash
ORD00546,2024-03-05,CUST1022,32.0,Female,Maharashtra,West,Furniture,Desk,7,2499,0,17493.0,910.18,Net Banking
ORD00547,2024-11-09,CUST1175,34.0,Male,Odisha,East,Furniture,Sofa,8,2499,10,,2672.62,Net Banking
ORD00548,2025-09-25,CUST1946,28.0,Female,Odisha,East,Electronics,Laptop,6,999,15,5094.9,1450.39,UPI
ORD00549,2025-03-27,CUST1266,41.0,Male,Karnataka,South,Electronics,Laptop,2,199,10,358.2,54.12,UPI
ORD00550,2025-06-30,CUST1308,25.0,Male,Punjab,North,Furniture,Chair,6,2499,20,11995.2,3495.56,Net Banking
ORD00551,2024-12-05,CUST1662,63.0,Female,Maharashtra,West,Furniture,Desk,3,199,20,477.6,139.2,Net Banking
ORD00552,2024-02-11,CUST1142,61.0,Male,West Bengal,East,Office Supplies,Printer Paper,8,999,0,7992.0,1646.94,Cash
ORD00553,2025-09-14,CUST1656,30.0,Male,Punjab,North,Office Supplies,Notebook,8,999,0,7992.0,513.31,Cash
ORD00554,2025-02-07,CUST1199,49.0,Female,Karnataka,South,Electronics,Headphones,8,14999,0,119992.0,34982.93,Card
ORD00555,2024-10-18,CUST1353,40.0,Female,Odisha,East,Electronics,Headphones,7,999,15,5944.05,478.44,Net Banking
ORD00556,2025-03-10,CUST1746,44.0,Male,Delhi,North,Office Supplies,Pen,7,2499,10,15743.7,115.35,Card
ORD00557,2024-03-31,CUST1006,44.0,Female,Karnataka,South,Furniture,Desk,6,199,20,955.2,205.02,Net Banking
ORD00558,2024-10-23,CUST1567,49.0,Male,Tamil Nadu,South,electronics,Printer Paper,3,499,5,1422.15,343.16,Cash
ORD00559,2024-06-06,CUST1268,37.0,Female,Odisha,East,Office Supplies,Printer Paper,8,499,0,3992.0,905.89,Card
ORD00560,2025-05-19,CUST1993,22.0,Female,Odisha,East,Electronics,Phone,4,199,0,796.0,173.25,Net Banking
ORD00561,2025-08-12,CUST1017,34.0,Male,Gujarat,West,Office Supplies,Printer Paper,8,14999,0,119992.0,9673.85,Card
ORD00562,2025-01-04,CUST1429,58.0,Female,Tamil Nadu,South,Furniture,Sofa,3,999,5,2847.15,-89.65,Card
ORD00563,2024-07-06,CUST1783,24.0,Male,Odisha,East,Office Supplies,Printer Paper,2,7999,5,15198.1,3317.06,Cash
ORD00564,2024-05-27,CUST1013,26.0,Female,Odisha,East,Furniture,Sofa,6,199,20,955.2,146.16,Cash
ORD00565,2024-07-11,CUST1814,53.0,Male,Gujarat,West,Furniture,Chair,2,499,5,948.1,119.64,Net Banking
ORD00566,2025-01-06,CUST1142,46.0,Female,Maharashtra,West,Electronics,Laptop,1,2499,10,2249.1,132.81,UPI
ORD00567,2024-11-10,CUST1128,31.0,Male,West Bengal,East,Office Supplies,Notebook,4,499,5,1896.2,361.83,Card
ORD00568,2024-02-03,CUST1812,60.0,Male,Maharashtra,West,Electronics,Laptop,8,2499,0,19992.0,374.31,Net Banking
ORD00569,2024-05-06,CUST1942,56.0,Male,Punjab,North,Electronics,Laptop,5,14999,0,74995.0,16055.87,UPI
ORD00570,2024-12-22,CUST1360,28.0,Male,Tamil Nadu,South,Electronics,Laptop,3,14999,10,40497.3,11423.36,Card
ORD00571,2025-07-04,CUST1004,64.0,Male,Delhi,North,Office Supplies,Notebook,4,999,5,3796.2,1008.2,UPI
ORD00572,2024-12-29,CUST1388,45.0,Male,Gujarat,West,Office Supplies,Printer Paper,3,2499,0,7497.0,99.69,UPI
ORD00573,2025-01-04,CUST1721,36.0,Male,Maharashtra,West,Furniture,Chair,8,199,20,1273.6,-3.1,Card
ORD00574,2025-12-04,CUST1999,46.0,Male,Odisha,East,Electronics,Phone,5,2499,20,9996.0,2075.78,Net Banking
ORD00575,2025-11-21,CUST1503,61.0,Male,Odisha,East,Electronics,Laptop,8,14999,10,107992.8,1377.35,Net Banking
ORD00576,2024-06-21,CUST1066,41.0,Male,Maharashtra,West,Electronics,Laptop,7,2499,20,13994.4,4088.46,Cash
ORD00577,2025-12-31,CUST1784,55.0,Female,Tamil Nadu,South,Electronics,Laptop,7,14999,15,,4237.43,Net Banking
ORD00578,2025-04-10,CUST1110,25.0,Female,Odisha,East,Office Supplies,Printer Paper,7,2499,20,13994.4,666.3,Net Banking
ORD00579,2025-05-25,CUST1694,19.0,Male,Maharashtra,West,Office Supplies,Notebook,1,199,0,199.0,47.88,Net Banking
ORD00580,2025-04-22,CUST1206,36.0,Female,West Bengal,East,Furniture,Sofa,2,199,20,318.4,69.62,Net Banking
ORD00581,2024-05-01,CUST1392,46.0,Female,Odisha,East,Office Supplies,Printer Paper,1,199,15,169.15,43.65,Net Banking
ORD00582,2024-06-17,CUST1503,45.0,Male,Gujarat,West,Electronics,Laptop,3,7999,10,21597.3,5607.63,Cash
ORD00583,2025-08-08,CUST1481,48.0,Male,Gujarat,West,Electronics,Headphones,8,14999,20,95993.6,18227.36,Card
ORD00584,2024-10-18,CUST1328,21.0,Male,Gujarat,West,Furniture,Sofa,7,7999,10,50393.7,10999.17,Card
ORD00585,2025-03-14,CUST1353,40.0,Female,Tamil Nadu,South,Furniture,Sofa,1,14999,10,13499.1,1123.13,Cash
ORD00586,2024-03-08,CUST1889,,Male,Delhi,North,Electronics,Laptop,5,7999,0,39995.0,10744.1,Cash
ORD00587,2025-03-07,CUST1273,19.0,Female,Karnataka,South,Office Supplies,Pen,1,2499,15,2124.15,316.11,Card
ORD00588,2024-04-12,CUST1707,61.0,Male,Odisha,East,Office Supplies,Pen,6,7999,0,47994.0,11178.49,Cash
ORD00589,2025-10-12,CUST1867,22.0,Male,Gujarat,West,Electronics,Headphones,5,999,15,4245.75,87.53,Cash
ORD00590,2024-04-04,CUST1734,55.0,Male,West Bengal,East,Furniture,Sofa,7,499,20,2794.4,586.85,Cash
ORD00591,2024-03-19,CUST1667,37.0,Female,West Bengal,East,Office Supplies,Printer Paper,8,2499,5,18992.4,1359.11,Net Banking
ORD00592,2025-07-14,CUST1184,19.0,Male,West Bengal,East,Furniture,Desk,5,7999,20,31996.0,3475.73,Net Banking
ORD00593,2025-01-08,CUST1473,27.0,Male,Tamil Nadu,South,Furniture,Sofa,7,7999,0,55993.0,7435.55,UPI
ORD00594,2024-09-30,CUST1843,36.0,Male,Odisha,East,Furniture,Desk,2,14999,5,28498.1,7013.05,Cash
ORD00595,2024-11-13,CUST1475,49.0,Female,Tamil Nadu,South,Electronics,Laptop,3,499,0,1497.0,53.83,Net Banking
ORD00596,2024-10-11,CUST1674,53.0,Male,Delhi,North,Electronics,Phone,3,199,10,537.3,121.64,Card
ORD00597,2025-02-20,CUST1918,41.0,Male,Maharashtra,West,Electronics,Laptop,6,7999,10,,10950.27,Net Banking
ORD00598,2025-06-21,CUST1257,49.0,Male,Karnataka,South,Electronics,Headphones,2,7999,20,12798.4,3614.09,UPI
ORD00599,2024-08-11,CUST1147,24.0,Male,Punjab,North,Furniture,Sofa,7,14999,5,99743.35,27671.3,UPI
ORD00600,2024-04-25,CUST1324,52.0,Female,Odisha,East,Furniture,Desk,1,2499,20,1999.2,162.23,Net Banking
ORD00601,2024-01-22,CUST1660,56.0,Male,Tamil Nadu,South,Electronics,Phone,8,14999,10,107992.8,25645.9,Card
ORD00602,2025-12-02,CUST1124,52.0,Male,Tamil Nadu,South,Office Supplies,Pen,5,14999,10,67495.5,17960.89,Net Banking
ORD00603,2024-06-13,CUST1937,46.0,Female,Maharashtra,West,Furniture,Desk,5,199,5,945.25,51.14,Net Banking
ORD00604,2024-12-06,CUST1734,45.0,Male,Punjab,North,Electronics,Phone,8,14999,15,101993.2,27974.09,UPI
ORD00605,2025-10-18,CUST1656,29.0,Female,West Bengal,East,Furniture,Desk,6,2499,0,14994.0,3249.07,UPI
ORD00606,2024-06-10,CUST1255,51.0,Male,Punjab,North,Electronics,Headphones,5,999,20,3996.0,-84.79,Net Banking
ORD00607,2024-12-01,CUST1818,36.0,Male,Odisha,East,Furniture,Sofa,3,999,5,2847.15,542.7,Card
ORD00608,2024-01-24,CUST1945,53.0,Male,Gujarat,West,Electronics,Phone,7,7999,5,53193.35,-2273.64,Card
ORD00609,2025-09-06,CUST1266,27.0,Male,Maharashtra,West,Furniture,Sofa,3,199,15,507.45,84.39,Cash
ORD00610,2025-12-31,CUST1208,30.0,Female,Karnataka,South,Electronics,Headphones,7,2499,15,14869.05,-126.69,Cash
ORD00611,2024-10-16,CUST1744,61.0,Male,Gujarat,West,Electronics,Phone,4,7999,5,30396.2,9067.87,Net Banking
ORD00612,2024-09-11,CUST1378,55.0,Female,Tamil Nadu,South,Electronics,Laptop,5,999,5,4745.25,788.6,Card
ORD00613,2025-12-26,CUST1433,65.0,Female,Punjab,North,Electronics,Phone,7,14999,5,99743.35,19915.51,Card
ORD00614,2025-11-17,CUST1990,56.0,Male,Delhi,North,Electronics,Phone,4,2499,10,8996.4,2688.65,Card
ORD00615,2024-07-02,CUST1266,28.0,Female,Odisha,East,Furniture,Desk,6,499,20,2395.2,-85.28,Cash
ORD00616,2024-02-15,CUST1130,49.0,Female,Maharashtra,West,Electronics,Phone,7,499,10,3143.7,-28.62,Cash
ORD00617,2024-06-17,CUST1323,65.0,Female,Gujarat,West,Furniture,Sofa,5,7999,10,35995.5,3690.31,UPI
ORD00618,2024-09-23,CUST1167,63.0,Female,Maharashtra,West,Electronics,Laptop,1,499,5,474.05,-17.75,Net Banking
ORD00619,2025-05-19,CUST1115,64.0,Male,Punjab,North,Electronics,Phone,6,14999,20,71995.2,8626.45,Card
ORD00620,2025-07-30,CUST1912,60.0,Male,West Bengal,East,Electronics,Phone,3,499,20,1197.6,284.91,Card
ORD00621,2024-01-27,CUST1291,61.0,Male,Tamil Nadu,South,Electronics,Laptop,8,14999,0,119992.0,31267.36,Net Banking
ORD00622,2025-11-06,CUST1491,47.0,Female,West Bengal,East,Furniture,Chair,1,199,15,169.15,40.72,Card
ORD00623,2024-02-19,CUST1820,59.0,Female,West Bengal,East,Office Supplies,Printer Paper,8,999,20,6393.6,-30.29,Cash
ORD00624,2024-09-02,CUST1988,43.0,Male,Delhi,North,Office Supplies,Printer Paper,7,199,15,1184.05,46.54,Card
ORD00625,2025-05-17,CUST1820,45.0,Female,Karnataka,South,Furniture,Desk,5,14999,5,71245.25,-554.95,UPI
ORD00626,2025-05-02,CUST1274,54.0,Female,West Bengal,East,Furniture,Sofa,4,2499,15,8496.6,2208.22,Card
ORD00627,2025-06-09,CUST1349,47.0,Male,Gujarat,West,Office Supplies,Notebook,7,14999,15,89244.05,-1558.95,UPI
ORD00628,2024-05-10,CUST1700,37.0,Male,Maharashtra,West,Furniture,Desk,7,199,15,1184.05,65.29,Net Banking
ORD00629,2025-02-26,CUST1096,47.0,Female,West Bengal,East,Office Supplies,Notebook,1,7999,0,7999.0,1029.7,Cash
ORD00630,2024-07-05,CUST1863,43.0,Male,West Bengal,East,Office Supplies,Notebook,2,14999,15,25498.3,327.48,Card
ORD00631,2024-09-28,CUST1349,29.0,Male,Gujarat,West,Furniture,Sofa,8,14999,15,101993.2,17168.89,UPI
ORD00632,2024-04-29,CUST1013,28.0,Female,Punjab,North,Office Supplies,Notebook,7,7999,0,55993.0,-2685.06,Net Banking
ORD00633,2024-03-30,CUST1128,26.0,Male,Gujarat,West,Furniture,Sofa,6,14999,15,76494.9,17718.07,UPI
ORD00634,2025-10-27,CUST1247,45.0,Male,Delhi,North,Office Supplies,Notebook,1,499,15,424.15,75.08,Card
ORD00635,2024-06-05,CUST1756,62.0,Female,Odisha,East,Electronics,Phone,7,199,0,1393.0,11.33,Net Banking
ORD00636,2025-02-05,CUST1052,39.0,Male,Maharashtra,West,Furniture,Sofa,4,499,10,1796.4,268.2,Card
ORD00637,2025-06-09,CUST1605,64.0,Female,Gujarat,West,Furniture,Sofa,5,199,15,845.75,76.02,UPI
ORD00638,2025-10-25,CUST1427,48.0,Male,Delhi,North,Furniture,Sofa,6,7999,0,47994.0,2099.6,Net Banking
ORD00639,2025-04-25,CUST1352,46.0,Male,Odisha,East,Office Supplies,Pen,1,499,10,449.1,91.69,UPI
ORD00640,2024-06-14,CUST1636,31.0,Female,Odisha,East,Electronics,Phone,7,2499,10,15743.7,3598.86,Card
ORD00641,2025-03-01,CUST1965,49.0,Female,Maharashtra,West,Electronics,Laptop,3,7999,15,20397.45,-299.51,UPI
ORD00642,2025-05-30,CUST1032,22.0,Female,Karnataka,South,Electronics,Phone,5,999,5,4745.25,52.91,Net Banking
ORD00643,2024-12-29,CUST1787,20.0,Female,Delhi,North,Electronics,Headphones,4,2499,10,8996.4,2678.97,UPI
ORD00644,2024-04-14,CUST1843,53.0,Male,Delhi,North,Furniture,Desk,2,199,20,318.4,52.02,Card
ORD00645,2025-06-02,CUST1510,64.0,Male,Karnataka,South,Electronics,Phone,3,14999,10,40497.3,8012.68,UPI
ORD00646,2024-01-07,CUST1251,48.0,Female,Odisha,East,Electronics,Laptop,4,2499,15,8496.6,1862.68,Cash
ORD00647,2025-06-26,CUST1431,32.0,Male,Karnataka,South,Furniture,Desk,7,999,5,6643.35,20.35,Net Banking
ORD00648,2024-01-11,CUST1734,51.0,Male,Gujarat,West,Furniture,Sofa,6,199,15,1014.9,0.97,Card
ORD00649,2025-11-07,CUST1944,59.0,Male,Odisha,East,Furniture,Chair,7,199,15,1184.05,255.42,Card
ORD00650,2024-01-09,CUST1846,35.0,Male,Odisha,East,Furniture,Sofa,5,14999,10,67495.5,18104.37,Net Banking
ORD00651,2025-10-26,CUST1414,30.0,Female,Maharashtra,West,Office Supplies,Printer Paper,8,14999,10,107992.8,28152.23,Card
ORD00652,2024-04-05,CUST1523,53.0,Female,Punjab,North,Furniture,Sofa,3,7999,20,19197.6,947.88,Cash
ORD00653,2025-06-01,CUST1113,64.0,Male,Karnataka,South,Electronics,Headphones,5,499,10,2245.5,458.71,Cash
ORD00654,2024-01-06,CUST1464,39.0,Male,Odisha,East,Electronics,Laptop,2,2499,10,4498.2,676.31,UPI
ORD00655,2024-09-10,CUST1107,38.0,Male,Odisha,East,Furniture,Sofa,3,14999,15,38247.45,5044.2,Cash
ORD00656,2025-03-11,CUST1909,26.0,Female,Maharashtra,West,Electronics,Headphones,7,2499,0,17493.0,-309.85,UPI
ORD00657,2025-02-08,CUST1892,34.0,Female,Maharashtra,West,Furniture,Sofa,7,7999,20,44794.4,5896.32,Net Banking
ORD00658,2025-12-29,CUST1468,26.0,Male,Gujarat,West,Office Supplies,Pen,3,499,20,1197.6,-6.59,UPI
ORD00659,2024-05-01,CUST1616,44.0,Male,Gujarat,West,Electronics,Headphones,3,7999,10,21597.3,5887.3,Card
ORD00660,2025-01-18,CUST1310,36.0,Female,Odisha,East,Electronics,Headphones,3,199,10,537.3,30.48,Card
ORD00661,2025-05-15,CUST1002,25.0,Female,Karnataka,South,Office Supplies,Pen,1,999,10,899.1,22.89,Card
ORD00662,2025-01-21,CUST1486,64.0,Male,Punjab,North,Furniture,Sofa,5,7999,15,33995.75,9012.29,UPI
ORD00663,2025-10-01,CUST1680,57.0,Female,Gujarat,West,Office Supplies,Pen,3,14999,10,40497.3,-758.91,Net Banking
ORD00664,2025-10-23,CUST1090,28.0,Male,Tamil Nadu,South,electronics,Sofa,1,14999,15,12749.15,2646.33,Cash
ORD00665,2025-05-02,CUST1514,19.0,Male,Delhi,North,Electronics,Headphones,1,7999,20,6399.2,104.23,UPI
ORD00666,2025-02-15,CUST1603,20.0,Female,Punjab,North,Electronics,Laptop,8,199,20,1273.6,206.83,Card
ORD00667,2024-04-03,CUST1117,24.0,Male,Odisha,East,Electronics,Phone,1,7999,10,7199.1,602.59,Cash
ORD00668,2024-03-01,CUST1629,38.0,Male,Karnataka,South,Furniture,Chair,3,999,15,2547.45,477.68,Card
ORD00669,2024-09-21,CUST1384,25.0,Male,Punjab,North,Furniture,Chair,6,499,15,2544.9,668.17,UPI
ORD00670,2025-04-20,CUST1566,44.0,Male,Karnataka,South,Furniture,Sofa,7,199,10,1253.7,-36.08,Net Banking
ORD00671,2025-11-22,CUST1103,33.0,Male,Punjab,North,Office Supplies,Notebook,1,999,20,799.2,229.54,Cash
ORD00672,2024-06-21,CUST1800,33.0,Female,Gujarat,West,Electronics,Headphones,4,499,10,1796.4,249.98,Net Banking
ORD00673,2025-05-08,CUST1279,56.0,Female,Delhi,North,Furniture,Sofa,5,14999,5,71245.25,-3548.72,Net Banking
ORD00674,2025-07-30,CUST1071,37.0,Male,West Bengal,East,Office Supplies,Printer Paper,5,199,5,945.25,197.29,Net Banking
ORD00675,2024-11-21,CUST1905,61.0,Female,Delhi,North,Office Supplies,Printer Paper,5,2499,5,11870.25,1942.64,Cash
ORD00676,2025-09-05,CUST1336,19.0,Male,Gujarat,West,Electronics,Headphones,6,999,5,5694.3,631.67,Card
ORD00677,2025-12-21,CUST1500,43.0,Male,Maharashtra,West,Electronics,Headphones,3,2499,20,5997.6,1579.43,Card
ORD00678,2024-06-30,CUST1859,62.0,Male,Punjab,North,Office Supplies,Notebook,6,2499,20,11995.2,903.09,Card
ORD00679,2025-11-27,CUST1943,63.0,Female,Gujarat,West,Electronics,Phone,1,499,0,499.0,107.51,UPI
ORD00680,2025-05-19,CUST1926,63.0,Male,Punjab,North,Office Supplies,Notebook,4,2499,10,8996.4,-333.96,Card
ORD00681,2025-08-02,CUST1688,61.0,Male,Tamil Nadu,South,Electronics,Phone,8,499,20,3193.6,56.91,Card
ORD00682,2025-11-25,CUST1023,62.0,Female,Karnataka,South,Electronics,Phone,4,7999,10,28796.4,493.8,Net Banking
ORD00683,2025-02-20,CUST1280,25.0,Female,Punjab,North,Office Supplies,Printer Paper,1,999,15,849.15,208.48,Net Banking
ORD00684,2024-11-19,CUST1005,43.0,Male,West Bengal,East,Office Supplies,Notebook,1,999,15,849.15,115.78,Cash
ORD00685,2024-12-03,CUST1318,22.0,Male,Delhi,North,Office Supplies,Notebook,7,199,5,1323.35,25.02,Card
ORD00686,2024-09-01,CUST1981,39.0,Male,Gujarat,West,Electronics,Headphones,6,999,5,5694.3,-69.79,Cash
ORD00687,2024-03-28,CUST1997,21.0,Male,Karnataka,South,Office Supplies,Printer Paper,8,199,15,1353.2,206.53,Net Banking
ORD00688,2025-03-18,CUST1067,24.0,Male,West Bengal,East,electronics,Laptop,8,199,10,1432.8,234.63,Card
ORD00689,2025-09-30,CUST1010,47.0,Female,Odisha,East,Furniture,Chair,7,499,20,2794.4,630.46,Net Banking
ORD00690,2024-07-16,CUST1110,24.0,Male,Maharashtra,West,Furniture,Sofa,1,2499,20,1999.2,129.68,Card
ORD00691,2025-09-27,CUST1455,29.0,Male,Karnataka,South,Office Supplies,Printer Paper,5,999,15,4245.75,503.08,UPI
ORD00692,2025-07-08,CUST1794,27.0,Male,Delhi,North,Electronics,Phone,7,7999,10,50393.7,2968.99,Net Banking
ORD00693,2024-05-28,CUST1058,33.0,Male,Odisha,East,Furniture,Desk,1,7999,20,6399.2,1153.05,Net Banking
ORD00694,2025-05-02,CUST1711,62.0,Female,West Bengal,East,Electronics,Headphones,4,199,10,716.4,11.66,Cash
ORD00695,2024-02-13,CUST1507,32.0,Male,Odisha,East,Furniture,Desk,3,199,15,507.45,130.23,UPI
ORD00696,2025-01-19,CUST1210,43.0,Male,Tamil Nadu,South,Office Supplies,Notebook,4,2499,10,8996.4,2092.07,Card
ORD00697,2025-03-26,CUST1199,58.0,Female,West Bengal,East,Electronics,Phone,1,7999,0,7999.0,-1.27,Card
ORD00698,2024-12-13,CUST1867,53.0,Male,Delhi,North,Electronics,Phone,3,499,10,1347.3,271.61,UPI
ORD00699,2024-04-23,CUST1346,31.0,Female,Karnataka,South,Electronics,Phone,2,199,5,378.1,31.24,Net Banking
ORD00700,2025-12-29,CUST1066,25.0,Male,Tamil Nadu,South,Furniture,Sofa,3,7999,20,19197.6,4964.16,UPI
ORD00701,2025-10-13,CUST1250,20.0,Male,Karnataka,South,Office Supplies,Pen,6,999,20,4795.2,481.15,Cash
ORD00702,2025-05-15,CUST1214,64.0,Male,Tamil Nadu,South,Electronics,Laptop,5,499,20,1996.0,576.71,Net Banking
ORD00703,2024-11-25,CUST1729,41.0,Female,Delhi,North,Office Supplies,Pen,6,2499,20,11995.2,1349.38,Net Banking
ORD00704,2025-04-07,CUST1883,33.0,Female,Gujarat,West,Office Supplies,Pen,1,499,5,474.05,124.77,UPI
ORD00705,2024-05-17,CUST1769,23.0,Female,Odisha,East,Furniture,Sofa,3,999,10,2697.3,384.89,Net Banking
ORD00706,2025-04-06,CUST1478,45.0,Female,West Bengal,East,Office Supplies,Notebook,8,7999,20,51193.6,3467.39,Cash
ORD00707,2025-10-22,CUST1077,40.0,Male,Gujarat,West,Furniture,Desk,1,499,15,424.15,13.5,Cash
ORD00708,2024-07-24,CUST1341,30.0,Female,Punjab,North,Electronics,Laptop,2,199,10,358.2,-13.11,Cash
ORD00709,2024-01-09,CUST1788,37.0,Female,Odisha,East,Electronics,Headphones,3,14999,20,35997.6,9695.37,Cash
ORD00710,2024-06-01,CUST1886,43.0,Male,Gujarat,West,Office Supplies,Printer Paper,1,2499,20,1999.2,592.26,UPI
ORD00711,2024-03-28,CUST1320,30.0,Female,Tamil Nadu,South,Electronics,Headphones,8,14999,15,101993.2,7061.08,Net Banking
ORD00712,2024-05-11,CUST1312,65.0,Male,Tamil Nadu,South,Furniture,Sofa,1,999,5,949.05,144.38,Net Banking
ORD00713,2025-12-08,CUST1550,37.0,Female,Odisha,East,Electronics,Phone,7,14999,15,89244.05,19365.47,Card
ORD00714,2024-03-06,CUST1547,42.0,Male,Delhi,North,Electronics,Phone,7,2499,5,16618.35,4687.08,Net Banking
ORD00715,2025-07-20,CUST1181,20.0,Female,Punjab,North,Office Supplies,Pen,5,199,5,945.25,-12.75,Card
ORD00716,2025-06-20,CUST1071,47.0,Male,Karnataka,South,Electronics,Phone,5,499,5,2370.25,122.99,Cash
ORD00717,2025-03-04,CUST1489,65.0,Male,Delhi,North,Furniture,Desk,7,499,0,3493.0,-16.77,Net Banking
ORD00718,2025-08-11,CUST1961,37.0,Male,Karnataka,South,Electronics,Phone,7,14999,15,89244.05,497.4,Net Banking
ORD00719,2024-09-09,CUST1538,39.0,Female,West Bengal,East,Electronics,Laptop,8,199,15,1353.2,218.81,Net Banking
ORD00720,2025-12-29,CUST1811,37.0,Female,Maharashtra,West,Office Supplies,Notebook,5,14999,15,63745.75,4549.77,UPI
ORD00721,2024-07-06,CUST1715,54.0,Male,Maharashtra,West,Electronics,Headphones,7,2499,15,14869.05,3996.68,Net Banking
ORD00722,2024-08-10,CUST1930,49.0,Female,Delhi,North,Electronics,Phone,5,14999,0,74995.0,14572.68,Card
ORD00723,2024-07-31,CUST1518,20.0,Female,West Bengal,East,Electronics,Headphones,6,2499,15,12744.9,98.06,Card
ORD00724,2024-09-13,CUST1117,63.0,Male,Punjab,North,Furniture,Desk,7,499,15,2969.05,-109.2,Cash
ORD00725,2025-03-24,CUST1143,48.0,Female,Gujarat,West,Furniture,Chair,2,7999,5,15198.1,3035.87,UPI
ORD00726,2025-02-04,CUST1172,22.0,Male,Karnataka,South,Office Supplies,Notebook,3,999,0,2997.0,410.98,Cash
ORD00727,2025-06-29,CUST1221,46.0,Male,Tamil Nadu,South,Furniture,Chair,4,14999,0,59996.0,15745.39,Card
ORD00728,2024-09-12,CUST1383,33.0,Male,Gujarat,West,Furniture,Chair,1,199,15,169.15,36.96,Card
ORD00729,2024-04-08,CUST1816,60.0,Male,Punjab,North,Electronics,Laptop,6,499,0,2994.0,81.43,UPI
ORD00730,2025-10-01,CUST1212,52.0,Female,Punjab,North,Office Supplies,Notebook,6,999,20,4795.2,812.19,Net Banking
ORD00731,2025-10-31,CUST1323,18.0,Female,Delhi,North,Electronics,Laptop,6,999,5,5694.3,-254.83,UPI
ORD00732,2024-03-09,CUST1906,31.0,Female,Maharashtra,West,Electronics,Headphones,5,14999,20,59996.0,4748.26,Cash
ORD00733,2025-10-08,CUST1713,42.0,Male,Maharashtra,West,Office Supplies,Printer Paper,3,999,0,2997.0,479.38,Cash
ORD00734,2025-08-22,CUST1459,42.0,Male,Tamil Nadu,South,Office Supplies,Pen,2,999,0,1998.0,325.65,Card
ORD00735,2025-09-26,CUST1081,21.0,Male,Karnataka,South,Office Supplies,Notebook,5,499,15,2120.75,456.04,Cash
ORD00736,2025-09-04,CUST1968,46.0,Female,Gujarat,West,Electronics,Laptop,7,499,0,3493.0,116.4,UPI
ORD00737,2024-08-22,CUST1867,64.0,Female,Odisha,East,Office Supplies,Notebook,7,14999,10,94493.7,20098.13,Cash
ORD00738,2025-01-25,CUST1533,38.0,Male,Karnataka,South,Office Supplies,Notebook,4,14999,5,56996.2,9280.24,Net Banking
ORD00739,2024-05-08,CUST1093,29.0,Male,Delhi,North,Furniture,Chair,4,199,5,756.2,210.52,UPI
ORD00740,2024-06-29,CUST1620,33.0,Female,Punjab,North,Office Supplies,Pen,5,499,5,2370.25,84.67,Cash
ORD00741,2025-04-27,CUST1451,45.0,Female,Maharashtra,West,Furniture,Desk,2,999,15,1698.3,139.6,UPI
ORD00742,2025-07-20,CUST1744,29.0,Female,Maharashtra,West,Furniture,Desk,2,999,20,1598.4,220.61,Net Banking
ORD00743,2024-12-07,CUST1139,63.0,Female,Gujarat,West,Furniture,Desk,7,7999,20,44794.4,5298.98,UPI
ORD00744,2025-02-08,CUST1993,65.0,Female,Karnataka,South,Electronics,Laptop,6,2499,15,12744.9,3492.0,Net Banking
ORD00745,2024-05-07,CUST1394,54.0,Male,Gujarat,West,Office Supplies,Printer Paper,2,2499,0,4998.0,1486.23,UPI
ORD00746,2025-10-28,CUST1394,45.0,Male,Gujarat,West,Office Supplies,Pen,8,14999,10,107992.8,20924.62,UPI
ORD00747,2025-04-11,CUST1966,61.0,Male,Maharashtra,West,Furniture,Sofa,1,14999,5,14249.05,590.85,Cash
ORD00748,2025-08-23,CUST1997,23.0,Male,Karnataka,South,Electronics,Laptop,2,14999,15,25498.3,2274.03,Net Banking
ORD00749,2025-01-26,CUST1600,37.0,Female,Tamil Nadu,South,Furniture,Sofa,5,7999,20,31996.0,5774.32,Card
ORD00750,2024-01-07,CUST1172,49.0,Male,Punjab,North,Electronics,Phone,4,14999,15,50996.6,9926.65,Card
ORD00751,2025-01-18,CUST1190,63.0,Male,Punjab,North,Office Supplies,Pen,5,14999,15,63745.75,619.74,UPI
ORD00752,2024-03-01,CUST1767,29.0,Male,Maharashtra,West,Office Supplies,Notebook,8,7999,5,60792.4,910.26,Cash
ORD00753,2024-03-28,CUST1386,25.0,Female,Gujarat,West,Office Supplies,Printer Paper,2,14999,5,28498.1,-628.86,Card
ORD00754,2024-09-29,CUST1769,18.0,Male,West Bengal,East,Office Supplies,Notebook,8,2499,0,19992.0,-933.08,Card
ORD00755,2025-09-10,CUST1439,39.0,Female,Karnataka,South,Furniture,Sofa,5,2499,15,10620.75,2282.6,Cash
ORD00756,2024-12-30,CUST1894,39.0,Male,West Bengal,East,Furniture,Sofa,7,2499,20,13994.4,-419.35,Card
ORD00757,2024-10-13,CUST1973,62.0,Male,Gujarat,West,Office Supplies,Notebook,1,7999,0,7999.0,2032.96,Cash
ORD00758,2025-01-03,CUST1894,20.0,Female,Gujarat,West,Office Supplies,Pen,4,199,10,716.4,-31.65,Net Banking
ORD00759,2025-05-02,CUST1674,62.0,Male,Tamil Nadu,South,Furniture,Sofa,2,999,15,1698.3,473.28,Net Banking
ORD00760,2024-11-04,CUST1852,61.0,Female,West Bengal,East,Office Supplies,Notebook,1,499,15,424.15,97.08,UPI
ORD00761,2025-11-06,CUST1716,23.0,Male,Maharashtra,West,Furniture,Sofa,4,499,5,1896.2,18.3,Net Banking
ORD00762,2025-11-17,CUST1126,60.0,Male,Delhi,North,Furniture,Desk,5,499,10,2245.5,411.1,Net Banking
ORD00763,2025-01-25,CUST1669,59.0,Female,Punjab,North,Electronics,Headphones,2,14999,10,26998.2,2212.6,UPI
ORD00764,2025-08-29,CUST1959,30.0,Male,Tamil Nadu,South,Electronics,Phone,2,199,0,398.0,27.5,Cash
ORD00765,2024-07-13,CUST1867,42.0,Female,Tamil Nadu,South,Furniture,Sofa,1,999,0,999.0,156.36,Cash
ORD00766,2025-04-16,CUST1323,27.0,Female,West Bengal,East,Office Supplies,Printer Paper,4,199,15,676.6,-31.65,UPI
ORD00767,2024-11-12,CUST1514,62.0,Male,Gujarat,West,Electronics,Headphones,5,499,0,2495.0,398.22,Cash
ORD00768,2024-08-03,CUST1868,64.0,Male,Maharashtra,West,Furniture,Desk,7,199,10,1253.7,4.32,Card
ORD00769,2025-07-15,CUST1401,39.0,Female,Tamil Nadu,South,Office Supplies,Pen,5,14999,5,71245.25,21150.73,Net Banking
ORD00770,2025-07-15,CUST1403,24.0,Male,Odisha,East,Furniture,Chair,5,999,5,4745.25,927.17,Cash
ORD00771,2025-05-09,CUST1298,27.0,Male,Punjab,North,Furniture,Sofa,3,7999,5,22797.15,2385.93,UPI
ORD00772,2025-03-13,CUST1695,28.0,Male,Karnataka,South,Furniture,Sofa,2,14999,5,28498.1,2330.99,Card
ORD00773,2024-06-01,CUST1642,64.0,Female,Odisha,East,Electronics,Laptop,2,7999,10,14398.2,2270.41,UPI
ORD00774,2025-10-30,CUST1763,42.0,Male,Delhi,North,Electronics,Phone,8,999,20,6393.6,1816.39,Net Banking
ORD00775,2024-03-25,CUST1124,49.0,Male,Gujarat,West,Office Supplies,Printer Paper,8,999,0,7992.0,-63.93,Card
ORD00776,2025-10-22,CUST1719,45.0,Female,Gujarat,West,Office Supplies,Printer Paper,2,7999,5,15198.1,1282.51,UPI
ORD00777,2025-07-03,CUST1802,51.0,Female,Punjab,North,Electronics,Headphones,3,2499,0,7497.0,658.45,Card
ORD00778,2025-04-02,CUST1819,38.0,Male,Delhi,North,Office Supplies,Notebook,3,7999,5,22797.15,-1097.38,Card
ORD00779,2024-02-05,CUST1086,25.0,Female,Karnataka,South,Office Supplies,Notebook,2,7999,10,14398.2,3570.86,Cash
ORD00780,2025-06-15,CUST1926,,Female,Tamil Nadu,South,Office Supplies,Notebook,4,999,0,3996.0,1123.58,UPI
ORD00781,2024-02-15,CUST1242,20.0,Male,Gujarat,West,Office Supplies,Pen,4,14999,0,59996.0,10914.23,UPI
ORD00782,2025-09-29,CUST1432,22.0,Female,West Bengal,East,Electronics,Headphones,4,7999,10,28796.4,1355.98,Cash
ORD00783,2024-05-26,CUST1548,31.0,Male,Maharashtra,West,Furniture,Desk,2,999,15,1698.3,473.94,Cash
ORD00784,2025-03-20,CUST1388,19.0,Male,Tamil Nadu,South,Office Supplies,Printer Paper,3,2499,5,7122.15,432.5,Card
ORD00785,2025-01-06,CUST1931,39.0,Female,West Bengal,East,Office Supplies,Notebook,7,199,10,1253.7,218.22,UPI
ORD00786,2024-05-06,CUST1179,51.0,Female,Tamil Nadu,South,Electronics,Laptop,7,499,15,2969.05,840.61,Net Banking
ORD00787,2024-02-19,CUST1174,38.0,Female,Punjab,North,Office Supplies,Printer Paper,5,7999,10,35995.5,5853.35,UPI
ORD00788,2025-12-31,CUST1159,60.0,Male,Odisha,East,Furniture,Sofa,3,999,0,2997.0,570.42,UPI
ORD00789,2025-03-04,CUST1723,47.0,Male,Gujarat,West,Electronics,Headphones,6,14999,5,85494.3,16019.52,Net Banking
ORD00790,2024-08-22,CUST1312,58.0,Male,Odisha,East,Office Supplies,Pen,5,2499,20,9996.0,2794.75,Cash
ORD00791,2024-06-18,CUST1589,21.0,Male,Gujarat,West,Electronics,Headphones,2,199,5,378.1,106.13,Cash
ORD00792,2025-11-24,CUST1909,52.0,Male,Maharashtra,West,Furniture,Sofa,3,2499,15,6372.45,830.04,Net Banking
ORD00793,2024-09-07,CUST1756,60.0,Male,Delhi,North,Office Supplies,Notebook,7,14999,20,83994.4,17839.05,Net Banking
ORD00794,2024-02-22,CUST1432,49.0,Female,Karnataka,South,Electronics,Laptop,6,499,20,2395.2,176.41,UPI
ORD00795,2025-05-09,CUST1300,34.0,Male,West Bengal,East,Furniture,Sofa,4,7999,0,31996.0,1648.52,Card
ORD00796,2024-02-28,CUST1364,18.0,Female,Maharashtra,West,Furniture,Sofa,1,2499,20,1999.2,493.65,Cash
ORD00797,2024-01-10,CUST1103,45.0,Female,Odisha,East,Electronics,Laptop,6,14999,5,85494.3,7756.37,UPI
ORD00798,2024-09-13,CUST1231,48.0,Female,Delhi,North,Furniture,Chair,8,199,5,1512.4,331.68,Cash
ORD00799,2025-03-25,CUST1165,26.0,Female,Odisha,East,Furniture,Chair,5,199,15,845.75,151.98,Net Banking
ORD00800,2025-02-08,CUST1431,65.0,Female,Punjab,North,Office Supplies,Notebook,2,499,10,898.2,-32.25,Card
ORD00801,2025-05-22,CUST1819,61.0,Male,Karnataka,South,Furniture,Sofa,5,199,15,845.75,102.48,Cash
ORD00802,2025-05-27,CUST1013,61.0,Male,Gujarat,West,Electronics,Laptop,2,199,5,378.1,1.68,Card
ORD00803,2025-05-12,CUST1084,45.0,Male,Odisha,East,Office Supplies,Printer Paper,1,2499,15,2124.15,109.0,UPI
ORD00804,2025-03-15,CUST1203,48.0,Male,Karnataka,South,Furniture,Chair,5,14999,5,71245.25,13053.25,UPI
ORD00805,2024-07-15,CUST1951,27.0,Female,Karnataka,South,Electronics,Laptop,3,2499,0,7497.0,343.75,Card
ORD00806,2024-08-24,CUST1227,39.0,Female,Karnataka,South,Electronics,Phone,7,7999,10,50393.7,9829.57,Net Banking
ORD00807,2024-12-25,CUST1728,44.0,Male,Punjab,North,Office Supplies,Notebook,5,199,10,895.5,69.18,Cash
ORD00808,2025-04-28,CUST1286,56.0,Male,Delhi,North,Electronics,Laptop,1,14999,10,13499.1,326.57,Net Banking
ORD00809,2024-01-14,CUST1699,53.0,Male,Tamil Nadu,South,Furniture,Desk,6,999,0,5994.0,-96.44,Cash
ORD00810,2025-01-28,CUST1089,24.0,Male,Odisha,East,Office Supplies,Printer Paper,6,499,10,2694.6,63.35,Card
ORD00811,2025-09-25,CUST1351,37.0,Female,Delhi,North,Electronics,Headphones,8,199,0,1592.0,445.18,UPI
ORD00812,2025-07-27,CUST1998,40.0,Female,Karnataka,South,Electronics,Laptop,7,7999,10,50393.7,13205.94,Net Banking
ORD00813,2024-06-19,CUST1613,35.0,Male,Punjab,North,Electronics,Phone,7,7999,20,44794.4,10159.81,Cash
ORD00814,2024-03-17,CUST1169,46.0,Female,Delhi,North,Office Supplies,Notebook,7,2499,20,,3562.83,Net Banking
ORD00815,2025-12-14,CUST1009,50.0,Female,Gujarat,West,Electronics,Laptop,1,499,20,399.2,10.47,Cash
ORD00816,2024-02-16,CUST1546,33.0,Female,West Bengal,East,Furniture,Sofa,5,7999,0,39995.0,395.48,Card
ORD00817,2024-08-03,CUST1547,25.0,Male,Tamil Nadu,South,Electronics,Phone,1,14999,5,14249.05,4222.53,Cash
ORD00818,2025-09-18,CUST1301,38.0,Male,Odisha,East,Electronics,Headphones,5,14999,5,71245.25,6620.11,Card
ORD00819,2025-08-20,CUST1108,64.0,Female,West Bengal,East,Office Supplies,Pen,3,999,0,2997.0,413.84,Cash
ORD00820,2025-02-08,CUST1159,46.0,Male,Tamil Nadu,South,Electronics,Phone,5,499,20,1996.0,340.18,Net Banking
ORD00821,2024-06-29,CUST1193,54.0,Female,West Bengal,East,Furniture,Chair,8,499,15,3393.2,50.08,UPI
ORD00822,2024-05-26,CUST1073,45.0,Male,West Bengal,East,Furniture,Chair,3,2499,20,,94.44,Net Banking
ORD00823,2025-01-21,CUST1393,19.0,Male,Maharashtra,West,Office Supplies,Printer Paper,3,14999,0,44997.0,7251.39,Card
ORD00824,2024-01-10,CUST1980,24.0,Female,Delhi,North,Electronics,Laptop,5,499,20,1996.0,-90.37,Card
ORD00825,2024-06-07,CUST1249,21.0,Female,Karnataka,South,Furniture,Sofa,8,499,10,3592.8,237.54,Card
ORD00826,2025-03-01,CUST1145,18.0,Male,Delhi,North,Electronics,Headphones,5,199,20,796.0,207.17,Card
ORD00827,2025-12-01,CUST1393,61.0,Male,Tamil Nadu,South,Furniture,Chair,6,14999,10,80994.6,2353.67,Net Banking
ORD00828,2024-05-01,CUST1369,23.0,Male,Karnataka,South,Electronics,Laptop,5,999,0,4995.0,826.64,UPI
ORD00829,2025-11-14,CUST1703,37.0,Female,Tamil Nadu,South,Office Supplies,Pen,3,14999,15,38247.45,98.56,Cash
ORD00830,2024-06-01,CUST1796,59.0,Male,Punjab,North,Furniture,Sofa,6,999,0,5994.0,1355.24,Cash
ORD00831,2024-10-12,CUST1148,23.0,Female,Tamil Nadu,South,Furniture,Sofa,8,199,0,1592.0,242.37,UPI
ORD00832,2025-02-27,CUST1616,58.0,Female,Tamil Nadu,South,Furniture,Desk,8,2499,15,16993.2,3274.54,UPI
ORD00833,2025-07-03,CUST1841,32.0,Female,Tamil Nadu,South,Furniture,Sofa,8,7999,20,51193.6,6266.63,Card
ORD00834,2024-01-18,CUST1371,53.0,Female,Maharashtra,West,Office Supplies,Notebook,4,999,0,3996.0,84.51,UPI
ORD00835,2025-07-18,CUST1995,44.0,Male,Delhi,North,Furniture,Desk,3,999,15,2547.45,1.14,UPI
ORD00836,2024-01-27,CUST1712,45.0,Female,Karnataka,South,Office Supplies,Notebook,2,14999,5,28498.1,2340.02,Card
ORD00837,2024-03-21,CUST1250,22.0,Male,Delhi,North,Furniture,Sofa,3,199,5,567.15,44.14,Net Banking
ORD00838,2024-11-02,CUST1481,44.0,Female,Karnataka,South,Furniture,Sofa,3,14999,20,35997.6,7001.44,Net Banking
ORD00839,2024-06-26,CUST1515,28.0,Male,Punjab,North,Electronics,Laptop,1,14999,0,14999.0,2421.75,Net Banking
ORD00840,2024-08-20,CUST1433,28.0,Female,Gujarat,West,Office Supplies,Printer Paper,5,7999,20,31996.0,1827.35,Card
ORD00841,2024-07-07,CUST1842,65.0,Male,Maharashtra,West,Office Supplies,Notebook,7,7999,0,55993.0,1490.38,Net Banking
ORD00842,2025-01-15,CUST1662,45.0,Male,Gujarat,West,Office Supplies,Printer Paper,7,2499,5,16618.35,-512.92,Cash
ORD00843,2025-07-08,CUST1109,22.0,Male,Delhi,North,Electronics,Phone,6,199,5,1134.3,55.32,Card
ORD00844,2025-08-06,CUST1578,20.0,Female,West Bengal,East,Office Supplies,Notebook,1,499,10,449.1,-9.09,Card
ORD00845,2025-05-27,CUST1199,,Female,Punjab,North,Electronics,Phone,1,999,10,899.1,256.75,Cash
ORD00846,2025-01-26,CUST1488,55.0,Male,Karnataka,South,Furniture,Desk,2,7999,5,15198.1,-633.91,Cash
ORD00847,2024-08-25,CUST1905,31.0,Male,Karnataka,South,Office Supplies,Pen,2,14999,0,29998.0,8504.03,UPI
ORD00848,2025-03-17,CUST1040,63.0,Female,Odisha,East,Electronics,Phone,5,999,20,3996.0,997.34,UPI
ORD00849,2024-11-12,CUST1560,23.0,Female,Karnataka,South,Electronics,Headphones,8,199,0,1592.0,-0.13,Card
ORD00850,2024-12-27,CUST1091,22.0,Male,Gujarat,West,Electronics,Phone,3,199,10,537.3,81.55,Net Banking
ORD00851,2025-01-07,CUST1879,36.0,Female,Odisha,East,Furniture,Desk,3,199,20,477.6,57.74,Net Banking
ORD00852,2025-06-02,CUST1460,34.0,Male,Tamil Nadu,South,Furniture,Sofa,6,999,0,5994.0,1131.49,Card
ORD00853,2024-03-15,CUST1228,42.0,Female,Karnataka,South,Electronics,Laptop,5,2499,5,11870.25,1775.16,Card
ORD00854,2024-04-20,CUST1939,43.0,Female,Odisha,East,Furniture,Sofa,8,199,0,1592.0,20.85,UPI
ORD00855,2025-05-02,CUST1117,35.0,Female,Gujarat,West,Electronics,Phone,6,7999,15,40794.9,996.31,Card
ORD00856,2025-09-07,CUST1792,42.0,Male,Tamil Nadu,South,Electronics,Headphones,4,999,20,3196.8,-124.79,Cash
ORD00857,2025-10-12,CUST1180,,Male,Gujarat,West,Electronics,Laptop,4,199,15,676.6,30.07,Card
ORD00858,2024-09-22,CUST1188,21.0,Male,Odisha,East,Electronics,Phone,8,2499,20,15993.6,398.83,Net Banking
ORD00859,2025-12-06,CUST1802,28.0,Female,Odisha,East,Electronics,Laptop,6,2499,15,12744.9,1483.82,Cash
ORD00860,2024-11-27,CUST1680,64.0,Female,Maharashtra,West,Office Supplies,Printer Paper,4,199,20,636.8,105.57,Card
ORD00861,2024-01-04,CUST1461,26.0,Female,Tamil Nadu,South,Electronics,Phone,6,199,15,1014.9,42.61,Card
ORD00862,2025-09-07,CUST1386,31.0,Female,Delhi,North,Office Supplies,Notebook,7,14999,20,83994.4,18565.66,UPI
ORD00863,2024-05-07,CUST1716,49.0,Female,Karnataka,South,Furniture,Desk,1,999,10,899.1,113.04,Net Banking
ORD00864,2024-06-29,CUST1469,45.0,Female,Gujarat,West,Furniture,Sofa,7,7999,10,50393.7,-519.91,UPI
ORD00865,2024-04-11,CUST1089,24.0,Male,Tamil Nadu,South,Furniture,Desk,7,14999,10,94493.7,18495.48,Card
ORD00866,2024-02-03,CUST1683,36.0,Female,Maharashtra,West,Furniture,Sofa,2,14999,15,25498.3,3217.29,UPI
ORD00867,2024-12-25,CUST1990,47.0,Female,Tamil Nadu,South,Office Supplies,Pen,2,499,15,848.3,239.81,Net Banking
ORD00868,2025-02-28,CUST1689,33.0,Male,Punjab,North,Electronics,Headphones,5,999,10,4495.5,258.89,Net Banking
ORD00869,2024-06-23,CUST1982,54.0,Female,Delhi,North,Electronics,Laptop,6,7999,20,38395.2,2346.52,UPI
ORD00870,2025-10-13,CUST1399,64.0,Male,Maharashtra,West,Office Supplies,Printer Paper,7,199,20,1114.4,111.65,Net Banking
ORD00871,2025-10-08,CUST1590,43.0,Female,West Bengal,East,Furniture,Chair,2,14999,5,28498.1,3604.72,UPI
ORD00872,2025-08-30,CUST1156,19.0,Male,West Bengal,East,Electronics,Laptop,1,2499,0,2499.0,425.11,Net Banking
ORD00873,2024-08-15,CUST1304,,Male,Delhi,North,Furniture,Sofa,6,499,5,2844.3,507.37,Net Banking
ORD00874,2025-08-16,CUST1887,24.0,Male,West Bengal,East,Furniture,Chair,3,14999,0,44997.0,7804.07,Net Banking
ORD00875,2025-01-05,CUST1934,31.0,Female,Delhi,North,Electronics,Phone,5,499,0,2495.0,-57.18,Card
ORD00876,2025-03-05,CUST1384,38.0,Female,Maharashtra,West,Furniture,Chair,8,14999,0,119992.0,2832.24,UPI
ORD00877,2025-05-10,CUST1628,56.0,Male,Tamil Nadu,South,Electronics,Laptop,1,199,10,179.1,53.34,UPI
ORD00878,2024-06-05,CUST1221,41.0,Male,West Bengal,East,Electronics,Headphones,1,7999,0,7999.0,1050.25,UPI
ORD00879,2025-05-08,CUST1204,23.0,Female,Punjab,North,Electronics,Laptop,2,14999,5,28498.1,1244.13,Cash
ORD00880,2025-12-04,CUST1866,63.0,Female,Gujarat,West,Furniture,Sofa,7,499,10,3143.7,33.12,Net Banking
ORD00881,2024-10-05,CUST1835,38.0,Male,Punjab,North,Electronics,Laptop,8,2499,15,16993.2,1670.57,Net Banking
ORD00882,2024-02-04,CUST1981,50.0,Female,Maharashtra,West,Office Supplies,Pen,6,14999,0,89994.0,9655.56,Net Banking
ORD00883,2024-07-09,CUST1366,33.0,Male,Odisha,East,Furniture,Chair,2,499,10,898.2,90.08,UPI
ORD00884,2024-12-02,CUST1218,47.0,Female,Odisha,East,Electronics,Phone,2,199,10,358.2,68.38,UPI
ORD00885,2024-10-11,CUST1733,56.0,Male,Punjab,North,Furniture,Sofa,4,7999,5,30396.2,-424.88,Net Banking
ORD00886,2024-10-08,CUST1431,25.0,Male,Gujarat,West,Furniture,Chair,4,199,15,676.6,84.26,Net Banking
ORD00887,2025-10-21,CUST1802,54.0,Male,Tamil Nadu,South,Office Supplies,Pen,4,7999,0,31996.0,1592.21,Net Banking
ORD00888,2024-04-07,CUST1849,44.0,Female,West Bengal,East,Furniture,Chair,1,999,0,999.0,-25.67,Cash
ORD00889,2024-11-01,CUST1713,47.0,Female,Odisha,East,Furniture,Chair,6,2499,20,11995.2,-402.13,Card
ORD00890,2024-11-26,CUST1882,62.0,Female,West Bengal,East,Electronics,Laptop,1,199,5,189.05,-2.5,UPI
ORD00891,2024-02-23,CUST1265,20.0,Male,Karnataka,South,Electronics,Headphones,6,7999,0,47994.0,13291.39,Card
ORD00892,2025-08-20,CUST1471,25.0,Male,West Bengal,East,Furniture,Desk,7,999,5,6643.35,1818.29,Cash
ORD00893,2025-05-04,CUST1677,49.0,Female,Tamil Nadu,South,Office Supplies,Pen,2,7999,20,12798.4,437.49,Cash
ORD00894,2024-09-05,CUST1675,59.0,Male,Maharashtra,West,Electronics,Phone,5,14999,0,74995.0,5516.14,Card
ORD00895,2025-01-29,CUST1192,49.0,Male,Punjab,North,Electronics,Laptop,1,14999,5,14249.05,1622.29,Cash
ORD00896,2024-04-18,CUST1936,26.0,Male,Tamil Nadu,South,Furniture,Sofa,8,14999,5,113992.4,28125.62,Cash
ORD00897,2025-03-09,CUST1168,61.0,Female,Gujarat,West,Office Supplies,Printer Paper,4,2499,5,9496.2,-246.68,Card
ORD00898,2024-07-10,CUST1273,19.0,Female,Tamil Nadu,South,Electronics,Headphones,2,499,0,998.0,262.41,Net Banking
ORD00899,2025-02-10,CUST1514,45.0,Female,Odisha,East,Electronics,Headphones,2,999,15,1698.3,41.14,Card
ORD00900,2025-03-08,CUST1198,36.0,Male,Gujarat,West,Furniture,Chair,1,14999,15,12749.15,2628.88,Net Banking
ORD00901,2024-02-21,CUST1661,33.0,Male,Tamil Nadu,South,Office Supplies,Printer Paper,8,7999,15,54393.2,-641.05,UPI
ORD00902,2024-10-09,CUST1231,57.0,Female,Delhi,North,Electronics,Headphones,5,499,0,2495.0,339.93,Net Banking
ORD00903,2024-07-27,CUST1355,58.0,Female,Maharashtra,West,Electronics,Headphones,5,2499,5,11870.25,117.04,Cash
ORD00904,2025-12-05,CUST1244,28.0,Female,Delhi,North,Electronics,Headphones,8,14999,10,107992.8,26825.13,Card
ORD00905,2024-01-22,CUST1181,34.0,Male,Karnataka,South,Furniture,Desk,3,199,15,507.45,50.63,UPI
ORD00906,2024-02-16,CUST1838,19.0,Female,Punjab,North,Furniture,Sofa,1,2499,5,2374.05,273.96,UPI
ORD00907,2024-12-25,CUST1558,34.0,Female,Karnataka,South,Electronics,Laptop,5,14999,10,67495.5,7317.57,Cash
ORD00908,2025-11-10,CUST1877,56.0,Female,Odisha,East,Electronics,Phone,5,14999,10,67495.5,17682.49,Card
ORD00909,2024-02-01,CUST1250,54.0,Female,West Bengal,East,Electronics,Phone,4,14999,5,56996.2,4275.74,Cash
ORD00910,2025-04-05,CUST1981,51.0,Male,Karnataka,South,Electronics,Phone,2,999,20,1598.4,423.14,Cash
ORD00911,2025-08-16,CUST1532,62.0,Female,Odisha,East,Furniture,Sofa,7,999,10,6293.7,105.11,Card
ORD00912,2025-12-02,CUST1150,47.0,Male,Gujarat,West,Office Supplies,Pen,5,199,0,995.0,124.0,Cash
ORD00913,2024-08-10,CUST1289,55.0,Male,Tamil Nadu,South,Furniture,Desk,2,999,0,1998.0,217.48,Card
ORD00914,2024-05-21,CUST1358,36.0,Male,Gujarat,West,Electronics,Phone,6,14999,0,89994.0,-2927.89,Card
ORD00915,2024-02-02,CUST1484,40.0,Male,West Bengal,East,Office Supplies,Notebook,7,7999,0,55993.0,2899.36,Net Banking
ORD00916,2025-03-22,CUST1695,38.0,Male,Gujarat,West,Electronics,Phone,5,7999,10,35995.5,383.56,UPI
ORD00917,2025-08-03,CUST1949,58.0,Female,West Bengal,East,Furniture,Sofa,4,999,10,3596.4,-72.07,UPI
ORD00918,2025-12-02,CUST1729,40.0,Female,Gujarat,West,Electronics,Laptop,8,14999,10,107992.8,13643.3,Cash
ORD00919,2025-03-07,CUST1090,26.0,Female,Gujarat,West,Furniture,Desk,8,199,20,1273.6,-51.9,UPI
ORD00920,2025-11-17,CUST1006,47.0,Female,West Bengal,East,Office Supplies,Printer Paper,5,199,15,845.75,-5.01,Card
ORD00921,2024-10-24,CUST1579,48.0,Female,Delhi,North,Furniture,Sofa,2,999,20,1598.4,-25.43,Card
ORD00922,2025-11-22,CUST1655,27.0,Female,Delhi,North,Office Supplies,Notebook,3,7999,15,20397.45,-46.08,Cash
ORD00923,2025-09-10,CUST1901,25.0,Male,Punjab,North,Office Supplies,Printer Paper,4,199,0,796.0,-39.79,UPI
ORD00924,2024-11-03,CUST1414,48.0,Male,Karnataka,South,Furniture,Chair,8,2499,0,19992.0,5480.12,UPI
ORD00925,2024-07-08,CUST1145,65.0,Male,Odisha,East,Office Supplies,Printer Paper,2,2499,5,4748.1,819.85,UPI
ORD00926,2025-05-19,CUST1376,60.0,Female,Tamil Nadu,South,Furniture,Desk,5,14999,0,74995.0,21424.72,Net Banking
ORD00927,2024-05-03,CUST1577,42.0,Male,Maharashtra,West,Furniture,Desk,7,499,0,3493.0,171.85,Cash
ORD00928,2024-06-11,CUST1366,50.0,Male,Punjab,North,Electronics,Phone,3,2499,15,6372.45,298.97,Cash
ORD00929,2024-05-23,CUST1285,60.0,Female,Maharashtra,West,Electronics,Headphones,3,999,20,2397.6,164.84,Net Banking
ORD00930,2025-06-22,CUST1265,26.0,Female,Punjab,North,Furniture,Desk,3,7999,20,19197.6,4250.14,Cash
ORD00931,2025-05-26,CUST1956,61.0,Female,Maharashtra,West,Electronics,Laptop,3,499,0,1497.0,273.71,Cash
ORD00932,2024-09-13,CUST1117,20.0,Male,Karnataka,South,Electronics,Laptop,7,2499,0,17493.0,-495.5,Net Banking
ORD00933,2025-10-14,CUST1587,53.0,Male,West Bengal,East,Electronics,Phone,2,14999,15,25498.3,2095.2,UPI
ORD00934,2025-03-20,CUST1833,51.0,Male,Odisha,East,Furniture,Sofa,5,499,5,2370.25,497.17,Card
ORD00935,2025-08-04,CUST1559,22.0,Female,Delhi,North,Electronics,Laptop,3,199,10,537.3,118.76,UPI
ORD00936,2025-07-26,CUST1873,26.0,Male,Maharashtra,West,Electronics,Headphones,8,7999,10,57592.8,4306.2,Net Banking
ORD00937,2024-04-30,CUST1510,32.0,Male,Gujarat,West,Electronics,Headphones,2,499,20,798.4,43.42,Cash
ORD00938,2024-06-10,CUST1991,36.0,Male,Delhi,North,Furniture,Desk,7,14999,10,94493.7,-2477.3,UPI
ORD00939,2024-09-26,CUST1668,19.0,Male,Odisha,East,Office Supplies,Notebook,2,7999,15,13598.3,3779.3,Cash
ORD00940,2024-12-03,CUST1946,60.0,Male,Gujarat,West,Electronics,Phone,1,499,5,474.05,67.07,UPI
ORD00941,2025-09-04,CUST1757,57.0,Male,Maharashtra,West,Office Supplies,Printer Paper,1,999,0,999.0,282.19,Net Banking
ORD00942,2025-10-27,CUST1358,45.0,Female,Tamil Nadu,South,Office Supplies,Notebook,2,199,15,338.3,43.19,Cash
ORD00943,2025-11-29,CUST1700,65.0,Male,Karnataka,South,Electronics,Laptop,4,7999,20,25596.8,6427.43,Net Banking
ORD00944,2024-04-28,CUST1448,25.0,Female,Punjab,North,Furniture,Sofa,3,2499,15,6372.45,907.06,Cash
ORD00945,2024-08-20,CUST1422,,Male,Tamil Nadu,South,Furniture,Chair,4,499,0,1996.0,311.41,Card
ORD00946,2024-11-17,CUST1358,56.0,Male,Karnataka,South,Electronics,Laptop,3,2499,5,7122.15,348.33,Cash
ORD00947,2025-07-10,CUST1210,49.0,Female,Tamil Nadu,South,Furniture,Sofa,2,14999,0,29998.0,-697.99,UPI
ORD00948,2024-09-30,CUST1326,62.0,Male,Gujarat,West,Furniture,Sofa,5,14999,5,71245.25,9575.04,Card
ORD00949,2024-05-20,CUST1861,51.0,Male,Odisha,East,Office Supplies,Printer Paper,8,999,0,7992.0,169.78,Cash
ORD00950,2025-10-27,CUST1782,47.0,Male,Karnataka,South,Furniture,Sofa,3,199,5,567.15,110.27,Card
ORD00951,2025-09-16,CUST1393,49.0,Male,Maharashtra,West,Furniture,Desk,7,999,0,6993.0,-203.48,Net Banking
ORD00952,2025-06-29,CUST1053,60.0,Female,Gujarat,West,Electronics,Laptop,4,2499,5,9496.2,1718.57,Card
ORD00953,2024-12-15,CUST1743,57.0,Female,West Bengal,East,Office Supplies,Pen,5,7999,5,37995.25,8170.43,Net Banking
ORD00954,2025-08-04,CUST1787,51.0,Female,Delhi,North,Office Supplies,Pen,5,7999,15,33995.75,3343.22,UPI
ORD00955,2024-10-07,CUST1087,33.0,Female,Gujarat,West,Office Supplies,Notebook,3,199,10,537.3,123.5,Cash
ORD00956,2025-09-14,CUST1012,25.0,Female,Maharashtra,West,Office Supplies,Pen,6,999,10,5394.6,1207.58,Cash
ORD00957,2025-01-02,CUST1491,58.0,Male,West Bengal,East,Furniture,Desk,1,2499,0,2499.0,283.02,Net Banking
ORD00958,2024-10-09,CUST1265,49.0,Male,Delhi,North,Furniture,Sofa,6,199,15,1014.9,13.12,UPI
ORD00959,2024-07-07,CUST1700,50.0,Female,Karnataka,South,Office Supplies,Printer Paper,1,499,0,499.0,89.38,Cash
ORD00960,2024-12-27,CUST1553,,Male,Delhi,North,Electronics,Headphones,5,999,0,4995.0,936.24,UPI
ORD00961,2024-07-27,CUST1333,54.0,Female,West Bengal,East,Electronics,Headphones,8,199,20,1273.6,-29.16,Net Banking
ORD00962,2024-12-09,CUST1998,44.0,Female,Punjab,North,Furniture,Chair,1,999,20,799.2,180.51,Net Banking
ORD00963,2024-01-27,CUST1108,56.0,Male,West Bengal,East,Electronics,Phone,1,999,5,949.05,255.44,Cash
ORD00964,2025-10-26,CUST1080,22.0,Male,West Bengal,East,Furniture,Sofa,1,14999,5,14249.05,1188.11,Net Banking
ORD00965,2025-08-12,CUST1300,33.0,Female,Delhi,North,Office Supplies,Pen,8,999,10,7192.8,131.33,UPI
ORD00966,2025-02-23,CUST1370,23.0,Female,West Bengal,East,Furniture,Desk,2,14999,5,28498.1,3013.75,Card
ORD00967,2024-05-08,CUST1947,52.0,Male,Odisha,East,Office Supplies,Notebook,8,2499,5,18992.4,2834.99,Net Banking
ORD00968,2025-06-01,CUST1151,54.0,Female,Tamil Nadu,South,Furniture,Desk,6,199,0,1194.0,111.01,UPI
ORD00969,2025-12-29,CUST1952,48.0,Male,Tamil Nadu,South,Electronics,Laptop,2,2499,10,4498.2,980.29,UPI
ORD00970,2025-06-26,CUST1940,42.0,Female,Punjab,North,Electronics,Headphones,3,199,5,567.15,73.85,Cash
ORD00971,2024-12-10,CUST1605,56.0,Male,Tamil Nadu,South,Office Supplies,Printer Paper,4,14999,10,53996.4,-450.31,Card
ORD00972,2025-05-03,CUST1716,26.0,Male,Punjab,North,Furniture,Desk,8,14999,15,101993.2,5227.35,Card
ORD00973,2025-03-25,CUST1180,50.0,Female,Karnataka,South,Office Supplies,Printer Paper,6,14999,15,76494.9,6332.33,Card
ORD00974,2025-08-16,CUST1520,45.0,Female,Tamil Nadu,South,Furniture,Desk,1,7999,20,6399.2,1689.74,Cash
ORD00975,2024-10-11,CUST1588,57.0,Female,Gujarat,West,Electronics,Laptop,1,14999,5,14249.05,1434.71,Card
ORD00976,2024-06-22,CUST1295,34.0,Male,Odisha,East,Electronics,Laptop,5,999,15,4245.75,439.95,UPI
ORD00977,2025-07-06,CUST1550,30.0,Male,West Bengal,East,Electronics,Laptop,3,199,20,477.6,126.99,Net Banking
ORD00978,2025-04-09,CUST1302,25.0,Male,Punjab,North,Electronics,Phone,7,14999,15,89244.05,11808.14,Net Banking
ORD00979,2024-03-21,CUST1762,32.0,Male,Gujarat,West,Furniture,Chair,3,999,0,2997.0,865.99,Cash
ORD00980,2024-02-09,CUST1443,24.0,Female,Tamil Nadu,South,Furniture,Desk,2,14999,10,26998.2,7081.5,UPI
ORD00981,2024-06-04,CUST1496,29.0,Female,Delhi,North,Electronics,Laptop,7,499,5,3318.35,142.19,Cash
ORD00982,2025-07-25,CUST1625,31.0,Male,Karnataka,South,Office Supplies,Notebook,4,199,15,676.6,-17.9,Card
ORD00983,2025-11-03,CUST1977,29.0,Female,Gujarat,West,Office Supplies,Pen,4,14999,10,53996.4,6451.57,UPI
ORD00984,2024-10-29,CUST1098,32.0,Male,Odisha,East,Furniture,Sofa,7,7999,10,50393.7,7064.93,Cash
ORD00985,2024-11-22,CUST1676,25.0,Female,Gujarat,West,Furniture,Chair,7,199,5,1323.35,149.09,Net Banking
ORD00986,2024-10-01,CUST1519,31.0,Female,Tamil Nadu,South,Furniture,Sofa,7,14999,5,99743.35,-3976.08,Card
ORD00987,2024-09-23,CUST1934,21.0,Female,Odisha,East,Office Supplies,Pen,7,2499,15,14869.05,1469.36,Net Banking
ORD00988,2024-06-19,CUST1548,31.0,Male,Tamil Nadu,South,Office Supplies,Notebook,5,2499,15,10620.75,291.63,Cash
ORD00989,2025-07-20,CUST1064,59.0,Male,Karnataka,South,Office Supplies,Notebook,7,199,10,1253.7,337.6,UPI
ORD00990,2024-06-14,CUST1932,41.0,Female,West Bengal,East,Electronics,Headphones,7,14999,5,99743.35,5143.33,Net Banking
ORD00991,2025-05-11,CUST1043,28.0,Female,Karnataka,South,Electronics,Laptop,1,7999,0,7999.0,1004.07,Cash
ORD00992,2025-01-21,CUST1671,43.0,Male,Delhi,North,Office Supplies,Printer Paper,4,199,10,716.4,152.21,Cash
ORD00993,2025-07-08,CUST1619,27.0,Male,Delhi,North,Electronics,Headphones,7,199,0,1393.0,292.43,Net Banking
ORD00994,2024-04-12,CUST1270,59.0,Female,Tamil Nadu,South,Furniture,Desk,1,999,10,899.1,99.46,Net Banking
ORD00995,2025-12-20,CUST1546,50.0,Male,Odisha,East,Electronics,Laptop,7,7999,10,50393.7,6005.53,Net Banking
ORD00996,2025-08-14,CUST1998,19.0,Female,Punjab,North,Office Supplies,Pen,6,7999,0,47994.0,5197.49,UPI
ORD00997,2025-10-07,CUST1999,23.0,Male,Gujarat,West,Furniture,Sofa,2,14999,10,26998.2,1791.4,UPI
ORD00998,2025-04-29,CUST1535,64.0,Male,Tamil Nadu,South,Office Supplies,Notebook,2,499,15,848.3,140.62,Card
ORD00999,2025-08-01,CUST1613,44.0,Male,Gujarat,West,Furniture,Desk,6,499,0,2994.0,187.14,Cash
ORD01000,2025-12-26,CUST1494,50.0,Male,Tamil Nadu,South,Office Supplies,Pen,6,14999,5,85494.3,5355.64,Card
ORD01001,2024-06-19,CUST1202,46.0,Male,Maharashtra,West,Furniture,Chair,1,499,20,399.2,84.57,Card
ORD01002,2024-01-10,CUST1303,25.0,Female,Gujarat,West,Electronics,Headphones,8,499,20,3193.6,307.71,Cash
ORD01003,2024-07-28,CUST1822,57.0,Female,Odisha,East,Office Supplies,Pen,3,499,10,1347.3,179.38,Cash
ORD01004,2025-04-30,CUST1010,38.0,Female,Gujarat,West,Electronics,Phone,3,499,20,1197.6,239.85,UPI
ORD01005,2024-04-06,CUST1550,47.0,Female,Tamil Nadu,South,Electronics,Laptop,5,14999,5,71245.25,1406.64,Card
ORD01006,2024-12-19,CUST1643,18.0,Male,Punjab,North,Office Supplies,Notebook,2,999,20,1598.4,414.26,Cash
ORD01007,2024-09-17,CUST1574,52.0,Male,Odisha,East,Office Supplies,Printer Paper,5,999,20,3996.0,872.91,Card
ORD01008,2024-05-09,CUST1816,51.0,Female,Karnataka,South,Office Supplies,Notebook,5,499,10,2245.5,330.72,Cash
ORD01009,2025-09-21,CUST1150,27.0,Male,Odisha,East,Electronics,Laptop,1,499,5,474.05,-8.55,Net Banking
ORD01010,2025-04-28,CUST1334,37.0,Male,Punjab,North,Electronics,Laptop,3,7999,15,20397.45,2017.14,UPI
ORD01011,2024-11-20,CUST1543,23.0,Male,Gujarat,West,Furniture,Sofa,8,999,10,7192.8,1751.64,UPI
ORD01012,2025-07-25,CUST1921,45.0,Female,West Bengal,East,Furniture,Sofa,8,2499,10,17992.8,3416.45,UPI
ORD01013,2025-07-27,CUST1897,30.0,Female,Punjab,North,Furniture,Sofa,6,14999,15,76494.9,1898.83,Cash
ORD01014,2024-11-13,CUST1336,24.0,Female,Karnataka,South,Electronics,Phone,6,7999,5,45594.3,-2190.12,Cash
ORD01015,2025-12-13,CUST1721,34.0,Female,Punjab,North,Electronics,Headphones,5,14999,15,63745.75,5699.05,Card
ORD01016,2025-10-25,CUST1768,52.0,Male,Punjab,North,Office Supplies,Printer Paper,8,2499,5,18992.4,2197.55,Card
ORD01017,2024-05-14,CUST1084,44.0,Male,West Bengal,East,Office Supplies,Printer Paper,3,14999,5,42747.15,10892.81,Card
ORD01018,2024-12-06,CUST1857,61.0,Female,Maharashtra,West,Furniture,Chair,5,499,20,1996.0,415.39,UPI
ORD01019,2025-05-28,CUST1151,64.0,Female,West Bengal,East,Office Supplies,Pen,7,14999,0,104993.0,-2862.72,Card
ORD01020,2025-10-12,CUST1764,18.0,Female,Tamil Nadu,South,Electronics,Phone,4,14999,20,47996.8,4475.13,Cash
ORD01021,2024-04-02,CUST1186,64.0,Male,West Bengal,East,Furniture,Desk,2,7999,15,13598.3,-260.32,UPI
ORD01022,2024-09-09,CUST1315,61.0,Male,West Bengal,East,Electronics,Laptop,4,14999,10,53996.4,6000.2,UPI
ORD01023,2024-11-19,CUST1423,32.0,Male,West Bengal,East,Furniture,Sofa,5,499,10,2245.5,-1.91,Cash
ORD01024,2025-08-15,CUST1372,40.0,Female,Karnataka,South,Furniture,Desk,8,999,0,7992.0,970.71,UPI
ORD01025,2025-11-29,CUST1815,36.0,Male,Punjab,North,Electronics,Headphones,4,14999,15,50996.6,3642.31,Cash
ORD01026,2024-04-28,CUST1529,60.0,Male,West Bengal,East,Office Supplies,Notebook,5,499,15,2120.75,87.58,Net Banking
ORD01027,2024-02-04,CUST1330,62.0,Male,Tamil Nadu,South,Office Supplies,Pen,6,7999,15,40794.9,7359.67,Cash
ORD01028,2025-01-01,CUST1313,28.0,Female,Delhi,North,Furniture,Desk,6,999,0,5994.0,92.84,UPI
ORD01029,2024-09-06,CUST1258,64.0,Female,Punjab,North,Office Supplies,Pen,7,14999,15,89244.05,10330.02,Cash
ORD01030,2024-10-02,CUST1976,54.0,Female,Gujarat,West,Furniture,Chair,4,7999,0,31996.0,3114.65,Card
ORD01031,2024-12-07,CUST1807,21.0,Male,Karnataka,South,Furniture,Sofa,4,7999,5,30396.2,-137.94,Cash
ORD01032,2024-07-24,CUST1904,29.0,Female,Tamil Nadu,South,Furniture,Desk,3,2499,0,7497.0,1353.31,Cash
ORD01033,2025-07-22,CUST1865,41.0,Male,Delhi,North,Electronics,Laptop,7,199,5,1323.35,5.22,Net Banking
ORD01034,2025-11-15,CUST1385,47.0,Male,Tamil Nadu,South,Electronics,Phone,7,14999,5,99743.35,26879.99,Card
ORD01035,2025-03-10,CUST1611,43.0,Male,Maharashtra,West,Furniture,Chair,7,999,10,6293.7,1491.15,Cash
ORD01036,2025-05-28,CUST1842,18.0,Female,Maharashtra,West,Electronics,Headphones,3,499,10,1347.3,103.47,Card
ORD01037,2024-12-13,CUST1393,59.0,Male,Karnataka,South,Furniture,Chair,1,499,10,449.1,45.98,Net Banking
ORD01038,2025-03-07,CUST1183,28.0,Female,Tamil Nadu,South,Furniture,Desk,8,199,10,1432.8,409.03,Card
ORD01039,2024-01-13,CUST1164,38.0,Male,Maharashtra,West,Furniture,Sofa,2,14999,15,25498.3,5896.29,Net Banking
ORD01040,2024-09-21,CUST1759,58.0,Male,Maharashtra,West,Furniture,Sofa,7,2499,0,17493.0,980.2,Net Banking
ORD01041,2025-06-28,CUST1777,42.0,Male,Odisha,East,Office Supplies,Pen,6,199,5,1134.3,332.64,UPI
ORD01042,2025-04-10,CUST1445,21.0,Female,Punjab,North,Office Supplies,Printer Paper,5,499,20,1996.0,468.05,Cash
ORD01043,2024-09-15,CUST1435,39.0,Female,Delhi,North,Furniture,Desk,6,199,20,955.2,181.71,Card
ORD01044,2025-10-13,CUST1036,56.0,Male,West Bengal,East,Furniture,Desk,7,199,15,1184.05,75.33,Cash
ORD01045,2024-05-28,CUST1648,49.0,Female,Punjab,North,Electronics,Laptop,2,7999,0,15998.0,-94.08,Cash
ORD01046,2024-02-11,CUST1078,38.0,Female,Odisha,East,Office Supplies,Printer Paper,4,14999,20,47996.8,7159.87,Card
ORD01047,2024-01-23,CUST1188,65.0,Female,Karnataka,South,Furniture,Sofa,2,999,10,1798.2,176.02,Card
ORD01048,2024-09-06,CUST1710,21.0,Female,Maharashtra,West,Electronics,Headphones,5,999,20,3996.0,519.14,Net Banking
ORD01049,2025-09-11,CUST1408,29.0,Female,Tamil Nadu,South,Furniture,Sofa,3,999,20,2397.6,443.57,Cash
ORD01050,2025-04-18,CUST1613,58.0,Female,Punjab,North,Electronics,Laptop,7,14999,5,99743.35,4605.05,Card
ORD01051,2025-12-30,CUST1623,47.0,Female,Karnataka,South,Electronics,Headphones,6,499,0,2994.0,490.97,Cash
ORD01052,2025-03-31,CUST1155,47.0,Female,Gujarat,West,Office Supplies,Notebook,6,999,10,5394.6,384.25,UPI
ORD01053,2025-10-08,CUST1498,53.0,Female,Tamil Nadu,South,Furniture,Desk,1,14999,20,11999.2,3464.21,Card
ORD01054,2025-10-01,CUST1598,28.0,Female,Tamil Nadu,South,Furniture,Desk,6,2499,15,12744.9,-505.37,Net Banking
ORD01055,2024-05-14,CUST1387,56.0,Male,Maharashtra,West,Furniture,Sofa,8,499,15,3393.2,924.35,Card
ORD01056,2025-02-14,CUST1563,44.0,Female,Maharashtra,West,Electronics,Laptop,5,499,5,2370.25,517.68,UPI
ORD01057,2025-06-29,CUST1401,32.0,Female,Gujarat,West,Furniture,Desk,2,14999,10,26998.2,3396.55,Net Banking
ORD01058,2024-12-08,CUST1781,47.0,Male,Gujarat,West,Furniture,Chair,3,2499,10,6747.3,-329.48,Card
ORD01059,2024-05-21,CUST1624,57.0,Male,Gujarat,West,electronics,Desk,4,14999,0,59996.0,9995.73,Net Banking
ORD01060,2025-01-14,CUST1023,65.0,Female,Punjab,North,Office Supplies,Notebook,3,7999,15,20397.45,3865.87,UPI
ORD01061,2024-07-23,CUST1330,26.0,Female,Tamil Nadu,South,Furniture,Sofa,4,499,15,1696.6,471.65,Card
ORD01062,2024-09-04,CUST1815,29.0,Female,Delhi,North,Office Supplies,Pen,8,499,20,3193.6,336.22,Card
ORD01063,2025-02-20,CUST1887,51.0,Female,West Bengal,East,Electronics,Phone,2,199,0,398.0,75.11,Net Banking
ORD01064,2025-06-30,CUST1731,19.0,Female,Punjab,North,Furniture,Sofa,2,14999,20,23998.4,4235.27,Net Banking
ORD01065,2025-06-07,CUST1644,59.0,Female,Punjab,North,Furniture,Sofa,1,999,15,849.15,170.53,Net Banking
ORD01066,2025-11-03,CUST1347,27.0,Male,Delhi,North,Electronics,Phone,2,14999,5,28498.1,2230.33,Net Banking
ORD01067,2024-09-23,CUST1350,36.0,Female,Tamil Nadu,South,Electronics,Phone,2,2499,15,4248.3,906.48,Cash
ORD01068,2024-01-27,CUST1226,41.0,Female,Gujarat,West,Office Supplies,Pen,1,499,5,474.05,62.87,Cash
ORD01069,2024-06-07,CUST1761,62.0,Male,West Bengal,East,Office Supplies,Printer Paper,5,2499,15,10620.75,1971.72,UPI
ORD01070,2024-05-31,CUST1598,18.0,Female,Odisha,East,Furniture,Sofa,4,199,5,756.2,116.55,Cash
ORD01071,2025-05-28,CUST1321,,Female,Gujarat,West,Office Supplies,Notebook,6,14999,5,85494.3,13294.14,Net Banking
ORD01072,2024-03-07,CUST1350,32.0,Female,Maharashtra,West,Office Supplies,Pen,3,2499,15,6372.45,-286.88,UPI
ORD01073,2025-04-15,CUST1583,58.0,Male,Karnataka,South,Furniture,Sofa,2,14999,5,28498.1,2130.96,UPI
ORD01074,2025-06-03,CUST1068,35.0,Male,Tamil Nadu,South,Office Supplies,Notebook,7,14999,0,104993.0,29735.06,Card
ORD01075,2025-04-12,CUST1181,20.0,Female,Maharashtra,West,Electronics,Phone,3,14999,5,42747.15,1278.95,Cash
ORD01076,2024-08-21,CUST1249,55.0,Female,Delhi,North,Office Supplies,Notebook,3,7999,10,21597.3,-619.78,Net Banking
ORD01077,2024-03-26,CUST1487,30.0,Male,Delhi,North,Furniture,Sofa,2,499,15,,-7.85,UPI
ORD01078,2024-07-18,CUST1603,58.0,Female,Gujarat,West,Office Supplies,Notebook,7,199,15,1184.05,262.96,Card
ORD01079,2025-05-09,CUST1526,36.0,Female,Odisha,East,Office Supplies,Pen,8,14999,5,113992.4,7412.22,Cash
ORD01080,2024-07-05,CUST1499,18.0,Female,Tamil Nadu,South,Furniture,Sofa,5,14999,15,63745.75,-700.28,Net Banking
ORD01081,2025-03-29,CUST1350,58.0,Male,Maharashtra,West,Electronics,Laptop,7,14999,10,94493.7,-1597.06,UPI
ORD01082,2025-12-02,CUST1307,,Male,Delhi,North,Electronics,Phone,5,999,20,3996.0,460.17,UPI
ORD01083,2024-11-29,CUST1979,51.0,Female,West Bengal,East,Electronics,Phone,3,499,20,1197.6,217.85,Net Banking
ORD01084,2024-12-28,CUST1849,65.0,Female,West Bengal,East,Furniture,Desk,5,999,5,4745.25,271.34,Net Banking
ORD01085,2025-02-22,CUST1362,59.0,Male,Odisha,East,Office Supplies,Pen,7,199,15,1184.05,-36.28,Net Banking
ORD01086,2025-01-17,CUST1024,38.0,Female,West Bengal,East,Office Supplies,Notebook,4,14999,10,53996.4,2871.47,Net Banking
ORD01087,2024-06-13,CUST1333,64.0,Female,West Bengal,East,Electronics,Headphones,8,999,0,7992.0,-191.41,Net Banking
ORD01088,2025-08-23,CUST1384,21.0,Male,Punjab,North,Office Supplies,Printer Paper,8,499,10,3592.8,1061.4,Card
ORD01089,2024-03-16,CUST1332,64.0,Female,Odisha,East,Office Supplies,Pen,8,999,0,7992.0,920.23,UPI
ORD01090,2025-07-13,CUST1781,60.0,Female,Tamil Nadu,South,Office Supplies,Notebook,2,2499,5,4748.1,307.41,Cash
ORD01091,2024-08-07,CUST1188,38.0,Female,Delhi,North,Electronics,Headphones,6,999,15,5094.9,1077.8,UPI
ORD01092,2024-01-24,CUST1143,25.0,Female,Gujarat,West,Furniture,Chair,5,999,20,3996.0,845.86,Net Banking
ORD01093,2025-03-23,CUST1032,50.0,Female,Gujarat,West,Electronics,Headphones,1,7999,10,7199.1,-319.13,Net Banking
ORD01094,2024-04-25,CUST1544,28.0,Male,Odisha,East,Office Supplies,Notebook,2,7999,0,15998.0,4655.09,Net Banking
ORD01095,2024-06-04,CUST1666,39.0,Male,Karnataka,South,Office Supplies,Pen,5,2499,15,10620.75,2774.93,UPI
ORD01096,2024-01-07,CUST1638,42.0,Male,Odisha,East,Office Supplies,Printer Paper,7,199,15,1184.05,178.98,Card
ORD01097,2024-11-30,CUST1545,47.0,Male,Tamil Nadu,South,Furniture,Chair,5,499,20,1996.0,371.43,Cash
ORD01098,2025-09-08,CUST1967,20.0,Male,Karnataka,South,Electronics,Laptop,5,499,0,2495.0,-101.85,Cash
ORD01099,2024-10-04,CUST1238,31.0,Female,Punjab,North,Furniture,Chair,4,499,10,1796.4,12.85,Card
ORD01100,2025-04-02,CUST1449,43.0,Male,Tamil Nadu,South,Electronics,Phone,1,2499,5,2374.05,197.39,UPI
ORD01101,2025-05-15,CUST1758,56.0,Female,Maharashtra,West,Electronics,Laptop,2,499,5,948.1,-7.47,Cash
ORD01102,2025-04-12,CUST1016,18.0,Female,Maharashtra,West,Electronics,Laptop,6,2499,10,13494.6,1728.08,Net Banking
ORD01103,2025-10-29,CUST1307,32.0,Male,Maharashtra,West,Furniture,Desk,5,199,15,845.75,237.72,Net Banking
ORD01104,2024-06-30,CUST1578,18.0,Male,Maharashtra,West,Furniture,Sofa,6,199,5,1134.3,279.71,UPI
ORD01105,2025-02-28,CUST1843,28.0,Female,Tamil Nadu,South,Electronics,Laptop,4,14999,10,53996.4,4324.92,UPI
ORD01106,2024-01-31,CUST1509,31.0,Female,Karnataka,South,Office Supplies,Printer Paper,3,999,0,2997.0,675.21,Net Banking
ORD01107,2025-04-26,CUST1035,65.0,Male,Odisha,East,Office Supplies,Pen,1,199,10,179.1,-7.17,Net Banking
ORD01108,2024-08-16,CUST1094,44.0,Male,Punjab,North,Office Supplies,Printer Paper,3,499,0,1497.0,-67.02,Card
ORD01109,2024-01-01,CUST1318,48.0,Female,Gujarat,West,Furniture,Sofa,8,499,20,3193.6,745.06,Cash
ORD01110,2025-08-07,CUST1200,26.0,Male,Tamil Nadu,South,Office Supplies,Printer Paper,6,7999,0,47994.0,5626.17,UPI
ORD01111,2025-09-21,CUST1107,33.0,Male,Karnataka,South,Office Supplies,Notebook,2,14999,15,25498.3,1244.44,Cash
ORD01112,2025-08-14,CUST1904,35.0,Male,Tamil Nadu,South,Furniture,Sofa,8,14999,20,95993.6,12668.36,Cash
ORD01113,2024-07-21,CUST1186,18.0,Male,Gujarat,West,Office Supplies,Notebook,1,14999,15,12749.15,2182.12,Card
ORD01114,2024-12-18,CUST1192,58.0,Female,Karnataka,South,Furniture,Desk,1,7999,15,6799.15,811.45,Net Banking
ORD01115,2025-06-10,CUST1946,39.0,Female,Tamil Nadu,South,Office Supplies,Pen,8,199,10,1432.8,257.06,UPI
ORD01116,2024-12-16,CUST1781,51.0,Female,Odisha,East,Furniture,Sofa,8,14999,0,119992.0,22055.06,Card
ORD01117,2024-04-23,CUST1123,53.0,Female,Odisha,East,Office Supplies,Notebook,3,199,5,567.15,165.2,UPI
ORD01118,2025-06-07,CUST1199,27.0,Male,Odisha,East,Furniture,Desk,2,7999,5,15198.1,1354.84,Card
ORD01119,2025-06-29,CUST1371,52.0,Male,Tamil Nadu,South,Office Supplies,Printer Paper,3,7999,20,19197.6,2567.98,UPI
ORD01120,2024-06-04,CUST1553,57.0,Female,West Bengal,East,Electronics,Headphones,3,14999,20,35997.6,1050.77,UPI
ORD01121,2025-04-24,CUST1329,26.0,Female,West Bengal,East,Furniture,Desk,7,7999,15,,12508.22,Card
ORD01122,2024-03-09,CUST1060,44.0,Male,Punjab,North,Office Supplies,Printer Paper,5,499,20,1996.0,315.16,UPI
ORD01123,2024-07-17,CUST1254,40.0,Male,Maharashtra,West,Electronics,Phone,3,14999,15,38247.45,3321.79,UPI
ORD01124,2024-10-09,CUST1778,38.0,Male,West Bengal,East,Furniture,Chair,3,499,15,1272.45,-0.2,Card
ORD01125,2024-05-07,CUST1554,65.0,Female,West Bengal,East,Office Supplies,Printer Paper,8,499,15,3393.2,185.23,UPI
ORD01126,2025-03-12,CUST1599,28.0,Female,Punjab,North,Furniture,Chair,7,999,0,6993.0,1184.72,Cash
ORD01127,2025-03-18,CUST1431,21.0,Male,Karnataka,South,Electronics,Headphones,6,499,15,2544.9,618.02,Cash
ORD01128,2024-03-26,CUST1013,24.0,Female,Odisha,East,Office Supplies,Printer Paper,6,2499,10,13494.6,3968.5,UPI
ORD01129,2025-08-02,CUST1384,56.0,Female,Maharashtra,West,Office Supplies,Pen,5,199,15,845.75,123.68,Card
ORD01130,2025-12-27,CUST1925,56.0,Female,Delhi,North,Office Supplies,Notebook,2,499,10,898.2,137.46,Net Banking
ORD01131,2025-02-12,CUST1832,58.0,Female,Punjab,North,Office Supplies,Pen,8,7999,20,51193.6,-1891.77,Card
ORD01132,2024-01-30,CUST1746,47.0,Female,Karnataka,South,Electronics,Headphones,6,199,10,1074.6,292.54,Cash
ORD01133,2025-10-12,CUST1269,28.0,Male,Odisha,East,Electronics,Phone,8,199,10,1432.8,158.14,Cash
ORD01134,2024-08-21,CUST1324,37.0,Male,Gujarat,West,Electronics,Phone,2,999,10,1798.2,298.04,Card
ORD01135,2025-12-25,CUST1497,40.0,Female,Gujarat,West,Office Supplies,Pen,3,2499,5,7122.15,303.68,Net Banking
ORD01136,2025-06-02,CUST1717,59.0,Female,West Bengal,East,Electronics,Phone,1,199,5,189.05,29.05,UPI
ORD01137,2025-11-10,CUST1414,34.0,Male,Maharashtra,West,Electronics,Laptop,2,14999,20,23998.4,6483.03,Cash
ORD01138,2024-03-25,CUST1331,32.0,Female,Odisha,East,Electronics,Phone,2,14999,10,26998.2,4446.52,Card
ORD01139,2024-08-12,CUST1251,32.0,Female,Karnataka,South,Office Supplies,Pen,1,2499,5,2374.05,573.66,UPI
ORD01140,2025-02-28,CUST1569,53.0,Male,Karnataka,South,Furniture,Chair,1,7999,15,6799.15,1654.07,Net Banking
ORD01141,2025-01-07,CUST1822,34.0,Female,Tamil Nadu,South,Office Supplies,Printer Paper,7,14999,10,94493.7,18649.38,Cash
ORD01142,2025-12-20,CUST1252,52.0,Male,West Bengal,East,Furniture,Sofa,6,199,5,1134.3,70.99,Card
ORD01143,2025-10-22,CUST1999,53.0,Male,Gujarat,West,Electronics,Headphones,4,14999,10,53996.4,10861.25,Net Banking
ORD01144,2024-06-24,CUST1022,53.0,Female,West Bengal,East,Furniture,Sofa,8,2499,20,15993.6,1641.97,Card
ORD01145,2024-10-09,CUST1583,34.0,Male,Odisha,East,Office Supplies,Notebook,2,14999,10,26998.2,-731.8,Net Banking
ORD01146,2024-11-07,CUST1338,32.0,Female,Maharashtra,West,Furniture,Chair,8,999,20,6393.6,1240.5,UPI
ORD01147,2024-03-13,CUST1628,22.0,Female,West Bengal,East,Office Supplies,Notebook,6,7999,0,47994.0,10612.3,UPI
ORD01148,2024-12-05,CUST1091,24.0,Female,Karnataka,South,Office Supplies,Notebook,3,199,15,507.45,104.04,Net Banking
ORD01149,2024-12-29,CUST1181,63.0,Female,Gujarat,West,Office Supplies,Pen,3,999,5,2847.15,-46.83,Cash
ORD01150,2025-10-24,CUST1648,23.0,Female,Maharashtra,West,Electronics,Phone,7,499,5,3318.35,241.97,Net Banking
ORD01151,2024-04-07,CUST1172,18.0,Male,Punjab,North,Electronics,Headphones,1,7999,0,7999.0,1511.4,Card
ORD01152,2025-09-27,CUST1510,29.0,Male,Odisha,East,Furniture,Chair,6,199,5,1134.3,18.11,Cash
ORD01153,2025-03-31,CUST1031,57.0,Male,Delhi,North,Office Supplies,Pen,3,2499,5,7122.15,908.54,Card
ORD01154,2024-04-12,CUST1509,30.0,Male,Odisha,East,Electronics,Phone,3,7999,20,19197.6,164.81,Cash
ORD01155,2024-09-02,CUST1983,49.0,Male,Gujarat,West,Furniture,Chair,2,999,5,1898.1,148.04,Net Banking
ORD01156,2024-11-24,CUST1933,51.0,Female,Punjab,North,Electronics,Phone,2,7999,0,15998.0,2915.31,UPI
ORD01157,2025-01-21,CUST1084,49.0,Male,Odisha,East,electronics,Phone,4,999,15,,310.73,Net Banking
ORD01158,2024-10-21,CUST1789,61.0,Male,Punjab,North,Office Supplies,Pen,7,999,15,5944.05,1767.17,Card
ORD01159,2025-07-01,CUST1028,21.0,Female,Karnataka,South,Furniture,Sofa,3,14999,10,40497.3,8453.41,Net Banking
ORD01160,2024-07-01,CUST1520,41.0,Male,Tamil Nadu,South,Office Supplies,Notebook,7,14999,20,83994.4,11204.4,UPI
ORD01161,2025-08-07,CUST1655,57.0,Male,Punjab,North,Electronics,Laptop,6,199,5,1134.3,139.91,Card
ORD01162,2024-12-04,CUST1181,42.0,Male,Maharashtra,West,Office Supplies,Notebook,5,199,5,945.25,170.96,Cash
ORD01163,2025-03-08,CUST1696,54.0,Female,Maharashtra,West,Electronics,Laptop,4,7999,10,28796.4,7449.07,UPI
ORD01164,2024-07-13,CUST1836,49.0,Female,Odisha,East,Office Supplies,Notebook,7,2499,15,14869.05,703.76,Card
ORD01165,2024-04-27,CUST1118,28.0,Female,Maharashtra,West,Office Supplies,Pen,3,14999,5,42747.15,-1082.21,Card
ORD01166,2024-10-20,CUST1291,54.0,Female,Tamil Nadu,South,Electronics,Headphones,5,14999,15,63745.75,3167.04,Card
ORD01167,2024-02-06,CUST1480,48.0,Male,Punjab,North,Electronics,Laptop,8,499,5,3792.4,498.24,Card
ORD01168,2025-09-22,CUST1379,46.0,Male,Karnataka,South,Furniture,Chair,2,14999,0,29998.0,1038.33,Net Banking
ORD01169,2024-06-05,CUST1349,34.0,Male,Delhi,North,Electronics,Headphones,6,199,20,955.2,-43.01,Cash
ORD01170,2025-06-01,CUST1065,32.0,Male,Maharashtra,West,Office Supplies,Notebook,7,2499,5,16618.35,4676.2,UPI
ORD01171,2025-07-24,CUST1164,27.0,Female,Odisha,East,Electronics,Phone,2,499,20,798.4,107.78,Card
ORD01172,2024-11-25,CUST1379,20.0,Male,Delhi,North,Furniture,Sofa,1,7999,5,7599.05,1545.86,Card
ORD01173,2024-08-17,CUST1780,58.0,Male,Karnataka,South,Furniture,Chair,1,2499,20,1999.2,-16.24,Card
ORD01174,2024-08-31,CUST1699,49.0,Female,Punjab,North,Office Supplies,Printer Paper,7,999,20,5594.4,477.59,Cash
ORD01175,2024-06-27,CUST1986,42.0,Female,Gujarat,West,Electronics,Phone,6,499,5,2844.3,143.36,UPI
ORD01176,2025-07-08,CUST1872,32.0,Female,West Bengal,East,Furniture,Desk,3,199,15,507.45,47.51,UPI
ORD01177,2025-02-01,CUST1474,41.0,Female,West Bengal,East,Furniture,Desk,7,2499,15,14869.05,1566.64,Cash
ORD01178,2025-08-05,CUST1199,64.0,Female,Maharashtra,West,Office Supplies,Printer Paper,4,499,5,1896.2,378.11,Net Banking
ORD01179,2025-07-09,CUST1667,46.0,Female,Gujarat,West,Office Supplies,Pen,4,2499,5,9496.2,1088.09,Net Banking
ORD01180,2025-03-18,CUST1184,46.0,Male,Delhi,North,Electronics,Phone,3,14999,15,38247.45,10632.51,UPI
ORD01181,2024-07-21,CUST1154,44.0,Female,Maharashtra,West,Furniture,Sofa,3,14999,15,38247.45,5785.85,Net Banking
ORD01182,2024-03-28,CUST1021,18.0,Male,Karnataka,South,Furniture,Desk,1,14999,0,14999.0,3381.33,Cash
ORD01183,2025-01-06,CUST1638,38.0,Female,Punjab,North,Furniture,Chair,3,499,10,1347.3,329.06,Net Banking
ORD01184,2024-06-04,CUST1167,44.0,Male,West Bengal,East,Furniture,Desk,2,7999,5,15198.1,4031.84,Net Banking
ORD01185,2024-04-09,CUST1773,20.0,Male,Tamil Nadu,South,Office Supplies,Pen,4,199,5,756.2,202.82,Net Banking
ORD01186,2025-08-21,CUST1585,29.0,Female,Gujarat,West,Furniture,Chair,1,7999,10,7199.1,1985.73,Card
ORD01187,2024-11-03,CUST1693,43.0,Male,Gujarat,West,Furniture,Chair,6,199,5,1134.3,-3.14,Card
ORD01188,2025-05-21,CUST1016,57.0,Female,Tamil Nadu,South,Furniture,Sofa,2,999,20,1598.4,470.33,UPI
ORD01189,2024-06-19,CUST1053,59.0,Male,Odisha,East,Electronics,Headphones,5,7999,0,39995.0,4853.92,Cash
ORD01190,2024-12-06,CUST1564,20.0,Male,Odisha,East,Furniture,Desk,1,999,15,849.15,153.52,Card
ORD01191,2025-11-19,CUST1276,62.0,Female,Punjab,North,Furniture,Chair,8,2499,15,16993.2,-635.65,Cash
ORD01192,2025-07-19,CUST1197,49.0,Female,Odisha,East,Furniture,Sofa,6,499,10,2694.6,543.48,Cash
ORD01193,2024-05-11,CUST1825,24.0,Male,Punjab,North,Office Supplies,Notebook,6,7999,0,47994.0,-2013.22,Card
ORD01194,2024-01-14,CUST1754,39.0,Male,Tamil Nadu,South,Electronics,Laptop,4,199,0,796.0,-37.11,UPI
ORD01195,2024-03-24,CUST1190,23.0,Male,Gujarat,West,Office Supplies,Notebook,2,199,5,378.1,7.5,Card
ORD01196,2024-07-16,CUST1487,30.0,Female,Maharashtra,West,Electronics,Laptop,2,2499,10,4498.2,759.78,UPI
ORD01197,2024-03-22,CUST1180,30.0,Female,Gujarat,West,Office Supplies,Printer Paper,1,2499,5,2374.05,303.06,UPI
ORD01198,2024-08-21,CUST1166,43.0,Female,Karnataka,South,Office Supplies,Notebook,4,499,10,1796.4,385.69,Net Banking
ORD01199,2025-11-01,CUST1911,61.0,Female,West Bengal,East,Furniture,Desk,6,14999,5,85494.3,11600.96,Cash
ORD01200,2025-03-16,CUST1081,61.0,Female,Karnataka,South,Electronics,Laptop,8,999,0,7992.0,1334.23,Card
ORD01201,2024-11-22,CUST1461,40.0,Female,Punjab,North,Office Supplies,Pen,2,7999,10,14398.2,2944.46,Cash
ORD01202,2025-12-08,CUST1361,44.0,Female,Gujarat,West,Furniture,Desk,4,499,20,1596.8,15.48,Net Banking
ORD01203,2025-01-29,CUST1429,19.0,Male,Odisha,East,Furniture,Desk,8,499,5,3792.4,789.77,Cash
ORD01204,2024-07-07,CUST1222,24.0,Male,Maharashtra,West,Furniture,Desk,1,2499,5,2374.05,6.8,Net Banking
ORD01205,2024-11-06,CUST1849,53.0,Female,Maharashtra,West,Furniture,Desk,4,199,15,676.6,59.05,UPI
ORD01206,2024-06-12,CUST1499,60.0,Male,Tamil Nadu,South,Office Supplies,Printer Paper,8,2499,15,16993.2,4784.7,Cash
ORD01207,2025-06-15,CUST1965,49.0,Male,Delhi,North,Furniture,Sofa,8,7999,10,57592.8,-27.8,Net Banking
ORD01208,2025-03-15,CUST1626,25.0,Male,Maharashtra,West,Furniture,Sofa,3,999,10,2697.3,510.92,Cash
ORD01209,2025-04-02,CUST1378,44.0,Male,Odisha,East,Office Supplies,Notebook,6,7999,15,40794.9,-1138.43,UPI
ORD01210,2024-12-05,CUST1715,30.0,Male,West Bengal,East,Furniture,Sofa,8,999,20,6393.6,442.85,Cash
ORD01211,2024-04-07,CUST1393,27.0,Female,Karnataka,South,Electronics,Phone,8,199,10,,184.6,Card
ORD01212,2024-07-16,CUST1810,35.0,Male,Gujarat,West,Office Supplies,Printer Paper,5,199,15,845.75,73.03,Cash
ORD01213,2025-05-09,CUST1575,27.0,Female,Punjab,North,Electronics,Laptop,1,999,10,899.1,214.61,Cash
ORD01214,2025-09-03,CUST1619,25.0,Female,Gujarat,West,Office Supplies,Printer Paper,4,14999,5,56996.2,16255.54,Card
ORD01215,2024-07-28,CUST1147,36.0,Male,Tamil Nadu,South,Electronics,Phone,7,14999,0,104993.0,5707.62,Card
ORD01216,2025-08-31,CUST1454,38.0,Male,Maharashtra,West,Furniture,Desk,3,2499,15,6372.45,919.82,Cash
ORD01217,2024-11-26,CUST1979,19.0,Male,Gujarat,West,Electronics,Headphones,8,999,5,7592.4,1178.86,Card
ORD01218,2025-10-05,CUST1444,59.0,Female,Odisha,East,Furniture,Chair,6,14999,15,76494.9,10903.93,Net Banking
ORD01219,2024-02-10,CUST1904,50.0,Male,Tamil Nadu,South,Office Supplies,Notebook,5,999,20,3996.0,858.23,UPI
ORD01220,2025-12-31,CUST1240,23.0,Female,Maharashtra,West,Electronics,Laptop,3,199,20,477.6,3.43,Cash
ORD01221,2025-06-21,CUST1426,59.0,Female,West Bengal,East,Furniture,Desk,2,2499,15,4248.3,598.11,UPI
ORD01222,2025-10-22,CUST1699,53.0,Male,Delhi,North,Furniture,Chair,2,999,5,1898.1,64.05,Card
ORD01223,2024-05-20,CUST1512,38.0,Female,Tamil Nadu,South,Electronics,Laptop,4,499,5,1896.2,538.61,Net Banking
ORD01224,2024-02-11,CUST1204,55.0,Male,Maharashtra,West,Office Supplies,Pen,8,199,15,1353.2,192.85,UPI
ORD01225,2024-06-17,CUST1406,31.0,Male,Tamil Nadu,South,Electronics,Phone,2,7999,10,14398.2,1845.88,Card
ORD01226,2024-09-19,CUST1342,30.0,Female,Odisha,East,Office Supplies,Pen,7,499,5,3318.35,709.99,Cash
ORD01227,2025-10-29,CUST1687,50.0,Female,Maharashtra,West,Office Supplies,Pen,8,199,15,1353.2,218.11,UPI
ORD01228,2025-08-06,CUST1753,65.0,Female,Karnataka,South,Electronics,Phone,2,14999,5,28498.1,571.38,UPI
ORD01229,2024-01-25,CUST1317,18.0,Male,Odisha,East,Furniture,Chair,4,7999,10,28796.4,745.31,UPI
ORD01230,2025-02-04,CUST1616,28.0,Female,West Bengal,East,Furniture,Sofa,7,14999,10,94493.7,10418.83,Net Banking
ORD01231,2024-01-12,CUST1969,35.0,Male,West Bengal,East,Electronics,Headphones,2,199,0,398.0,66.37,Cash
ORD01232,2025-10-23,CUST1195,45.0,Female,Gujarat,West,Office Supplies,Printer Paper,3,199,0,597.0,47.05,Card
ORD01233,2024-09-26,CUST1467,31.0,Male,Odisha,East,Office Supplies,Notebook,5,199,0,995.0,55.44,Card
ORD01234,2025-08-16,CUST1711,53.0,Female,Maharashtra,West,Electronics,Laptop,2,14999,5,28498.1,3115.86,Cash
ORD01235,2025-01-21,CUST1030,20.0,Female,Punjab,North,Electronics,Headphones,3,499,0,1497.0,133.44,Net Banking
ORD01236,2024-10-14,CUST1726,36.0,Female,Gujarat,West,Electronics,Laptop,1,14999,0,14999.0,4286.72,UPI
ORD01237,2025-10-27,CUST1045,54.0,Female,West Bengal,East,Office Supplies,Pen,4,499,15,1696.6,396.37,Net Banking
ORD01238,2025-04-28,CUST1557,28.0,Female,Karnataka,South,Furniture,Desk,2,7999,10,14398.2,1579.34,Cash
ORD01239,2025-01-16,CUST1478,40.0,Female,Tamil Nadu,South,Office Supplies,Printer Paper,6,2499,5,14244.3,2180.43,UPI
ORD01240,2024-12-06,CUST1946,40.0,Female,Gujarat,West,Furniture,Desk,2,7999,10,14398.2,3738.79,Net Banking
ORD01241,2024-06-12,CUST1871,54.0,Male,Karnataka,South,Furniture,Sofa,3,7999,10,21597.3,3003.62,UPI
ORD01242,2024-09-17,CUST1956,53.0,Male,Maharashtra,West,Furniture,Chair,1,7999,0,7999.0,1211.15,UPI
ORD01243,2025-02-06,CUST1224,54.0,Female,Odisha,East,Electronics,Phone,6,7999,15,40794.9,5429.49,Net Banking
ORD01244,2025-05-31,CUST1819,24.0,Female,Delhi,North,Office Supplies,Printer Paper,8,499,5,3792.4,761.02,UPI
ORD01245,2024-07-14,CUST1024,19.0,Male,Punjab,North,Electronics,Phone,5,499,20,1996.0,346.08,Cash
ORD01246,2024-05-01,CUST1432,40.0,Female,Delhi,North,Electronics,Headphones,2,199,10,358.2,38.83,Card
ORD01247,2025-05-04,CUST1650,57.0,Male,Odisha,East,Furniture,Desk,4,999,15,3396.6,566.35,Net Banking
ORD01248,2025-01-27,CUST1770,52.0,Male,Punjab,North,Furniture,Desk,1,999,15,849.15,213.49,Net Banking
ORD01249,2025-07-10,CUST1094,23.0,Male,Odisha,East,Electronics,Phone,1,2499,0,2499.0,290.4,Card
ORD01250,2024-11-13,CUST1565,63.0,Female,Gujarat,West,Office Supplies,Pen,4,7999,15,27196.6,-1032.93,UPI
ORD01251,2025-03-31,CUST1070,50.0,Male,Maharashtra,West,Electronics,Headphones,3,7999,0,23997.0,6657.69,Net Banking
ORD01252,2025-06-13,CUST1502,29.0,Female,Odisha,East,Office Supplies,Printer Paper,1,999,20,799.2,-7.05,Cash
ORD01253,2024-03-19,CUST1203,48.0,Female,Karnataka,South,Furniture,Sofa,6,2499,0,14994.0,2854.6,UPI
ORD01254,2024-08-16,CUST1348,61.0,Female,Punjab,North,Office Supplies,Printer Paper,3,2499,0,7497.0,418.31,UPI
ORD01255,2025-03-24,CUST1508,41.0,Female,Maharashtra,West,Electronics,Laptop,3,499,20,1197.6,176.01,Card
ORD01256,2025-03-08,CUST1068,22.0,Male,West Bengal,East,Furniture,Desk,1,999,15,849.15,123.17,Cash
ORD01257,2024-03-29,CUST1584,29.0,Male,Odisha,East,Furniture,Sofa,4,499,0,1996.0,-82.96,Net Banking
ORD01258,2024-02-10,CUST1237,30.0,Male,Odisha,East,Furniture,Chair,3,7999,15,20397.45,-192.81,Cash
ORD01259,2025-11-12,CUST1272,55.0,Male,Tamil Nadu,South,Electronics,Phone,1,7999,0,7999.0,-84.28,Cash
ORD01260,2024-08-07,CUST1101,29.0,Female,Tamil Nadu,South,Electronics,Phone,4,499,15,1696.6,199.17,Card
ORD01261,2024-03-15,CUST1579,28.0,Male,Karnataka,South,Office Supplies,Notebook,2,2499,20,3998.4,1185.34,Net Banking
ORD01262,2025-02-08,CUST1028,30.0,Female,West Bengal,East,Furniture,Desk,1,2499,0,2499.0,636.58,Net Banking
ORD01263,2025-10-23,CUST1892,58.0,Male,Maharashtra,West,Office Supplies,Notebook,8,7999,20,51193.6,13364.62,UPI
ORD01264,2025-12-22,CUST1913,27.0,Male,Odisha,East,Electronics,Phone,1,2499,0,2499.0,366.33,Cash
ORD01265,2024-11-11,CUST1875,48.0,Female,Odisha,East,Furniture,Desk,6,999,20,4795.2,776.12,Net Banking
ORD01266,2025-10-08,CUST1064,34.0,Female,Tamil Nadu,South,Furniture,Chair,8,999,20,6393.6,837.24,Cash
ORD01267,2024-11-09,CUST1196,39.0,Female,West Bengal,East,Furniture,Desk,4,7999,5,30396.2,2187.91,Cash
ORD01268,2025-12-05,CUST1302,30.0,Female,Odisha,East,Office Supplies,Printer Paper,4,7999,5,30396.2,7015.0,Cash
ORD01269,2024-07-29,CUST1612,58.0,Female,Tamil Nadu,South,Office Supplies,Printer Paper,3,199,10,537.3,93.23,UPI
ORD01270,2025-04-15,CUST1550,39.0,Male,Gujarat,West,Electronics,Phone,8,14999,10,107992.8,29845.9,Cash
ORD01271,2024-09-17,CUST1950,49.0,Female,Punjab,North,Electronics,Phone,7,199,0,1393.0,22.46,Cash
ORD01272,2025-05-02,CUST1447,42.0,Female,Maharashtra,West,Furniture,Chair,7,14999,15,89244.05,14131.36,Card
ORD01273,2025-07-15,CUST1548,35.0,Male,Karnataka,South,Electronics,Phone,1,199,0,199.0,9.37,Card
ORD01274,2025-10-01,CUST1736,35.0,Female,Maharashtra,West,Electronics,Headphones,1,199,0,199.0,13.56,Net Banking
ORD01275,2024-06-04,CUST1023,53.0,Female,Karnataka,South,Electronics,Headphones,5,7999,10,35995.5,8792.58,UPI
ORD01276,2025-09-20,CUST1997,35.0,Female,Tamil Nadu,South,Electronics,Headphones,1,499,0,499.0,74.82,Card
ORD01277,2024-06-26,CUST1939,32.0,Female,Delhi,North,Furniture,Chair,4,2499,20,7996.8,63.77,Card
ORD01278,2025-04-01,CUST1218,32.0,Male,Delhi,North,Office Supplies,Pen,7,7999,20,44794.4,11080.18,Card
ORD01279,2024-10-05,CUST1210,61.0,Female,Gujarat,West,Furniture,Chair,7,7999,15,47594.05,-1996.13,Net Banking
ORD01280,2024-05-27,CUST1720,22.0,Female,Odisha,East,Electronics,Phone,7,2499,20,13994.4,306.68,UPI
ORD01281,2024-10-24,CUST1920,32.0,Female,Maharashtra,West,Electronics,Phone,6,2499,10,13494.6,500.22,Net Banking
ORD01282,2024-12-19,CUST1368,42.0,Male,Delhi,North,Office Supplies,Printer Paper,2,2499,0,4998.0,430.35,Net Banking
ORD01283,2025-01-10,CUST1933,34.0,Female,Gujarat,West,Furniture,Chair,7,999,10,6293.7,188.78,UPI
ORD01284,2024-08-22,CUST1092,63.0,Male,Karnataka,South,Office Supplies,Printer Paper,4,199,15,676.6,52.5,Card
ORD01285,2025-03-22,CUST1285,29.0,Male,Punjab,North,Electronics,Headphones,5,2499,5,11870.25,624.42,Net Banking
ORD01286,2025-11-01,CUST1801,65.0,Male,West Bengal,East,Office Supplies,Notebook,4,199,20,636.8,-20.22,Cash
ORD01287,2024-03-09,CUST1791,24.0,Female,Gujarat,West,Electronics,Laptop,1,499,20,399.2,79.59,UPI
ORD01288,2024-09-08,CUST1805,18.0,Female,Punjab,North,Office Supplies,Pen,3,499,20,1197.6,330.84,UPI
ORD01289,2025-04-25,CUST1159,26.0,Male,West Bengal,East,Office Supplies,Printer Paper,1,2499,5,2374.05,20.06,Cash
ORD01290,2024-06-14,CUST1655,56.0,Male,Odisha,East,Electronics,Phone,3,14999,0,44997.0,8985.92,Card
ORD01291,2025-02-08,CUST1563,52.0,Female,Maharashtra,West,Electronics,Phone,8,7999,15,54393.2,10178.81,Net Banking
ORD01292,2024-05-09,CUST1824,20.0,Male,Odisha,East,Furniture,Sofa,7,499,20,2794.4,699.37,Card
ORD01293,2024-01-25,CUST1322,49.0,Male,Odisha,East,Electronics,Headphones,7,2499,15,14869.05,815.29,Card
ORD01294,2024-11-05,CUST1405,33.0,Male,Tamil Nadu,South,Office Supplies,Notebook,8,7999,5,60792.4,10770.89,Card
ORD01295,2024-07-28,CUST1474,26.0,Female,Tamil Nadu,South,Furniture,Desk,7,2499,15,14869.05,1190.25,Card
ORD01296,2025-01-30,CUST1908,59.0,Female,Karnataka,South,Office Supplies,Notebook,5,999,0,4995.0,363.11,Card
ORD01297,2024-12-05,CUST1198,37.0,Male,Odisha,East,Office Supplies,Printer Paper,8,199,15,1353.2,-35.57,Card
ORD01298,2025-10-07,CUST1533,41.0,Male,Delhi,North,Office Supplies,Printer Paper,5,199,0,995.0,127.69,Net Banking
ORD01299,2024-02-22,CUST1820,51.0,Male,Gujarat,West,Office Supplies,Pen,6,7999,10,43194.6,2147.83,Net Banking
ORD01300,2025-03-26,CUST1749,64.0,Female,Gujarat,West,Office Supplies,Notebook,2,499,15,848.3,55.61,UPI
ORD01301,2024-02-15,CUST1310,18.0,Male,Karnataka,South,Electronics,Headphones,7,999,15,5944.05,160.98,UPI
ORD01302,2024-08-03,CUST1000,22.0,Male,Maharashtra,West,Furniture,Chair,7,7999,20,44794.4,1760.5,Card
ORD01303,2025-11-16,CUST1470,39.0,Female,Odisha,East,Electronics,Laptop,8,499,15,3393.2,-33.99,Net Banking
ORD01304,2025-08-26,CUST1532,61.0,Female,Odisha,East,Office Supplies,Printer Paper,6,7999,5,45594.3,8376.27,UPI
ORD01305,2025-02-18,CUST1052,55.0,Female,Karnataka,South,Furniture,Desk,5,999,20,3996.0,220.58,Cash
ORD01306,2024-04-10,CUST1714,52.0,Female,Delhi,North,electronics,Notebook,4,499,15,1696.6,452.67,Net Banking
ORD01307,2025-05-07,CUST1971,60.0,Male,Gujarat,West,Office Supplies,Pen,5,199,5,945.25,6.48,Cash
ORD01308,2024-12-07,CUST1960,41.0,Male,Punjab,North,Furniture,Desk,3,2499,15,6372.45,1863.47,Cash
ORD01309,2024-10-20,CUST1249,57.0,Male,Tamil Nadu,South,Furniture,Desk,4,2499,15,8496.6,2101.27,Cash
ORD01310,2024-01-09,CUST1153,52.0,Female,Tamil Nadu,South,Office Supplies,Pen,2,199,0,398.0,-8.43,Net Banking
ORD01311,2025-01-10,CUST1695,61.0,Female,Delhi,North,Electronics,Laptop,8,499,0,3992.0,-13.1,Card
ORD01312,2024-02-10,CUST1629,18.0,Male,Delhi,North,Furniture,Desk,2,199,20,318.4,-6.74,UPI
ORD01313,2025-09-19,CUST1291,26.0,Male,Gujarat,West,Electronics,Phone,5,7999,20,31996.0,-797.05,Net Banking
ORD01314,2024-10-17,CUST1032,43.0,Female,West Bengal,East,Office Supplies,Printer Paper,2,2499,20,3998.4,113.26,UPI
ORD01315,2024-08-28,CUST1813,37.0,Female,Gujarat,West,Furniture,Sofa,5,999,15,4245.75,408.82,UPI
ORD01316,2024-04-30,CUST1151,24.0,Female,Tamil Nadu,South,Electronics,Headphones,3,199,0,597.0,-17.57,UPI
ORD01317,2025-03-21,CUST1419,25.0,Female,Karnataka,South,Furniture,Desk,6,7999,5,45594.3,9188.35,UPI
ORD01318,2024-02-02,CUST1861,34.0,Female,Maharashtra,West,Furniture,Chair,7,499,10,3143.7,-84.5,UPI
ORD01319,2025-12-25,CUST1432,60.0,Female,Gujarat,West,Office Supplies,Pen,6,2499,5,14244.3,3354.87,UPI
ORD01320,2024-05-23,CUST1245,50.0,Female,Delhi,North,Furniture,Desk,2,2499,10,4498.2,8.36,Cash
ORD01321,2025-09-21,CUST1381,39.0,Male,Karnataka,South,Furniture,Chair,1,14999,10,13499.1,2686.02,Card
ORD01322,2025-02-04,CUST1910,51.0,Male,Maharashtra,West,Electronics,Laptop,6,14999,20,71995.2,3290.62,Net Banking
ORD01323,2024-12-06,CUST1018,44.0,Male,Punjab,North,Office Supplies,Printer Paper,5,7999,15,33995.75,-1170.14,Net Banking
ORD01324,2024-09-28,CUST1307,59.0,Male,Gujarat,West,Office Supplies,Printer Paper,4,999,20,3196.8,89.56,UPI
ORD01325,2025-04-05,CUST1244,43.0,Male,Odisha,East,Furniture,Chair,4,199,5,756.2,214.16,Net Banking
ORD01326,2025-10-17,CUST1806,37.0,Male,Delhi,North,Furniture,Sofa,7,199,20,1114.4,283.05,Net Banking
ORD01327,2025-11-02,CUST1205,18.0,Female,Tamil Nadu,South,Electronics,Laptop,7,7999,10,50393.7,606.38,Card
ORD01328,2024-10-26,CUST1687,34.0,Female,West Bengal,East,Furniture,Chair,2,499,10,898.2,8.23,UPI
ORD01329,2025-07-09,CUST1708,53.0,Male,Maharashtra,West,Office Supplies,Notebook,6,199,10,1074.6,62.67,Card
ORD01330,2025-04-07,CUST1345,25.0,Female,Karnataka,South,Electronics,Laptop,2,999,5,1898.1,-19.59,Card
ORD01331,2024-07-12,CUST1558,34.0,Male,Gujarat,West,Electronics,Phone,2,999,5,1898.1,162.78,Card
ORD01332,2025-10-08,CUST1359,19.0,Female,Delhi,North,Electronics,Phone,3,7999,20,19197.6,344.78,Net Banking
ORD01333,2025-05-10,CUST1792,55.0,Male,Maharashtra,West,Office Supplies,Pen,4,499,5,1896.2,317.38,UPI
ORD01334,2024-07-11,CUST1003,54.0,Female,Gujarat,West,Furniture,Desk,6,499,0,2994.0,-111.58,Card
ORD01335,2024-04-08,CUST1608,51.0,Male,Odisha,East,Furniture,Sofa,1,999,15,849.15,-17.13,UPI
ORD01336,2025-10-15,CUST1324,33.0,Female,Gujarat,West,Office Supplies,Printer Paper,6,199,20,955.2,223.32,Net Banking
ORD01337,2025-01-23,CUST1156,35.0,Female,West Bengal,East,Electronics,Laptop,5,14999,5,71245.25,13790.76,Net Banking
ORD01338,2024-01-27,CUST1291,38.0,Male,Punjab,North,Electronics,Phone,5,14999,10,67495.5,6236.91,Card
ORD01339,2024-05-06,CUST1187,54.0,Male,Karnataka,South,Furniture,Chair,2,999,10,1798.2,110.43,Card
ORD01340,2025-12-08,CUST1559,37.0,Female,Karnataka,South,Furniture,Desk,2,14999,20,23998.4,6655.31,Card
ORD01341,2024-02-23,CUST1140,22.0,Male,Maharashtra,West,Furniture,Desk,2,14999,10,26998.2,1192.43,Card
ORD01342,2024-06-11,CUST1605,53.0,Male,Punjab,North,Electronics,Phone,6,2499,20,11995.2,-151.0,Card
ORD01343,2025-12-26,CUST1129,28.0,Male,West Bengal,East,Electronics,Headphones,2,14999,0,29998.0,3438.09,Net Banking
ORD01344,2025-03-16,CUST1216,57.0,Female,Punjab,North,Office Supplies,Printer Paper,4,2499,20,7996.8,266.05,UPI
ORD01345,2025-09-23,CUST1876,25.0,Female,Odisha,East,Electronics,Phone,7,7999,10,50393.7,2231.24,Cash
ORD01346,2025-08-13,CUST1188,59.0,Male,Maharashtra,West,Electronics,Phone,4,14999,10,53996.4,10364.88,UPI
ORD01347,2024-05-16,CUST1988,31.0,Female,Karnataka,South,Electronics,Laptop,1,14999,0,14999.0,2841.17,Card
ORD01348,2025-04-02,CUST1147,27.0,Male,Delhi,North,Office Supplies,Notebook,1,2499,0,2499.0,173.62,Cash
ORD01349,2024-05-29,CUST1211,42.0,Female,Odisha,East,Furniture,Sofa,5,2499,5,11870.25,2970.11,UPI
ORD01350,2025-04-19,CUST1162,21.0,Male,Tamil Nadu,South,Furniture,Desk,7,199,10,1253.7,-61.34,Net Banking
ORD01351,2025-03-12,CUST1787,18.0,Female,West Bengal,East,Furniture,Chair,5,499,10,2245.5,107.26,Card
ORD01352,2024-10-09,CUST1859,48.0,Female,Gujarat,West,Furniture,Sofa,4,2499,5,9496.2,1813.31,Cash
ORD01353,2025-01-28,CUST1224,53.0,Male,Tamil Nadu,South,Electronics,Phone,3,199,5,567.15,99.72,Card
ORD01354,2025-02-17,CUST1020,22.0,Male,Odisha,East,Office Supplies,Pen,2,999,20,1598.4,367.33,UPI
ORD01355,2024-01-04,CUST1152,19.0,Female,Odisha,East,Electronics,Headphones,3,14999,15,38247.45,11172.39,Net Banking
ORD01356,2025-03-11,CUST1257,62.0,Female,West Bengal,East,Furniture,Chair,3,199,10,537.3,108.7,UPI
ORD01357,2024-11-28,CUST1046,39.0,Female,Gujarat,West,Electronics,Phone,8,7999,5,60792.4,15902.68,Net Banking
ORD01358,2024-04-15,CUST1578,26.0,Male,Tamil Nadu,South,Furniture,Chair,7,7999,0,55993.0,10717.35,Net Banking
ORD01359,2024-05-18,CUST1226,65.0,Male,Delhi,North,Furniture,Desk,2,199,20,318.4,33.26,UPI
ORD01360,2024-10-14,CUST1658,55.0,Female,West Bengal,East,Electronics,Phone,1,7999,15,6799.15,-53.73,UPI
ORD01361,2025-07-03,CUST1764,58.0,Male,Punjab,North,Electronics,Headphones,2,199,10,358.2,81.27,Card
ORD01362,2024-12-04,CUST1102,23.0,Male,Gujarat,West,Office Supplies,Notebook,1,2499,5,2374.05,542.48,Cash
ORD01363,2024-01-28,CUST1756,24.0,Male,Punjab,North,Office Supplies,Pen,6,2499,20,11995.2,2322.01,Cash
ORD01364,2024-08-02,CUST1202,26.0,Female,Karnataka,South,Electronics,Laptop,1,14999,5,14249.05,264.31,Net Banking
ORD01365,2024-07-28,CUST1375,58.0,Female,Punjab,North,Electronics,Headphones,3,199,0,597.0,121.79,Net Banking
ORD01366,2025-06-29,CUST1179,61.0,Female,Karnataka,South,Electronics,Phone,7,199,5,1323.35,107.31,Card
ORD01367,2025-12-17,CUST1832,28.0,Female,Delhi,North,Electronics,Laptop,3,2499,0,7497.0,765.57,Cash
ORD01368,2025-03-31,CUST1285,38.0,Female,Maharashtra,West,Office Supplies,Printer Paper,4,2499,15,8496.6,87.07,UPI
ORD01369,2025-08-18,CUST1118,62.0,Male,Delhi,North,Furniture,Desk,7,7999,15,47594.05,13066.31,Card
ORD01370,2024-05-18,CUST1054,51.0,Male,Karnataka,South,Office Supplies,Pen,7,14999,20,83994.4,16744.88,UPI
ORD01371,2024-12-13,CUST1537,52.0,Male,Karnataka,South,Electronics,Headphones,2,499,20,798.4,114.41,Cash
ORD01372,2024-07-29,CUST1143,32.0,Male,Odisha,East,Office Supplies,Notebook,3,199,15,507.45,61.75,UPI
ORD01373,2025-11-28,CUST1282,39.0,Male,Maharashtra,West,Furniture,Sofa,2,14999,10,26998.2,3005.3,Card
ORD01374,2024-06-17,CUST1775,65.0,Male,Delhi,North,Office Supplies,Printer Paper,1,14999,0,14999.0,-310.9,Card
ORD01375,2024-06-02,CUST1361,38.0,Female,Tamil Nadu,South,Electronics,Phone,6,199,20,955.2,-39.12,Card
ORD01376,2025-08-13,CUST1552,48.0,Female,Odisha,East,Furniture,Chair,2,7999,5,15198.1,2433.55,Net Banking
ORD01377,2025-06-03,CUST1445,47.0,Male,Delhi,North,Electronics,Phone,1,999,15,849.15,96.89,Card
ORD01378,2024-03-31,CUST1370,64.0,Female,Delhi,North,Office Supplies,Pen,4,2499,10,8996.4,1554.88,UPI
ORD01379,2025-06-07,CUST1233,38.0,Female,Gujarat,West,Office Supplies,Notebook,4,2499,5,9496.2,2176.48,Card
ORD01380,2024-02-10,CUST1640,48.0,Male,Odisha,East,Electronics,Headphones,7,14999,0,104993.0,15054.96,Net Banking
ORD01381,2024-01-18,CUST1790,57.0,Male,Karnataka,South,Furniture,Sofa,8,7999,10,57592.8,12974.69,UPI
ORD01382,2024-05-07,CUST1911,53.0,Male,Delhi,North,Furniture,Chair,2,2499,10,4498.2,1089.53,Cash
ORD01383,2024-07-11,CUST1541,59.0,Male,West Bengal,East,Office Supplies,Pen,8,499,20,3193.6,57.0,Net Banking
ORD01384,2024-10-29,CUST1743,28.0,Female,West Bengal,East,Electronics,Headphones,2,499,15,848.3,141.39,Net Banking
ORD01385,2025-06-25,CUST1441,31.0,Male,West Bengal,East,Electronics,Laptop,7,14999,5,99743.35,7868.73,Cash
ORD01386,2025-01-17,CUST1775,36.0,Male,West Bengal,East,Furniture,Chair,7,999,15,5944.05,28.74,UPI
ORD01387,2024-10-27,CUST1196,64.0,Male,Maharashtra,West,Office Supplies,Printer Paper,6,999,20,4795.2,906.84,Card
ORD01388,2025-06-27,CUST1517,19.0,Male,Gujarat,West,Furniture,Desk,5,999,20,3996.0,605.39,Card
ORD01389,2024-05-17,CUST1476,57.0,Male,West Bengal,East,Office Supplies,Printer Paper,3,999,10,2697.3,550.04,Cash
ORD01390,2024-08-09,CUST1213,40.0,Male,Punjab,North,Office Supplies,Printer Paper,1,999,5,949.05,20.52,Cash
ORD01391,2025-12-29,CUST1614,47.0,Female,West Bengal,East,Furniture,Sofa,4,499,0,1996.0,-36.89,Card
ORD01392,2024-05-17,CUST1414,59.0,Female,Delhi,North,Electronics,Headphones,2,14999,5,28498.1,3488.26,UPI
ORD01393,2025-05-23,CUST1776,38.0,Female,Punjab,North,Electronics,Headphones,2,199,20,318.4,68.93,Card
ORD01394,2024-01-28,CUST1830,19.0,Male,Gujarat,West,Office Supplies,Printer Paper,1,199,5,189.05,4.36,Cash
ORD01395,2025-10-14,CUST1719,49.0,Female,Maharashtra,West,Office Supplies,Notebook,1,499,15,424.15,28.35,Cash
ORD01396,2024-12-20,CUST1137,21.0,Male,Punjab,North,Electronics,Headphones,4,2499,10,8996.4,1470.1,Cash
ORD01397,2024-08-24,CUST1406,51.0,Female,Delhi,North,Office Supplies,Printer Paper,5,199,20,796.0,41.62,Cash
ORD01398,2025-09-13,CUST1616,50.0,Male,Delhi,North,Furniture,Chair,3,14999,5,42747.15,11950.4,Card
ORD01399,2024-02-07,CUST1712,65.0,Female,Tamil Nadu,South,Furniture,Desk,6,2499,0,14994.0,-265.71,UPI
ORD01400,2025-02-08,CUST1438,45.0,Male,Maharashtra,West,Furniture,Sofa,1,999,5,949.05,116.1,Card
ORD01401,2024-07-27,CUST1369,42.0,Female,Delhi,North,Furniture,Chair,1,499,0,499.0,65.91,Card
ORD01402,2024-08-05,CUST1102,29.0,Male,Punjab,North,Electronics,Headphones,8,199,10,1432.8,399.91,Cash
ORD01403,2025-10-03,CUST1867,49.0,Female,Odisha,East,Electronics,Phone,3,2499,20,5997.6,-71.55,UPI
ORD01404,2025-07-21,CUST1005,51.0,Female,Tamil Nadu,South,Furniture,Sofa,1,199,5,189.05,10.66,UPI
ORD01405,2025-10-22,CUST1383,57.0,Male,Odisha,East,Electronics,Phone,3,2499,0,7497.0,181.32,Card
ORD01406,2025-08-01,CUST1594,63.0,Male,Punjab,North,Furniture,Sofa,1,7999,0,7999.0,1020.59,Cash
ORD01407,2025-02-16,CUST1774,56.0,Female,West Bengal,East,Electronics,Headphones,8,999,20,6393.6,1486.92,Net Banking
ORD01408,2025-08-16,CUST1393,58.0,Male,Odisha,East,Electronics,Headphones,5,499,20,1996.0,447.57,UPI
ORD01409,2024-07-18,CUST1976,29.0,Male,West Bengal,East,Furniture,Chair,5,7999,20,31996.0,7272.83,Card
ORD01410,2024-02-26,CUST1417,57.0,Male,Karnataka,South,Furniture,Chair,7,2499,20,13994.4,2042.44,Net Banking
ORD01411,2024-06-27,CUST1767,31.0,Female,Tamil Nadu,South,Office Supplies,Notebook,8,2499,0,19992.0,3492.15,UPI
ORD01412,2025-06-16,CUST1141,60.0,Male,Tamil Nadu,South,Office Supplies,Printer Paper,6,14999,5,85494.3,22611.76,Cash
ORD01413,2024-12-15,CUST1030,53.0,Male,Punjab,North,Furniture,Sofa,2,499,20,798.4,130.54,Net Banking
ORD01414,2025-01-22,CUST1352,44.0,Male,West Bengal,East,Furniture,Sofa,5,199,20,796.0,66.75,UPI
ORD01415,2024-12-10,CUST1945,25.0,Female,Punjab,North,Furniture,Chair,3,499,20,1197.6,71.61,UPI
ORD01416,2024-10-05,CUST1641,20.0,Male,Odisha,East,Office Supplies,Notebook,4,7999,10,28796.4,7124.73,UPI
ORD01417,2025-02-02,CUST1064,21.0,Male,Maharashtra,West,Electronics,Laptop,7,7999,15,47594.05,12734.68,Net Banking
ORD01418,2024-01-27,CUST1049,,Female,Karnataka,South,Electronics,Headphones,4,7999,10,28796.4,6860.63,Card
ORD01419,2025-02-21,CUST1792,29.0,Male,West Bengal,East,Furniture,Sofa,2,14999,10,26998.2,-836.59,Net Banking
ORD01420,2025-05-22,CUST1451,46.0,Female,Maharashtra,West,Electronics,Headphones,6,499,10,2694.6,120.02,Net Banking
ORD01421,2025-02-25,CUST1687,26.0,Male,Karnataka,South,Office Supplies,Pen,3,14999,15,38247.45,8301.16,Cash
ORD01422,2025-08-01,CUST1716,56.0,Male,Delhi,North,Office Supplies,Pen,8,2499,0,19992.0,5871.53,Cash
ORD01423,2025-04-09,CUST1237,23.0,Male,Punjab,North,Office Supplies,Printer Paper,5,199,5,945.25,18.39,Cash
ORD01424,2024-03-22,CUST1475,18.0,Male,West Bengal,East,Electronics,Phone,7,199,15,1184.05,166.52,UPI
ORD01425,2025-03-08,CUST1243,50.0,Female,Delhi,North,Office Supplies,Notebook,1,2499,0,2499.0,66.49,UPI
ORD01426,2025-04-03,CUST1076,60.0,Female,Gujarat,West,Office Supplies,Printer Paper,6,2499,0,14994.0,249.43,Cash
ORD01427,2024-10-28,CUST1522,20.0,Male,West Bengal,East,Office Supplies,Notebook,6,199,5,1134.3,286.35,Net Banking
ORD01428,2025-02-11,CUST1481,52.0,Male,Odisha,East,Electronics,Laptop,8,499,10,3592.8,866.58,UPI
ORD01429,2024-06-14,CUST1654,23.0,Female,Gujarat,West,Office Supplies,Printer Paper,3,499,0,1497.0,-67.51,UPI
ORD01430,2025-05-18,CUST1803,64.0,Female,Delhi,North,Furniture,Sofa,7,499,20,2794.4,394.41,UPI
ORD01431,2024-11-22,CUST1418,19.0,Female,Maharashtra,West,Office Supplies,Notebook,2,7999,5,15198.1,2131.22,UPI
ORD01432,2025-12-17,CUST1062,43.0,Female,Maharashtra,West,Furniture,Sofa,7,2499,0,17493.0,1902.38,UPI
ORD01433,2025-11-05,CUST1860,28.0,Male,Maharashtra,West,Electronics,Phone,1,2499,20,1999.2,0.54,UPI
ORD01434,2024-12-09,CUST1552,46.0,Male,Odisha,East,Office Supplies,Notebook,2,2499,10,4498.2,-201.56,Cash
ORD01435,2025-08-04,CUST1407,47.0,Male,Maharashtra,West,Office Supplies,Notebook,3,199,20,477.6,-0.69,Cash
ORD01436,2024-05-09,CUST1913,20.0,Female,Tamil Nadu,South,Office Supplies,Printer Paper,5,7999,0,39995.0,11341.8,Card
ORD01437,2024-11-01,CUST1903,56.0,Female,Tamil Nadu,South,Office Supplies,Printer Paper,5,7999,10,35995.5,6368.67,Card
ORD01438,2024-07-02,CUST1240,52.0,Female,Punjab,North,Furniture,Desk,8,199,15,1353.2,-24.25,Net Banking
ORD01439,2025-01-24,CUST1798,22.0,Male,Gujarat,West,Electronics,Headphones,3,199,20,477.6,51.68,Net Banking
ORD01440,2025-06-01,CUST1509,63.0,Male,Gujarat,West,Furniture,Sofa,3,7999,20,19197.6,5190.29,UPI
ORD01441,2025-06-20,CUST1000,43.0,Male,West Bengal,East,Furniture,Sofa,1,14999,20,11999.2,736.62,UPI
ORD01442,2025-02-03,CUST1390,64.0,Female,West Bengal,East,Office Supplies,Pen,1,14999,10,13499.1,2894.86,Net Banking
ORD01443,2024-12-16,CUST1872,41.0,Female,Delhi,North,Office Supplies,Notebook,3,999,20,2397.6,27.73,Cash
ORD01444,2025-09-18,CUST1301,29.0,Male,Tamil Nadu,South,Furniture,Sofa,7,499,5,3318.35,244.09,UPI
ORD01445,2024-03-22,CUST1700,61.0,Female,Odisha,East,Electronics,Laptop,2,999,15,1698.3,12.82,UPI
ORD01446,2025-08-26,CUST1226,62.0,Male,Odisha,East,Electronics,Phone,7,499,20,2794.4,28.36,Cash
ORD01447,2024-01-27,CUST1974,59.0,Female,West Bengal,East,Electronics,Headphones,2,7999,15,13598.3,1077.41,Cash
ORD01448,2024-08-17,CUST1007,30.0,Female,Gujarat,West,Electronics,Headphones,6,2499,10,13494.6,3221.18,Card
ORD01449,2025-12-22,CUST1341,55.0,Male,Delhi,North,Furniture,Sofa,8,499,0,3992.0,78.65,Cash
ORD01450,2025-04-09,CUST1110,38.0,Female,Delhi,North,Furniture,Chair,7,999,0,6993.0,446.41,UPI
ORD01451,2025-05-02,CUST1745,51.0,Male,Delhi,North,Office Supplies,Notebook,6,7999,5,45594.3,10766.57,UPI
ORD01452,2024-06-02,CUST1713,59.0,Male,Gujarat,West,Furniture,Chair,1,7999,10,7199.1,2040.63,Cash
ORD01453,2024-05-04,CUST1712,55.0,Female,Delhi,North,Furniture,Chair,8,2499,20,15993.6,2162.72,Card
ORD01454,2025-06-23,CUST1571,40.0,Female,Tamil Nadu,South,Electronics,Phone,6,499,5,2844.3,698.69,UPI
ORD01455,2025-08-20,CUST1518,44.0,Female,Tamil Nadu,South,Office Supplies,Pen,7,199,10,1253.7,316.45,Net Banking
ORD01456,2025-11-16,CUST1286,52.0,Female,Odisha,East,Electronics,Laptop,8,14999,10,107992.8,13884.95,Net Banking
ORD01457,2025-09-21,CUST1932,25.0,Male,Odisha,East,Office Supplies,Printer Paper,5,499,20,1996.0,-9.75,Net Banking
ORD01458,2025-01-16,CUST1654,32.0,Male,West Bengal,East,Electronics,Laptop,1,199,5,189.05,43.59,Card
ORD01459,2024-11-27,CUST1348,48.0,Male,Karnataka,South,Office Supplies,Notebook,6,999,0,5994.0,137.38,UPI
ORD01460,2025-06-21,CUST1631,42.0,Female,Maharashtra,West,Office Supplies,Notebook,5,999,10,4495.5,1114.4,Net Banking
ORD01461,2024-10-26,CUST1658,44.0,Male,Tamil Nadu,South,Office Supplies,Notebook,7,2499,15,14869.05,3000.22,Card
ORD01462,2024-03-12,CUST1538,31.0,Male,Tamil Nadu,South,Office Supplies,Printer Paper,3,999,10,2697.3,62.58,Card
ORD01463,2025-10-22,CUST1007,58.0,Female,Karnataka,South,Electronics,Laptop,4,7999,5,30396.2,7828.01,Card
ORD01464,2025-05-16,CUST1163,31.0,Female,Punjab,North,Office Supplies,Notebook,2,7999,5,15198.1,1449.58,Cash
ORD01465,2024-07-04,CUST1921,40.0,Female,Delhi,North,Furniture,Desk,2,14999,15,25498.3,304.18,Net Banking
ORD01466,2025-08-07,CUST1964,20.0,Female,Odisha,East,Office Supplies,Pen,5,2499,5,11870.25,980.7,UPI
ORD01467,2025-07-16,CUST1889,29.0,Female,Punjab,North,Furniture,Sofa,4,14999,0,59996.0,5242.06,Card
ORD01468,2024-08-10,CUST1948,54.0,Male,Maharashtra,West,Electronics,Phone,4,499,15,1696.6,382.62,Card
ORD01469,2024-04-13,CUST1750,45.0,Female,West Bengal,East,Electronics,Laptop,4,14999,15,50996.6,13184.94,Card
ORD01470,2025-01-07,CUST1719,33.0,Male,West Bengal,East,Office Supplies,Printer Paper,3,499,5,1422.15,90.71,Cash
ORD01471,2025-05-19,CUST1224,28.0,Female,Odisha,East,Furniture,Chair,8,14999,15,101993.2,21213.59,Cash
ORD01472,2025-05-25,CUST1625,63.0,Male,Karnataka,South,Office Supplies,Pen,5,999,20,3996.0,934.13,UPI
ORD01473,2024-12-05,CUST1252,60.0,Female,Gujarat,West,Electronics,Laptop,3,2499,0,7497.0,50.46,Net Banking
ORD01474,2025-06-15,CUST1248,26.0,Male,Delhi,North,Furniture,Sofa,6,499,20,2395.2,677.68,Card
ORD01475,2024-02-15,CUST1271,53.0,Female,Delhi,North,Furniture,Desk,1,7999,5,7599.05,80.88,Net Banking
ORD01476,2024-08-30,CUST1652,52.0,Female,Gujarat,West,Office Supplies,Notebook,6,14999,20,71995.2,5405.22,Card
ORD01477,2025-08-09,CUST1875,54.0,Female,Delhi,North,Electronics,Phone,5,499,15,2120.75,373.02,Card
ORD01478,2024-04-05,CUST1023,27.0,Male,Maharashtra,West,Furniture,Chair,4,14999,20,47996.8,12694.62,Cash
ORD01479,2025-09-18,CUST1843,30.0,Male,Delhi,North,Furniture,Chair,8,999,20,6393.6,111.87,Net Banking
ORD01480,2024-05-28,CUST1407,21.0,Male,Maharashtra,West,Electronics,Headphones,8,199,20,1273.6,367.55,UPI
ORD01481,2024-05-22,CUST1054,25.0,Male,Delhi,North,Electronics,Laptop,8,2499,15,16993.2,3626.87,Card
ORD01482,2024-02-02,CUST1457,26.0,Female,Punjab,North,Furniture,Chair,3,499,0,1497.0,-11.47,Net Banking
ORD01483,2025-03-17,CUST1389,39.0,Male,Karnataka,South,Office Supplies,Printer Paper,4,199,10,716.4,107.57,Card
ORD01484,2024-10-15,CUST1180,24.0,Male,Tamil Nadu,South,Office Supplies,Printer Paper,5,7999,0,39995.0,94.83,Cash
ORD01485,2024-11-30,CUST1137,27.0,Female,Punjab,North,Office Supplies,Printer Paper,3,999,0,2997.0,454.8,Net Banking
ORD01486,2024-03-08,CUST1829,65.0,Male,Karnataka,South,Office Supplies,Notebook,6,999,15,5094.9,1242.52,UPI
ORD01487,2025-04-09,CUST1121,27.0,Female,West Bengal,East,Office Supplies,Printer Paper,8,199,0,1592.0,47.92,UPI
ORD01488,2024-05-13,CUST1217,19.0,Female,Gujarat,West,Office Supplies,Pen,6,2499,10,13494.6,2926.98,Card
ORD01489,2024-06-14,CUST1490,32.0,Female,Karnataka,South,Electronics,Phone,1,2499,0,2499.0,191.52,Cash
ORD01490,2025-08-27,CUST1022,44.0,Male,Delhi,North,Office Supplies,Printer Paper,1,2499,0,2499.0,252.22,UPI
ORD01491,2024-06-11,CUST1847,61.0,Male,Tamil Nadu,South,Office Supplies,Printer Paper,2,999,10,1798.2,74.39,UPI
ORD01492,2025-02-19,CUST1979,49.0,Female,West Bengal,East,Electronics,Laptop,2,199,20,318.4,24.55,Cash
ORD01493,2024-12-22,CUST1380,36.0,Female,Gujarat,West,Office Supplies,Notebook,6,2499,20,11995.2,2242.79,UPI
ORD01494,2024-04-23,CUST1045,53.0,Male,Tamil Nadu,South,Furniture,Chair,3,999,15,2547.45,259.75,Card
ORD01495,2025-02-12,CUST1282,23.0,Female,Delhi,North,Electronics,Laptop,7,7999,5,53193.35,-790.88,UPI
ORD01496,2024-05-31,CUST1606,19.0,Male,Maharashtra,West,Office Supplies,Notebook,2,14999,10,26998.2,2881.15,Cash
ORD01497,2024-02-25,CUST1473,63.0,Male,Punjab,North,Electronics,Laptop,1,2499,15,2124.15,-30.62,Cash
ORD01498,2025-02-14,CUST1179,25.0,Male,Delhi,North,Furniture,Desk,5,2499,10,11245.5,222.92,Card
ORD01499,2025-09-02,CUST1259,49.0,Male,Punjab,North,Electronics,Phone,6,2499,15,12744.9,2500.46,UPI
ORD01500,2025-03-26,CUST1944,34.0,Female,Delhi,North,Furniture,Chair,4,7999,15,27196.6,130.67,Net Banking
ORD01501,2025-12-17,CUST1874,48.0,Male,Maharashtra,West,Electronics,Phone,2,7999,5,15198.1,3658.83,Card
ORD01502,2025-10-03,CUST1603,19.0,Male,Punjab,North,Furniture,Desk,7,199,10,1253.7,360.79,Card
ORD01503,2025-11-01,CUST1268,55.0,Male,Punjab,North,Office Supplies,Pen,8,199,10,1432.8,-52.91,Card
ORD01504,2025-09-17,CUST1623,50.0,Male,West Bengal,East,Furniture,Chair,2,999,5,1898.1,-66.81,Cash
ORD01505,2024-07-22,CUST1474,55.0,Female,Gujarat,West,Office Supplies,Printer Paper,8,14999,5,113992.4,20154.93,Card
ORD01506,2024-04-11,CUST1152,31.0,Female,Gujarat,West,Office Supplies,Printer Paper,5,199,15,845.75,226.51,Cash
ORD01507,2024-11-26,CUST1447,29.0,Male,Punjab,North,Furniture,Sofa,5,499,5,2370.25,570.81,Cash
ORD01508,2025-11-07,CUST1142,19.0,Male,Punjab,North,Electronics,Laptop,5,499,15,2120.75,523.49,Net Banking
ORD01509,2024-06-11,CUST1676,60.0,Male,Punjab,North,Office Supplies,Notebook,2,199,15,338.3,-10.41,Cash
ORD01510,2025-03-31,CUST1985,19.0,Female,Delhi,North,Electronics,Phone,8,499,0,3992.0,-82.93,Card
ORD01511,2024-12-30,CUST1534,50.0,Male,Punjab,North,Furniture,Desk,3,499,0,1497.0,161.6,Net Banking
ORD01512,2024-02-17,CUST1428,48.0,Female,Odisha,East,Electronics,Headphones,3,199,0,597.0,24.37,Net Banking
ORD01513,2025-10-25,CUST1684,23.0,Male,Delhi,North,Electronics,Phone,2,999,20,1598.4,145.66,Net Banking
ORD01514,2025-02-05,CUST1592,60.0,Female,West Bengal,East,Office Supplies,Printer Paper,7,7999,20,44794.4,118.84,Card
ORD01515,2024-03-31,CUST1809,55.0,Female,West Bengal,East,Office Supplies,Pen,4,14999,0,59996.0,2431.52,Card
ORD01516,2025-12-08,CUST1566,53.0,Male,Odisha,East,Electronics,Phone,4,499,15,1696.6,83.88,Cash
ORD01517,2025-09-11,CUST1948,44.0,Female,Gujarat,West,Electronics,Phone,7,499,10,3143.7,547.0,Net Banking
ORD01518,2024-11-15,CUST1155,22.0,Female,Maharashtra,West,Office Supplies,Pen,7,199,10,1253.7,136.12,Card
ORD01519,2024-09-05,CUST1845,58.0,Female,Tamil Nadu,South,Electronics,Phone,3,499,10,1347.3,206.14,Cash
ORD01520,2025-12-14,CUST1513,32.0,Male,Karnataka,South,Office Supplies,Printer Paper,4,999,20,3196.8,287.86,Net Banking
ORD01521,2024-03-10,CUST1435,19.0,Male,Tamil Nadu,South,Furniture,Desk,3,7999,15,20397.45,3277.46,Card
ORD01522,2024-06-16,CUST1840,31.0,Female,West Bengal,East,Electronics,Laptop,4,999,20,3196.8,556.35,Card
ORD01523,2024-09-11,CUST1044,34.0,Female,Karnataka,South,Furniture,Sofa,7,199,10,1253.7,19.19,Card
ORD01524,2025-05-22,CUST1148,34.0,Male,Gujarat,West,Office Supplies,Notebook,3,999,10,2697.3,573.63,Card
ORD01525,2025-08-03,CUST1426,43.0,Male,Gujarat,West,Office Supplies,Notebook,4,14999,10,53996.4,2470.88,Net Banking
ORD01526,2025-07-13,CUST1645,20.0,Male,Maharashtra,West,Office Supplies,Notebook,5,7999,20,31996.0,4819.62,Net Banking
ORD01527,2024-04-17,CUST1806,32.0,Female,Maharashtra,West,Electronics,Phone,2,2499,10,4498.2,426.41,UPI
ORD01528,2024-09-11,CUST1715,55.0,Female,Gujarat,West,Furniture,Sofa,7,7999,20,44794.4,7440.01,Net Banking
ORD01529,2024-11-17,CUST1822,60.0,Male,Odisha,East,Office Supplies,Pen,2,999,10,1798.2,280.38,Card
ORD01530,2024-09-09,CUST1713,42.0,Male,Delhi,North,Office Supplies,Printer Paper,3,199,15,507.45,151.29,Cash
ORD01531,2025-09-02,CUST1550,53.0,Female,Delhi,North,Furniture,Chair,7,14999,0,104993.0,3094.59,UPI
ORD01532,2024-12-01,CUST1381,,Male,Gujarat,West,Electronics,Phone,3,199,20,477.6,72.95,Net Banking
ORD01533,2025-08-17,CUST1256,29.0,Male,Maharashtra,West,Electronics,Laptop,5,499,10,2245.5,304.54,Cash
ORD01534,2024-11-30,CUST1808,45.0,Female,Gujarat,West,Office Supplies,Pen,7,2499,15,14869.05,1392.65,UPI
ORD01535,2024-01-30,CUST1584,46.0,Female,Punjab,North,Furniture,Desk,6,2499,15,12744.9,879.03,Cash
ORD01536,2025-01-13,CUST1264,43.0,Female,Karnataka,South,Office Supplies,Printer Paper,1,2499,5,2374.05,82.81,UPI
ORD01537,2024-12-08,CUST1618,56.0,Female,Tamil Nadu,South,Furniture,Sofa,5,199,0,995.0,88.33,UPI
ORD01538,2024-06-04,CUST1301,29.0,Female,Delhi,North,Office Supplies,Printer Paper,7,499,5,3318.35,-28.39,Net Banking
ORD01539,2024-01-29,CUST1106,23.0,Male,Gujarat,West,Furniture,Desk,3,999,20,2397.6,-63.38,Cash
ORD01540,2024-03-02,CUST1006,52.0,Male,Delhi,North,Furniture,Sofa,5,7999,20,31996.0,5560.79,Card
ORD01541,2024-03-22,CUST1177,54.0,Female,Gujarat,West,Furniture,Sofa,8,7999,5,60792.4,1128.27,Net Banking
ORD01542,2025-03-11,CUST1077,27.0,Male,Punjab,North,Furniture,Chair,7,999,5,6643.35,1152.67,UPI
ORD01543,2025-03-16,CUST1354,62.0,Female,Delhi,North,Office Supplies,Pen,4,14999,15,50996.6,3557.15,Card
ORD01544,2024-05-10,CUST1126,60.0,Male,Gujarat,West,Office Supplies,Notebook,6,999,20,4795.2,53.66,Cash
ORD01545,2025-10-30,CUST1376,36.0,Female,Odisha,East,Furniture,Chair,1,14999,15,12749.15,498.02,Cash
ORD01546,2025-04-03,CUST1292,52.0,Female,Karnataka,South,Electronics,Laptop,3,499,5,1422.15,394.12,Card
ORD01547,2025-11-25,CUST1760,28.0,Female,Gujarat,West,Furniture,Chair,4,14999,10,53996.4,9491.09,UPI
ORD01548,2025-05-01,CUST1362,63.0,Male,Delhi,North,Office Supplies,Printer Paper,7,14999,5,99743.35,23626.88,Card
ORD01549,2025-09-15,CUST1811,32.0,Female,Punjab,North,Electronics,Laptop,5,999,5,4745.25,-182.12,UPI
ORD01550,2025-12-17,CUST1806,58.0,Male,West Bengal,East,Furniture,Chair,5,199,0,995.0,248.99,Card
ORD01551,2024-12-19,CUST1176,35.0,Female,Gujarat,West,Furniture,Sofa,5,7999,0,39995.0,9794.62,Cash
ORD01552,2025-01-05,CUST1704,22.0,Female,Odisha,East,Furniture,Desk,1,7999,5,7599.05,1799.51,UPI
ORD01553,2025-07-03,CUST1467,50.0,Female,Maharashtra,West,Electronics,Headphones,6,499,20,2395.2,-16.37,Net Banking
ORD01554,2025-12-20,CUST1136,,Male,Maharashtra,West,Office Supplies,Printer Paper,1,999,10,899.1,106.48,Cash
ORD01555,2025-09-04,CUST1553,65.0,Female,Maharashtra,West,Furniture,Desk,4,199,0,796.0,200.31,Cash
ORD01556,2024-08-29,CUST1243,54.0,Male,Tamil Nadu,South,Electronics,Laptop,4,7999,15,27196.6,189.2,UPI
ORD01557,2025-06-13,CUST1887,50.0,Male,Punjab,North,Electronics,Phone,3,7999,5,22797.15,6706.74,UPI
ORD01558,2024-01-03,CUST1016,22.0,Female,Karnataka,South,Electronics,Laptop,2,199,5,378.1,11.53,Net Banking
ORD01559,2025-07-25,CUST1941,61.0,Female,Gujarat,West,Electronics,Laptop,1,7999,20,6399.2,1183.95,Net Banking
ORD01560,2024-04-05,CUST1295,21.0,Male,Delhi,North,Office Supplies,Notebook,5,499,10,2245.5,189.3,Cash
ORD01561,2025-07-17,CUST1656,26.0,Male,West Bengal,East,Office Supplies,Notebook,1,2499,10,2249.1,219.06,Cash
ORD01562,2024-01-18,CUST1468,43.0,Male,Odisha,East,Office Supplies,Pen,2,199,0,398.0,7.76,Card
ORD01563,2025-12-06,CUST1047,45.0,Female,Odisha,East,Furniture,Sofa,7,2499,0,17493.0,1154.41,Net Banking
ORD01564,2024-11-02,CUST1888,23.0,Male,Gujarat,West,Electronics,Laptop,1,14999,15,12749.15,3450.54,UPI
ORD01565,2025-08-28,CUST1275,57.0,Female,West Bengal,East,Furniture,Sofa,6,199,15,1014.9,167.4,Card
ORD01566,2025-07-21,CUST1144,42.0,Female,Punjab,North,Office Supplies,Notebook,7,2499,20,13994.4,291.16,UPI
ORD01567,2025-06-16,CUST1919,58.0,Male,Gujarat,West,Electronics,Headphones,4,7999,15,27196.6,3951.95,Net Banking
ORD01568,2025-04-09,CUST1864,22.0,Female,Maharashtra,West,electronics,Chair,6,7999,15,40794.9,539.04,Net Banking
ORD01569,2025-01-02,CUST1465,58.0,Male,Delhi,North,Electronics,Laptop,2,499,15,848.3,219.21,Net Banking
ORD01570,2024-03-15,CUST1802,47.0,Female,Punjab,North,Electronics,Headphones,1,7999,10,7199.1,1994.75,Cash
ORD01571,2024-05-21,CUST1499,36.0,Female,West Bengal,East,Furniture,Desk,8,999,0,7992.0,1477.22,UPI
ORD01572,2025-08-29,CUST1412,26.0,Female,Delhi,North,Office Supplies,Printer Paper,3,999,0,2997.0,488.49,Cash
ORD01573,2025-04-05,CUST1054,63.0,Female,Karnataka,South,Electronics,Headphones,8,999,20,6393.6,995.31,Cash
ORD01574,2024-02-16,CUST1326,45.0,Male,West Bengal,East,Electronics,Headphones,6,14999,10,80994.6,6519.82,Card
ORD01575,2024-02-20,CUST1064,58.0,Female,Karnataka,South,Furniture,Desk,1,14999,20,11999.2,-524.11,UPI
ORD01576,2024-10-12,CUST1867,48.0,Male,Odisha,East,Furniture,Chair,8,499,5,3792.4,908.46,UPI
ORD01577,2025-06-13,CUST1187,28.0,Female,Odisha,East,Electronics,Laptop,2,2499,20,3998.4,712.44,Net Banking
ORD01578,2025-01-17,CUST1006,48.0,Male,Karnataka,South,Electronics,Phone,2,2499,20,3998.4,1093.44,Card
ORD01579,2025-04-19,CUST1907,,Male,West Bengal,East,Electronics,Laptop,6,199,20,955.2,11.75,Cash
ORD01580,2025-03-27,CUST1054,54.0,Male,Tamil Nadu,South,Electronics,Headphones,1,14999,10,13499.1,399.5,UPI
ORD01581,2024-01-05,CUST1979,48.0,Female,Delhi,North,Furniture,Chair,7,7999,10,50393.7,9482.58,Card
ORD01582,2025-06-18,CUST1479,44.0,Male,Odisha,East,Office Supplies,Pen,4,14999,5,56996.2,13058.23,Net Banking
ORD01583,2024-03-31,CUST1982,57.0,Male,West Bengal,East,Office Supplies,Pen,5,2499,0,12495.0,1183.24,Net Banking
ORD01584,2024-12-06,CUST1046,27.0,Female,Tamil Nadu,South,Office Supplies,Notebook,4,14999,0,59996.0,-2253.89,Net Banking
ORD01585,2025-06-20,CUST1782,33.0,Female,Karnataka,South,Electronics,Phone,5,499,10,2245.5,231.84,UPI
ORD01586,2025-08-25,CUST1561,32.0,Female,Maharashtra,West,Furniture,Desk,7,199,15,1184.05,126.38,Cash
ORD01587,2024-05-21,CUST1553,21.0,Female,Tamil Nadu,South,Electronics,Phone,4,2499,10,8996.4,828.23,Cash
ORD01588,2024-12-09,CUST1360,23.0,Female,Punjab,North,Furniture,Desk,1,2499,10,2249.1,240.98,Net Banking
ORD01589,2024-12-07,CUST1923,38.0,Male,Karnataka,South,Office Supplies,Notebook,1,7999,0,7999.0,1114.22,Card
ORD01590,2024-04-12,CUST1473,50.0,Female,Gujarat,West,Office Supplies,Notebook,2,499,0,998.0,282.3,Card
ORD01591,2025-12-20,CUST1181,28.0,Male,Delhi,North,Furniture,Desk,8,14999,15,101993.2,-3172.58,Net Banking
ORD01592,2024-03-25,CUST1682,26.0,Male,West Bengal,East,Furniture,Desk,2,14999,5,28498.1,8531.58,Net Banking
ORD01593,2024-04-23,CUST1345,31.0,Male,Odisha,East,Electronics,Laptop,3,2499,0,7497.0,-167.72,Cash
ORD01594,2025-05-19,CUST1102,46.0,Male,Odisha,East,Office Supplies,Printer Paper,6,199,15,1014.9,49.61,UPI
ORD01595,2025-11-13,CUST1769,22.0,Male,Maharashtra,West,Furniture,Sofa,6,14999,0,89994.0,24272.22,Card
ORD01596,2025-08-15,CUST1121,18.0,Female,Gujarat,West,Office Supplies,Printer Paper,4,999,0,3996.0,84.48,Cash
ORD01597,2024-10-18,CUST1065,22.0,Female,Karnataka,South,Electronics,Phone,1,7999,20,6399.2,1245.0,Card
ORD01598,2024-09-06,CUST1931,41.0,Female,Tamil Nadu,South,Office Supplies,Printer Paper,3,7999,10,21597.3,1536.39,UPI
ORD01599,2025-08-06,CUST1963,54.0,Male,Punjab,North,Furniture,Chair,1,199,15,169.15,48.6,Card
ORD01600,2025-05-03,CUST1269,20.0,Male,Gujarat,West,Office Supplies,Notebook,2,7999,15,13598.3,2733.19,Net Banking
ORD01601,2025-12-16,CUST1986,41.0,Male,West Bengal,East,Office Supplies,Notebook,4,7999,10,28796.4,1651.9,Card
ORD01602,2024-08-11,CUST1164,58.0,Female,Punjab,North,Furniture,Desk,7,499,10,3143.7,203.81,Card
ORD01603,2024-07-07,CUST1292,24.0,Female,Punjab,North,Electronics,Phone,6,999,5,5694.3,1506.69,Cash
ORD01604,2024-04-07,CUST1071,18.0,Male,Karnataka,South,Office Supplies,Notebook,3,499,5,1422.15,82.06,Card
ORD01605,2025-02-27,CUST1522,34.0,Male,Maharashtra,West,Furniture,Chair,1,14999,20,11999.2,1734.19,Card
ORD01606,2025-09-23,CUST1949,18.0,Female,Karnataka,South,Electronics,Phone,7,2499,5,16618.35,3790.69,Cash
ORD01607,2024-03-30,CUST1175,55.0,Female,Gujarat,West,Office Supplies,Printer Paper,8,999,20,6393.6,1606.37,Cash
ORD01608,2025-12-11,CUST1144,47.0,Female,Tamil Nadu,South,Electronics,Laptop,4,2499,5,9496.2,2175.28,Cash
ORD01609,2025-03-31,CUST1117,23.0,Female,Karnataka,South,Furniture,Desk,8,199,20,1273.6,-7.48,UPI
ORD01610,2025-09-14,CUST1742,60.0,Male,Karnataka,South,Electronics,Laptop,7,14999,5,99743.35,-1531.95,Card
ORD01611,2025-08-02,CUST1096,45.0,Male,West Bengal,East,Office Supplies,Printer Paper,8,14999,0,119992.0,22827.09,Card
ORD01612,2025-08-25,CUST1901,38.0,Female,Maharashtra,West,Office Supplies,Pen,6,7999,20,38395.2,-823.82,Net Banking
ORD01613,2024-12-13,CUST1939,33.0,Female,Karnataka,South,Furniture,Sofa,1,14999,0,14999.0,3189.45,UPI
ORD01614,2024-11-14,CUST1887,21.0,Male,Punjab,North,Office Supplies,Notebook,8,499,20,3193.6,148.95,UPI
ORD01615,2024-10-28,CUST1549,26.0,Male,Tamil Nadu,South,Electronics,Laptop,1,499,20,399.2,9.91,UPI
ORD01616,2025-11-01,CUST1216,64.0,Male,Karnataka,South,Furniture,Chair,5,999,15,4245.75,1255.01,Card
ORD01617,2025-10-04,CUST1752,18.0,Male,Punjab,North,Furniture,Sofa,4,14999,0,59996.0,11134.91,Card
ORD01618,2025-03-25,CUST1509,40.0,Male,Karnataka,South,Furniture,Sofa,3,499,5,1422.15,-6.11,Card
ORD01619,2024-12-09,CUST1907,21.0,Female,Tamil Nadu,South,Office Supplies,Notebook,1,499,20,399.2,-6.89,Cash
ORD01620,2025-03-26,CUST1467,47.0,Female,Maharashtra,West,Electronics,Headphones,1,999,20,799.2,24.6,Net Banking
ORD01621,2024-04-01,CUST1425,61.0,Male,Delhi,North,Electronics,Laptop,1,14999,5,14249.05,4228.18,Net Banking
ORD01622,2024-01-30,CUST1269,33.0,Female,Odisha,East,Office Supplies,Notebook,3,7999,20,19197.6,506.04,Card
ORD01623,2024-01-15,CUST1513,21.0,Female,Gujarat,West,Electronics,Laptop,2,499,0,998.0,96.74,Net Banking
ORD01624,2024-06-05,CUST1086,54.0,Female,Odisha,East,Furniture,Desk,1,2499,5,2374.05,463.29,Cash
ORD01625,2025-03-27,CUST1988,45.0,Female,West Bengal,East,Furniture,Sofa,5,999,10,4495.5,807.43,UPI
ORD01626,2025-09-11,CUST1385,28.0,Female,West Bengal,East,Office Supplies,Notebook,7,999,0,6993.0,390.25,UPI
ORD01627,2024-05-30,CUST1261,31.0,Female,Karnataka,South,Furniture,Chair,7,199,0,1393.0,74.43,UPI
ORD01628,2025-10-13,CUST1907,20.0,Female,Odisha,East,Furniture,Sofa,3,199,20,477.6,118.23,Card
ORD01629,2025-08-07,CUST1699,42.0,Female,Maharashtra,West,Office Supplies,Notebook,5,14999,0,74995.0,13521.99,UPI
ORD01630,2025-11-13,CUST1058,41.0,Male,Tamil Nadu,South,Electronics,Laptop,5,2499,5,11870.25,3099.76,UPI
ORD01631,2025-01-09,CUST1868,60.0,Female,Tamil Nadu,South,Electronics,Laptop,4,199,0,796.0,157.0,Net Banking
ORD01632,2025-07-31,CUST1691,35.0,Female,Punjab,North,Office Supplies,Pen,6,2499,15,12744.9,3449.38,Cash
ORD01633,2025-01-04,CUST1990,33.0,Female,Gujarat,West,Office Supplies,Printer Paper,5,14999,10,67495.5,18996.36,Cash
ORD01634,2024-10-14,CUST1129,23.0,Male,Gujarat,West,Furniture,Desk,7,199,15,1184.05,27.25,Cash
ORD01635,2025-09-25,CUST1939,37.0,Male,Odisha,East,Electronics,Headphones,1,7999,10,7199.1,1971.49,Cash
ORD01636,2024-11-05,CUST1864,46.0,Male,Tamil Nadu,South,Office Supplies,Notebook,6,999,20,4795.2,400.16,Card
ORD01637,2025-08-25,CUST1121,35.0,Male,Karnataka,South,Furniture,Desk,3,499,10,1347.3,299.0,Net Banking
ORD01638,2024-09-10,CUST1811,28.0,Female,Punjab,North,Electronics,Headphones,5,14999,20,59996.0,9253.33,Card
ORD01639,2025-11-04,CUST1788,47.0,Male,Odisha,East,Furniture,Chair,1,2499,20,1999.2,188.78,Card
ORD01640,2024-06-20,CUST1145,25.0,Male,Delhi,North,Office Supplies,Printer Paper,2,2499,20,3998.4,950.35,Cash
ORD01641,2025-11-04,CUST1286,65.0,Male,Maharashtra,West,Office Supplies,Pen,6,499,5,2844.3,218.9,Net Banking
ORD01642,2025-10-20,CUST1988,28.0,Male,Gujarat,West,Furniture,Sofa,8,199,0,1592.0,197.45,Net Banking
ORD01643,2025-02-13,CUST1698,38.0,Female,West Bengal,East,Electronics,Phone,8,2499,5,18992.4,2887.92,UPI
ORD01644,2025-10-06,CUST1717,40.0,Male,Tamil Nadu,South,Electronics,Laptop,5,199,0,995.0,272.38,Net Banking
ORD01645,2025-05-10,CUST1876,61.0,Male,Delhi,North,Furniture,Desk,1,199,0,199.0,54.18,UPI
ORD01646,2024-01-28,CUST1618,37.0,Male,Punjab,North,Electronics,Phone,8,14999,5,113992.4,-915.33,Card
ORD01647,2024-07-22,CUST1124,30.0,Female,Tamil Nadu,South,Office Supplies,Printer Paper,2,2499,5,4748.1,1272.26,Cash
ORD01648,2024-07-09,CUST1589,64.0,Female,West Bengal,East,Office Supplies,Pen,3,14999,0,44997.0,7214.21,UPI
ORD01649,2024-05-31,CUST1173,27.0,Female,West Bengal,East,Office Supplies,Pen,6,14999,5,85494.3,22941.59,UPI
ORD01650,2024-08-18,CUST1132,32.0,Female,Karnataka,South,Electronics,Phone,6,2499,5,14244.3,3185.75,Net Banking
ORD01651,2025-04-15,CUST1046,50.0,Male,Punjab,North,Electronics,Phone,7,199,0,1393.0,199.1,Net Banking
ORD01652,2025-05-18,CUST1127,27.0,Female,Maharashtra,West,Office Supplies,Notebook,4,2499,0,9996.0,-154.59,Card
ORD01653,2025-05-19,CUST1682,58.0,Female,West Bengal,East,Office Supplies,Printer Paper,3,14999,0,44997.0,12926.74,Cash
ORD01654,2024-08-02,CUST1993,31.0,Male,Odisha,East,Furniture,Chair,6,2499,10,13494.6,-55.89,UPI
ORD01655,2025-11-17,CUST1878,65.0,Male,Karnataka,South,Office Supplies,Notebook,5,999,5,4745.25,337.56,UPI
ORD01656,2024-12-11,CUST1216,41.0,Male,Tamil Nadu,South,Furniture,Chair,7,499,20,2794.4,831.38,Net Banking
ORD01657,2025-12-01,CUST1812,,Female,Tamil Nadu,South,Electronics,Laptop,2,7999,0,15998.0,720.62,Card
ORD01658,2024-05-04,CUST1668,53.0,Female,Karnataka,South,Furniture,Sofa,6,499,20,2395.2,676.46,UPI
ORD01659,2024-10-20,CUST1679,43.0,Male,Delhi,North,Electronics,Phone,3,2499,0,7497.0,960.0,Net Banking
ORD01660,2024-09-14,CUST1582,22.0,Male,Odisha,East,Electronics,Phone,5,2499,0,12495.0,956.32,Card
ORD01661,2025-11-20,CUST1350,39.0,Female,West Bengal,East,Furniture,Sofa,5,199,0,995.0,147.44,Cash
ORD01662,2025-04-06,CUST1560,49.0,Female,Delhi,North,Office Supplies,Printer Paper,7,7999,5,53193.35,8342.16,UPI
ORD01663,2024-06-11,CUST1682,18.0,Male,Punjab,North,Electronics,Laptop,1,999,5,949.05,96.91,Net Banking
ORD01664,2024-07-25,CUST1585,33.0,Female,Delhi,North,Office Supplies,Printer Paper,2,499,10,898.2,-21.87,Net Banking
ORD01665,2025-05-17,CUST1914,48.0,Male,Gujarat,West,Furniture,Chair,8,499,0,3992.0,30.9,Card
ORD01666,2024-12-13,CUST1712,54.0,Female,Karnataka,South,Furniture,Sofa,7,14999,0,104993.0,11668.27,Net Banking
ORD01667,2025-10-07,CUST1788,42.0,Female,West Bengal,East,Office Supplies,Notebook,5,499,0,2495.0,401.49,Cash
ORD01668,2024-02-16,CUST1162,25.0,Male,Karnataka,South,Office Supplies,Printer Paper,6,499,5,2844.3,-18.09,Cash
ORD01669,2024-10-17,CUST1491,18.0,Male,Punjab,North,Furniture,Desk,5,999,20,3996.0,695.42,Card
ORD01670,2025-03-21,CUST1508,43.0,Female,Tamil Nadu,South,Office Supplies,Pen,7,999,10,6293.7,885.3,Net Banking
ORD01671,2024-02-04,CUST1263,39.0,Male,Gujarat,West,Electronics,Phone,4,2499,10,8996.4,893.53,Card
ORD01672,2025-01-30,CUST1998,35.0,Female,Maharashtra,West,Furniture,Desk,4,2499,5,9496.2,-349.72,UPI
ORD01673,2024-08-16,CUST1328,31.0,Male,Gujarat,West,Electronics,Laptop,6,499,20,2395.2,463.66,Cash
ORD01674,2025-04-18,CUST1423,61.0,Male,Maharashtra,West,Electronics,Phone,6,199,5,1134.3,153.31,Net Banking
ORD01675,2025-08-06,CUST1781,39.0,Female,West Bengal,East,Electronics,Phone,5,7999,20,31996.0,7918.33,Cash
ORD01676,2024-10-26,CUST1763,32.0,Female,Odisha,East,Office Supplies,Pen,4,999,10,3596.4,768.92,Cash
ORD01677,2025-09-14,CUST1248,63.0,Female,Punjab,North,Office Supplies,Notebook,7,7999,20,44794.4,6996.03,Cash
ORD01678,2025-11-23,CUST1856,60.0,Male,Gujarat,West,Electronics,Headphones,5,2499,10,,-494.67,UPI
ORD01679,2024-08-11,CUST1589,,Female,Karnataka,South,Office Supplies,Pen,7,499,20,2794.4,567.35,Card
ORD01680,2024-04-27,CUST1881,48.0,Male,Karnataka,South,Electronics,Laptop,8,499,0,3992.0,766.25,Net Banking
ORD01681,2025-04-28,CUST1819,55.0,Male,Odisha,East,Office Supplies,Pen,4,999,15,3396.6,270.68,UPI
ORD01682,2024-11-07,CUST1390,22.0,Male,Delhi,North,Electronics,Laptop,5,999,20,3996.0,405.57,UPI
ORD01683,2024-07-27,CUST1751,47.0,Female,Delhi,North,Electronics,Headphones,6,199,5,1134.3,252.47,Net Banking
ORD01684,2025-07-22,CUST1962,45.0,Male,Odisha,East,Electronics,Phone,6,14999,15,76494.9,21980.41,UPI
ORD01685,2025-02-10,CUST1397,32.0,Male,Punjab,North,Office Supplies,Pen,5,499,10,2245.5,434.54,Card
ORD01686,2024-06-10,CUST1955,60.0,Male,Tamil Nadu,South,Electronics,Laptop,5,499,5,2370.25,569.06,Card
ORD01687,2025-11-02,CUST1110,19.0,Female,Karnataka,South,Furniture,Desk,5,499,10,2245.5,207.26,UPI
ORD01688,2025-10-28,CUST1321,63.0,Male,Gujarat,West,Office Supplies,Printer Paper,7,7999,0,55993.0,-2159.41,Cash
ORD01689,2024-10-19,CUST1065,47.0,Female,Maharashtra,West,Electronics,Headphones,2,14999,15,25498.3,2635.35,UPI
ORD01690,2025-01-10,CUST1969,21.0,Male,Punjab,North,Electronics,Phone,1,499,5,474.05,65.32,UPI
ORD01691,2024-06-12,CUST1203,30.0,Male,Odisha,East,Furniture,Desk,3,2499,10,6747.3,1386.18,UPI
ORD01692,2024-04-20,CUST1220,31.0,Male,Karnataka,South,Electronics,Laptop,3,999,15,2547.45,384.07,UPI
ORD01693,2025-12-09,CUST1125,60.0,Female,Delhi,North,Electronics,Phone,7,2499,15,14869.05,-391.02,Net Banking
ORD01694,2024-11-18,CUST1255,65.0,Male,West Bengal,East,Furniture,Desk,3,2499,20,5997.6,980.53,UPI
ORD01695,2025-07-23,CUST1788,34.0,Female,Odisha,East,Electronics,Laptop,2,499,5,948.1,196.4,UPI
ORD01696,2025-04-14,CUST1069,55.0,Male,Karnataka,South,Electronics,Phone,3,199,5,567.15,78.87,Card
ORD01697,2024-02-29,CUST1449,64.0,Female,Maharashtra,West,Electronics,Headphones,3,999,0,2997.0,774.36,Cash
ORD01698,2025-09-29,CUST1805,56.0,Male,Maharashtra,West,Furniture,Sofa,8,999,10,7192.8,682.4,Cash
ORD01699,2025-11-24,CUST1480,58.0,Male,Punjab,North,Furniture,Sofa,4,7999,15,27196.6,106.89,Cash
ORD01700,2025-06-30,CUST1288,63.0,Female,Delhi,North,Electronics,Phone,1,7999,10,7199.1,610.82,UPI
ORD01701,2024-03-19,CUST1813,29.0,Male,Tamil Nadu,South,Electronics,Headphones,4,2499,20,7996.8,1753.68,UPI
ORD01702,2024-12-20,CUST1704,53.0,Female,Delhi,North,Electronics,Laptop,8,7999,0,63992.0,2079.56,Card
ORD01703,2024-08-18,CUST1612,27.0,Female,Punjab,North,Electronics,Phone,5,14999,0,74995.0,17194.72,Card
ORD01704,2024-06-25,CUST1179,27.0,Female,Odisha,East,Electronics,Headphones,6,14999,0,89994.0,11060.0,Net Banking
ORD01705,2024-10-23,CUST1153,27.0,Male,West Bengal,East,Electronics,Headphones,8,499,5,3792.4,-161.13,Net Banking
ORD01706,2024-07-15,CUST1930,30.0,Male,Tamil Nadu,South,Office Supplies,Pen,5,7999,15,33995.75,8413.92,UPI
ORD01707,2025-06-15,CUST1511,50.0,Female,Tamil Nadu,South,Furniture,Desk,8,199,10,1432.8,180.2,Card
ORD01708,2025-06-03,CUST1700,40.0,Male,Odisha,East,Electronics,Laptop,1,999,20,799.2,151.12,Cash
ORD01709,2024-08-02,CUST1163,56.0,Female,Tamil Nadu,South,Furniture,Desk,3,2499,15,6372.45,1096.9,Net Banking
ORD01710,2024-06-12,CUST1933,40.0,Male,Tamil Nadu,South,Electronics,Phone,8,2499,10,17992.8,4105.54,Card
ORD01711,2025-10-31,CUST1377,54.0,Male,Maharashtra,West,Furniture,Desk,2,499,20,798.4,-2.52,UPI
ORD01712,2024-11-21,CUST1323,60.0,Female,West Bengal,East,Electronics,Phone,7,499,0,3493.0,10.73,UPI
ORD01713,2025-09-29,CUST1740,36.0,Male,Maharashtra,West,Furniture,Sofa,3,14999,15,38247.45,394.95,Card
ORD01714,2025-11-15,CUST1564,39.0,Male,Gujarat,West,Electronics,Phone,5,7999,20,31996.0,-1296.68,UPI
ORD01715,2024-08-17,CUST1721,28.0,Male,Karnataka,South,Electronics,Headphones,1,199,10,179.1,27.02,Card
ORD01716,2024-04-25,CUST1728,41.0,Male,Karnataka,South,Electronics,Laptop,2,999,10,1798.2,231.93,Net Banking
ORD01717,2024-11-30,CUST1268,53.0,Male,Gujarat,West,Furniture,Desk,1,199,20,159.2,-1.85,Net Banking
ORD01718,2025-05-29,CUST1937,49.0,Female,Odisha,East,Electronics,Headphones,1,199,15,169.15,2.06,Net Banking
ORD01719,2025-02-12,CUST1766,37.0,Male,Tamil Nadu,South,Office Supplies,Pen,7,14999,15,89244.05,4338.97,Net Banking
ORD01720,2025-03-22,CUST1828,27.0,Male,Karnataka,South,Furniture,Sofa,3,199,20,477.6,-0.33,Card
ORD01721,2024-09-16,CUST1544,31.0,Male,Karnataka,South,Electronics,Phone,2,199,10,358.2,2.54,Cash
ORD01722,2025-08-31,CUST1627,35.0,Male,Maharashtra,West,Electronics,Phone,8,499,15,3393.2,528.81,UPI
ORD01723,2025-03-08,CUST1419,19.0,Male,Karnataka,South,Office Supplies,Printer Paper,1,199,5,189.05,48.46,Card
ORD01724,2025-02-09,CUST1193,24.0,Male,Delhi,North,Furniture,Chair,3,7999,10,21597.3,381.99,Cash
ORD01725,2024-01-02,CUST1957,40.0,Male,Punjab,North,Electronics,Phone,4,7999,5,30396.2,4329.69,Net Banking
ORD01726,2025-04-13,CUST1774,45.0,Male,Karnataka,South,Electronics,Phone,7,7999,15,47594.05,352.43,UPI
ORD01727,2025-05-10,CUST1417,65.0,Male,Karnataka,South,Office Supplies,Printer Paper,7,14999,5,99743.35,2500.72,Cash
ORD01728,2024-11-08,CUST1988,24.0,Male,Punjab,North,Electronics,Phone,8,199,5,1512.4,154.14,Card
ORD01729,2024-06-05,CUST1101,61.0,Male,Karnataka,South,Office Supplies,Printer Paper,3,499,5,1422.15,285.73,Cash
ORD01730,2025-12-18,CUST1020,43.0,Female,Tamil Nadu,South,Office Supplies,Printer Paper,2,7999,15,13598.3,868.64,Net Banking
ORD01731,2024-06-20,CUST1006,58.0,Male,Maharashtra,West,Office Supplies,Notebook,7,14999,10,94493.7,22577.63,Cash
ORD01732,2024-04-29,CUST1471,50.0,Male,Karnataka,South,Office Supplies,Notebook,8,7999,15,54393.2,15490.25,Cash
ORD01733,2025-11-22,CUST1017,63.0,Male,Maharashtra,West,Office Supplies,Printer Paper,5,999,15,4245.75,52.51,Net Banking
ORD01734,2025-08-11,CUST1849,24.0,Male,Gujarat,West,Office Supplies,Pen,7,499,20,2794.4,711.06,Cash
ORD01735,2024-10-06,CUST1687,45.0,Male,Maharashtra,West,Furniture,Sofa,3,999,10,2697.3,76.15,Net Banking
ORD01736,2024-05-26,CUST1783,57.0,Female,West Bengal,East,Office Supplies,Printer Paper,1,2499,10,2249.1,381.43,Net Banking
ORD01737,2025-07-20,CUST1800,56.0,Female,West Bengal,East,Furniture,Sofa,7,2499,0,17493.0,2568.89,Cash
ORD01738,2025-06-05,CUST1198,56.0,Female,Gujarat,West,Office Supplies,Pen,5,2499,10,11245.5,-266.03,Card
ORD01739,2025-08-18,CUST1549,52.0,Male,Gujarat,West,Electronics,Phone,8,7999,10,57592.8,1278.0,Net Banking
ORD01740,2025-10-17,CUST1527,43.0,Male,West Bengal,East,Furniture,Desk,6,199,20,955.2,7.96,Cash
ORD01741,2025-02-13,CUST1296,53.0,Male,Karnataka,South,Electronics,Laptop,7,499,15,2969.05,-107.84,Card
ORD01742,2024-01-01,CUST1569,52.0,Male,Tamil Nadu,South,Office Supplies,Pen,6,7999,0,47994.0,10537.58,Card
ORD01743,2024-09-25,CUST1853,65.0,Male,Odisha,East,Furniture,Sofa,4,7999,20,25596.8,5321.9,Cash
ORD01744,2024-08-05,CUST1047,61.0,Female,Maharashtra,West,Electronics,Laptop,8,999,0,7992.0,-267.45,Net Banking
ORD01745,2025-01-01,CUST1396,36.0,Male,Maharashtra,West,Office Supplies,Printer Paper,6,14999,5,85494.3,-3757.42,Cash
ORD01746,2025-05-29,CUST1779,48.0,Male,Tamil Nadu,South,Office Supplies,Printer Paper,5,2499,15,10620.75,1585.88,Card
ORD01747,2024-07-27,CUST1437,41.0,Male,Maharashtra,West,Furniture,Sofa,1,199,0,199.0,34.0,Card
ORD01748,2024-02-14,CUST1402,48.0,Female,Tamil Nadu,South,Furniture,Desk,5,499,20,1996.0,316.08,Cash
ORD01749,2024-05-09,CUST1119,38.0,Female,Gujarat,West,Furniture,Chair,5,199,15,845.75,-0.32,Net Banking
ORD01750,2024-01-09,CUST1339,33.0,Male,Maharashtra,West,Furniture,Desk,3,499,5,1422.15,-8.95,Cash
ORD01751,2024-10-22,CUST1701,38.0,Female,Maharashtra,West,Furniture,Desk,5,2499,15,10620.75,597.43,UPI
ORD01752,2025-05-15,CUST1850,23.0,Male,Gujarat,West,Electronics,Laptop,4,7999,5,30396.2,1805.2,Cash
ORD01753,2024-09-12,CUST1403,26.0,Male,Odisha,East,Electronics,Laptop,3,14999,20,35997.6,-1089.83,Card
ORD01754,2025-03-11,CUST1790,35.0,Male,Punjab,North,Electronics,Headphones,3,14999,15,38247.45,4709.36,Cash
ORD01755,2024-06-23,CUST1697,40.0,Male,Odisha,East,Office Supplies,Pen,3,499,20,1197.6,220.37,Cash
ORD01756,2025-04-04,CUST1068,21.0,Female,Punjab,North,Electronics,Headphones,6,2499,10,13494.6,2229.74,Card
ORD01757,2024-10-02,CUST1482,32.0,Female,Punjab,North,Furniture,Sofa,2,999,15,1698.3,185.01,UPI
ORD01758,2025-08-17,CUST1307,62.0,Female,West Bengal,East,Furniture,Desk,5,199,15,845.75,-7.04,UPI
ORD01759,2025-07-01,CUST1031,32.0,Male,Odisha,East,Office Supplies,Notebook,1,999,5,949.05,114.75,Card
ORD01760,2024-07-05,CUST1437,20.0,Female,Tamil Nadu,South,Electronics,Laptop,4,499,20,1596.8,433.46,UPI
ORD01761,2025-07-22,CUST1445,29.0,Female,Punjab,North,Electronics,Phone,8,499,0,3992.0,198.94,Card
ORD01762,2024-08-05,CUST1948,38.0,Male,West Bengal,East,Electronics,Phone,5,2499,10,11245.5,2711.36,Net Banking
ORD01763,2024-07-11,CUST1299,35.0,Female,Delhi,North,Office Supplies,Printer Paper,2,999,15,1698.3,322.58,Net Banking
ORD01764,2025-08-25,CUST1954,22.0,Female,Punjab,North,Furniture,Sofa,7,499,20,2794.4,651.58,UPI
ORD01765,2024-12-15,CUST1053,57.0,Male,Tamil Nadu,South,electronics,Headphones,5,2499,15,10620.75,442.86,Card
ORD01766,2025-06-28,CUST1927,32.0,Female,Delhi,North,Office Supplies,Printer Paper,6,2499,5,14244.3,2166.61,UPI
ORD01767,2024-10-21,CUST1174,59.0,Female,Delhi,North,Office Supplies,Printer Paper,7,14999,20,83994.4,4340.69,Net Banking
ORD01768,2025-07-28,CUST1932,41.0,Female,Odisha,East,Office Supplies,Printer Paper,8,7999,10,57592.8,5950.15,Cash
ORD01769,2024-03-14,CUST1451,65.0,Female,West Bengal,East,Office Supplies,Printer Paper,2,7999,0,15998.0,203.22,Card
ORD01770,2025-04-07,CUST1920,23.0,Female,Tamil Nadu,South,Office Supplies,Printer Paper,4,14999,20,47996.8,12841.85,Card
ORD01771,2024-06-12,CUST1535,43.0,Male,Odisha,East,Furniture,Desk,2,999,5,1898.1,187.74,Card
ORD01772,2025-03-20,CUST1869,52.0,Male,Karnataka,South,Office Supplies,Notebook,4,7999,20,25596.8,1781.58,Card
ORD01773,2024-01-24,CUST1755,57.0,Male,Tamil Nadu,South,Office Supplies,Notebook,5,999,20,3996.0,-183.92,Card
ORD01774,2025-03-11,CUST1946,45.0,Male,Gujarat,West,Office Supplies,Notebook,6,999,5,5694.3,831.91,UPI
ORD01775,2024-01-22,CUST1772,64.0,Female,West Bengal,East,Office Supplies,Printer Paper,6,14999,20,71995.2,9968.55,Card
ORD01776,2024-09-03,CUST1806,55.0,Male,West Bengal,East,Electronics,Headphones,7,199,0,1393.0,-10.24,Card
ORD01777,2024-09-06,CUST1740,45.0,Male,Karnataka,South,Office Supplies,Pen,5,499,10,2245.5,162.45,Card
ORD01778,2024-05-18,CUST1306,31.0,Female,West Bengal,East,Office Supplies,Printer Paper,2,199,10,358.2,23.18,UPI
ORD01779,2024-05-23,CUST1936,46.0,Male,Maharashtra,West,Furniture,Sofa,8,499,15,3393.2,729.99,UPI
ORD01780,2024-03-02,CUST1721,18.0,Female,Odisha,East,Office Supplies,Notebook,4,999,5,3796.2,871.11,Cash
ORD01781,2024-12-08,CUST1881,42.0,Female,Maharashtra,West,Furniture,Sofa,5,2499,5,11870.25,-236.43,UPI
ORD01782,2025-02-06,CUST1979,61.0,Male,Maharashtra,West,Furniture,Desk,2,199,15,338.3,17.44,UPI
ORD01783,2025-03-07,CUST1784,59.0,Female,Tamil Nadu,South,Furniture,Chair,8,199,5,1512.4,212.71,Net Banking
ORD01784,2024-09-18,CUST1262,22.0,Female,Punjab,North,Electronics,Phone,3,7999,0,23997.0,1972.53,Card
ORD01785,2025-10-12,CUST1941,37.0,Female,Delhi,North,Office Supplies,Printer Paper,8,999,5,7592.4,509.96,Cash
ORD01786,2024-05-18,CUST1502,31.0,Male,Punjab,North,Electronics,Laptop,4,14999,20,47996.8,6786.84,Cash
ORD01787,2024-09-26,CUST1648,34.0,Female,Tamil Nadu,South,Furniture,Chair,7,499,20,2794.4,713.49,Net Banking
ORD01788,2024-02-15,CUST1428,49.0,Female,Delhi,North,Office Supplies,Pen,4,199,20,636.8,59.93,Cash
ORD01789,2024-10-03,CUST1892,38.0,Female,Delhi,North,Electronics,Headphones,5,7999,20,31996.0,3488.23,Card
ORD01790,2024-09-29,CUST1909,30.0,Male,Tamil Nadu,South,Office Supplies,Printer Paper,8,499,15,3393.2,-23.24,Net Banking
ORD01791,2025-08-27,CUST1515,51.0,Male,Delhi,North,Furniture,Desk,1,499,10,449.1,126.42,Net Banking
ORD01792,2024-08-07,CUST1414,36.0,Female,Tamil Nadu,South,Furniture,Sofa,6,7999,5,45594.3,9406.3,Net Banking
ORD01793,2024-04-25,CUST1964,40.0,Male,Punjab,North,Electronics,Laptop,1,7999,0,7999.0,1343.36,Net Banking
ORD01794,2024-06-19,CUST1993,20.0,Female,Delhi,North,Office Supplies,Notebook,7,499,10,3143.7,133.85,Card
ORD01795,2024-05-17,CUST1007,35.0,Female,Karnataka,South,Electronics,Headphones,1,14999,10,13499.1,1452.15,Card
ORD01796,2024-10-05,CUST1102,54.0,Male,Delhi,North,Office Supplies,Printer Paper,8,14999,20,95993.6,23384.33,UPI
ORD01797,2025-09-22,CUST1316,24.0,Male,Odisha,East,Electronics,Headphones,2,199,20,318.4,37.87,UPI
ORD01798,2025-08-11,CUST1416,31.0,Male,Odisha,East,Electronics,Headphones,8,499,15,3393.2,997.73,UPI
ORD01799,2025-12-11,CUST1661,61.0,Male,West Bengal,East,Furniture,Desk,3,499,10,1347.3,-60.77,UPI
ORD01800,2025-06-22,CUST1441,24.0,Female,Maharashtra,West,Electronics,Headphones,1,199,5,189.05,10.76,UPI
ORD01801,2024-06-04,CUST1797,20.0,Male,Punjab,North,Electronics,Laptop,7,2499,5,16618.35,-504.67,Cash
ORD01802,2025-02-23,CUST1981,52.0,Male,Tamil Nadu,South,Furniture,Sofa,3,199,20,477.6,36.36,Card
ORD01803,2024-09-06,CUST1139,39.0,Male,Odisha,East,Furniture,Sofa,6,199,0,1194.0,-19.67,Card
ORD01804,2024-06-24,CUST1164,23.0,Male,Maharashtra,West,Office Supplies,Pen,2,499,0,998.0,178.66,UPI
ORD01805,2024-07-09,CUST1122,19.0,Female,Maharashtra,West,Office Supplies,Printer Paper,8,199,15,1353.2,167.07,Cash
ORD01806,2024-03-11,CUST1485,18.0,Female,Odisha,East,Electronics,Phone,2,7999,5,15198.1,2150.61,Cash
ORD01807,2024-05-14,CUST1188,41.0,Male,West Bengal,East,Furniture,Chair,3,499,10,1347.3,70.86,Card
ORD01808,2024-03-25,CUST1145,64.0,Male,Maharashtra,West,Electronics,Phone,3,499,20,1197.6,53.24,Cash
ORD01809,2024-07-06,CUST1430,59.0,Female,Odisha,East,Furniture,Chair,7,7999,0,55993.0,1281.42,Cash
ORD01810,2024-11-03,CUST1737,53.0,Male,Delhi,North,Electronics,Phone,7,199,15,1184.05,190.56,UPI
ORD01811,2024-04-18,CUST1108,54.0,Male,Odisha,East,Office Supplies,Pen,6,199,15,1014.9,-37.58,Cash
ORD01812,2025-07-02,CUST1906,44.0,Female,Delhi,North,Furniture,Sofa,7,14999,10,94493.7,19501.36,Net Banking
ORD01813,2025-05-27,CUST1538,,Female,Gujarat,West,Electronics,Laptop,8,2499,0,19992.0,5352.84,Net Banking
ORD01814,2025-08-01,CUST1112,54.0,Male,West Bengal,East,Office Supplies,Printer Paper,4,2499,20,7996.8,2333.05,Net Banking
ORD01815,2025-06-25,CUST1955,30.0,Female,West Bengal,East,Electronics,Phone,5,199,0,995.0,90.83,UPI
ORD01816,2024-02-10,CUST1516,28.0,Male,Tamil Nadu,South,Electronics,Phone,5,7999,15,33995.75,1517.8,UPI
ORD01817,2024-06-19,CUST1204,65.0,Female,Gujarat,West,Furniture,Desk,3,499,0,1497.0,13.26,UPI
ORD01818,2024-01-19,CUST1561,51.0,Female,Punjab,North,Furniture,Chair,4,499,0,1996.0,-57.21,UPI
ORD01819,2025-06-17,CUST1585,54.0,Male,Odisha,East,Furniture,Chair,2,7999,0,15998.0,-781.09,Card
ORD01820,2025-10-04,CUST1155,33.0,Male,West Bengal,East,Furniture,Chair,1,7999,0,7999.0,676.47,Net Banking
ORD01821,2024-01-10,CUST1554,64.0,Female,Tamil Nadu,South,Office Supplies,Printer Paper,8,14999,20,95993.6,-3296.87,Cash
ORD01822,2025-09-03,CUST1835,55.0,Female,Punjab,North,Furniture,Desk,7,499,0,3493.0,-112.71,UPI
ORD01823,2025-06-19,CUST1903,23.0,Female,Tamil Nadu,South,Electronics,Laptop,4,2499,0,9996.0,2752.39,Card
ORD01824,2024-01-19,CUST1193,,Female,Odisha,East,Furniture,Sofa,3,7999,10,21597.3,54.61,Card
ORD01825,2025-04-02,CUST1329,42.0,Female,Punjab,North,Electronics,Phone,4,999,15,3396.6,318.91,Cash
ORD01826,2025-07-17,CUST1141,35.0,Male,Odisha,East,Furniture,Desk,3,14999,0,44997.0,-745.97,UPI
ORD01827,2024-10-22,CUST1991,18.0,Male,Delhi,North,Electronics,Headphones,4,7999,15,27196.6,4317.79,Net Banking
ORD01828,2024-05-19,CUST1478,32.0,Female,Karnataka,South,Office Supplies,Pen,2,2499,10,4498.2,859.56,UPI
ORD01829,2024-03-30,CUST1163,57.0,Male,Gujarat,West,Electronics,Laptop,6,2499,0,14994.0,-705.51,UPI
ORD01830,2024-12-01,CUST1354,54.0,Male,West Bengal,East,Office Supplies,Notebook,7,199,5,1323.35,298.03,Cash
ORD01831,2024-09-27,CUST1436,44.0,Male,Maharashtra,West,Electronics,Laptop,8,7999,5,60792.4,1621.46,Card
ORD01832,2024-06-28,CUST1205,26.0,Female,Delhi,North,Office Supplies,Notebook,3,2499,0,7497.0,-297.12,Card
ORD01833,2025-03-15,CUST1445,38.0,Male,West Bengal,East,Electronics,Laptop,5,7999,10,35995.5,-1654.54,Cash
ORD01834,2025-03-26,CUST1429,32.0,Female,Odisha,East,Office Supplies,Notebook,5,14999,5,71245.25,18726.23,Net Banking
ORD01835,2025-10-02,CUST1209,64.0,Female,Delhi,North,Office Supplies,Notebook,6,499,0,2994.0,233.78,Net Banking
ORD01836,2025-07-01,CUST1173,28.0,Female,Tamil Nadu,South,Electronics,Phone,7,199,15,1184.05,354.87,Card
ORD01837,2025-03-04,CUST1720,42.0,Female,Tamil Nadu,South,Office Supplies,Notebook,7,2499,0,17493.0,2244.1,Net Banking
ORD01838,2024-10-03,CUST1809,57.0,Female,Karnataka,South,Furniture,Chair,8,2499,20,15993.6,1674.52,Net Banking
ORD01839,2024-02-07,CUST1422,24.0,Female,Maharashtra,West,Office Supplies,Notebook,1,14999,5,14249.05,1090.94,Net Banking
ORD01840,2024-11-10,CUST1743,44.0,Female,West Bengal,East,Electronics,Laptop,6,999,5,5694.3,328.33,UPI
ORD01841,2024-12-30,CUST1167,40.0,Female,Delhi,North,Electronics,Phone,7,999,20,5594.4,1165.81,UPI
ORD01842,2024-04-13,CUST1686,63.0,Female,Punjab,North,Office Supplies,Printer Paper,5,999,0,4995.0,1090.13,UPI
ORD01843,2024-08-18,CUST1345,61.0,Female,Delhi,North,Furniture,Chair,1,14999,15,12749.15,404.47,UPI
ORD01844,2024-01-19,CUST1355,24.0,Male,Punjab,North,Office Supplies,Pen,1,2499,15,2124.15,86.85,Card
ORD01845,2024-07-09,CUST1253,19.0,Male,Karnataka,South,Electronics,Phone,5,499,10,2245.5,-47.62,Net Banking
ORD01846,2024-04-12,CUST1730,64.0,Female,Punjab,North,Office Supplies,Printer Paper,7,199,5,1323.35,163.88,Card
ORD01847,2025-08-29,CUST1637,56.0,Male,Delhi,North,Electronics,Laptop,4,199,20,636.8,67.73,Card
ORD01848,2024-09-03,CUST1109,62.0,Female,Punjab,North,Electronics,Laptop,4,999,15,3396.6,797.02,Card
ORD01849,2024-06-08,CUST1778,40.0,Male,Gujarat,West,Electronics,Headphones,2,14999,15,25498.3,6615.21,Cash
ORD01850,2024-03-19,CUST1210,46.0,Female,Punjab,North,Office Supplies,Pen,6,999,0,5994.0,1019.22,UPI
ORD01851,2025-11-23,CUST1888,46.0,Male,West Bengal,East,Office Supplies,Notebook,1,2499,5,2374.05,345.04,Net Banking
ORD01852,2024-04-18,CUST1436,19.0,Male,Tamil Nadu,South,Office Supplies,Notebook,4,2499,0,9996.0,2808.1,Net Banking
ORD01853,2024-05-03,CUST1548,30.0,Female,Karnataka,South,Electronics,Headphones,7,999,15,5944.05,723.06,Cash
ORD01854,2025-07-14,CUST1015,,Female,Karnataka,South,Furniture,Desk,2,199,5,378.1,86.73,Cash
ORD01855,2024-05-18,CUST1218,43.0,Male,Maharashtra,West,Electronics,Laptop,5,14999,10,67495.5,1211.82,UPI
ORD01856,2025-04-11,CUST1265,43.0,Female,Punjab,North,Office Supplies,Notebook,7,7999,15,47594.05,6806.91,Card
ORD01857,2024-05-01,CUST1251,54.0,Female,Gujarat,West,Office Supplies,Printer Paper,6,199,15,1014.9,169.4,UPI
ORD01858,2025-02-01,CUST1074,18.0,Female,Punjab,North,Electronics,Headphones,2,2499,10,4498.2,1071.51,Card
ORD01859,2025-12-20,CUST1766,62.0,Male,Karnataka,South,Furniture,Chair,5,499,10,2245.5,554.61,UPI
ORD01860,2024-04-19,CUST1756,45.0,Male,Tamil Nadu,South,Office Supplies,Pen,2,499,0,998.0,-46.33,Card
ORD01861,2025-01-08,CUST1781,63.0,Female,West Bengal,East,Electronics,Laptop,2,999,0,1998.0,163.78,Cash
ORD01862,2024-04-05,CUST1003,38.0,Male,Maharashtra,West,Electronics,Headphones,6,499,10,2694.6,383.93,Card
ORD01863,2025-08-22,CUST1806,45.0,Male,Odisha,East,Furniture,Desk,3,2499,20,5997.6,1421.98,Cash
ORD01864,2024-03-19,CUST1927,46.0,Female,Maharashtra,West,Office Supplies,Pen,6,14999,0,89994.0,-190.29,Cash
ORD01865,2024-12-15,CUST1370,34.0,Male,Delhi,North,Electronics,Headphones,6,7999,15,40794.9,5194.88,Net Banking
ORD01866,2024-10-26,CUST1445,65.0,Female,Punjab,North,Electronics,Laptop,7,199,5,1323.35,70.76,Cash
ORD01867,2024-01-28,CUST1471,31.0,Male,Gujarat,West,Furniture,Chair,1,999,0,999.0,104.44,Net Banking
ORD01868,2024-03-03,CUST1221,24.0,Female,Punjab,North,Furniture,Desk,8,7999,5,60792.4,7198.07,Cash
ORD01869,2024-11-04,CUST1515,38.0,Female,West Bengal,East,Office Supplies,Notebook,3,2499,10,6747.3,1602.27,UPI
ORD01870,2025-02-07,CUST1701,51.0,Female,Maharashtra,West,Electronics,Headphones,3,999,10,2697.3,592.6,UPI
ORD01871,2024-09-13,CUST1139,18.0,Female,Maharashtra,West,Office Supplies,Printer Paper,5,199,15,845.75,81.04,Net Banking
ORD01872,2025-02-14,CUST1487,44.0,Male,Karnataka,South,Furniture,Chair,4,999,5,3796.2,775.64,Cash
ORD01873,2025-11-18,CUST1710,19.0,Female,Karnataka,South,Office Supplies,Pen,8,7999,0,63992.0,5903.45,Net Banking
ORD01874,2024-12-21,CUST1807,19.0,Male,Karnataka,South,Electronics,Headphones,6,999,5,5694.3,232.88,Net Banking
ORD01875,2024-09-20,CUST1795,18.0,Female,Tamil Nadu,South,Office Supplies,Notebook,6,7999,15,40794.9,4086.53,UPI
ORD01876,2025-05-26,CUST1727,39.0,Female,Odisha,East,Furniture,Chair,8,7999,20,51193.6,13240.84,Cash
ORD01877,2024-07-04,CUST1488,31.0,Female,Tamil Nadu,South,Electronics,Headphones,1,499,20,399.2,16.32,UPI
ORD01878,2024-04-18,CUST1779,22.0,Female,Maharashtra,West,Electronics,Laptop,3,499,5,1422.15,168.88,Cash
ORD01879,2024-10-28,CUST1161,57.0,Female,Gujarat,West,Office Supplies,Notebook,8,199,15,1353.2,10.19,Card
ORD01880,2024-04-16,CUST1855,45.0,Male,Odisha,East,Office Supplies,Pen,4,199,10,716.4,8.24,UPI
ORD01881,2024-09-29,CUST1188,61.0,Female,Karnataka,South,Electronics,Laptop,7,7999,20,44794.4,-2021.57,Cash
ORD01882,2024-01-20,CUST1943,31.0,Male,Maharashtra,West,Electronics,Phone,1,199,15,169.15,19.05,Net Banking
ORD01883,2024-08-01,CUST1189,44.0,Female,Tamil Nadu,South,Electronics,Phone,1,199,10,179.1,27.61,UPI
ORD01884,2024-10-12,CUST1801,46.0,Female,Odisha,East,Furniture,Sofa,4,199,15,676.6,4.04,UPI
ORD01885,2024-12-24,CUST1630,64.0,Female,Delhi,North,Office Supplies,Notebook,7,999,10,6293.7,-180.61,Card
ORD01886,2024-03-30,CUST1163,54.0,Male,Karnataka,South,Electronics,Phone,3,2499,5,7122.15,992.27,Net Banking
ORD01887,2025-03-16,CUST1735,44.0,Female,Tamil Nadu,South,Office Supplies,Notebook,5,7999,15,33995.75,-991.83,Net Banking
ORD01888,2024-09-28,CUST1638,65.0,Female,West Bengal,East,Furniture,Chair,5,999,5,4745.25,739.5,Card
ORD01889,2025-05-22,CUST1372,44.0,Male,Maharashtra,West,Office Supplies,Printer Paper,7,999,0,6993.0,675.13,UPI
ORD01890,2024-06-18,CUST1190,22.0,Female,Delhi,North,Office Supplies,Printer Paper,2,7999,5,15198.1,2405.22,Cash
ORD01891,2024-06-09,CUST1356,30.0,Male,Karnataka,South,Furniture,Desk,1,7999,5,7599.05,81.11,UPI
ORD01892,2025-01-18,CUST1927,59.0,Female,Karnataka,South,Electronics,Laptop,6,199,0,1194.0,4.64,Cash
ORD01893,2025-11-30,CUST1919,20.0,Male,Delhi,North,Office Supplies,Printer Paper,4,999,10,3596.4,233.75,Net Banking
ORD01894,2024-09-09,CUST1403,28.0,Female,West Bengal,East,Office Supplies,Notebook,4,499,5,1896.2,100.67,UPI
ORD01895,2024-10-02,CUST1770,35.0,Male,Delhi,North,Furniture,Sofa,4,199,5,756.2,182.3,UPI
ORD01896,2024-05-17,CUST1974,21.0,Male,Punjab,North,Furniture,Sofa,7,999,20,5594.4,897.34,UPI
ORD01897,2025-01-15,CUST1284,28.0,Male,Tamil Nadu,South,Furniture,Chair,2,2499,15,4248.3,247.02,Card
ORD01898,2024-12-16,CUST1637,24.0,Male,Maharashtra,West,Office Supplies,Pen,2,7999,5,15198.1,4036.47,UPI
ORD01899,2025-02-14,CUST1131,45.0,Female,Gujarat,West,Electronics,Headphones,4,199,15,676.6,54.35,Net Banking
ORD01900,2024-05-25,CUST1718,19.0,Female,West Bengal,East,Office Supplies,Printer Paper,7,999,15,5944.05,-83.16,Card
ORD01901,2024-11-18,CUST1895,26.0,Female,Maharashtra,West,Electronics,Laptop,3,14999,20,35997.6,9569.42,Card
ORD01902,2024-12-29,CUST1010,38.0,Male,Karnataka,South,Office Supplies,Notebook,2,999,5,1898.1,476.46,Cash
ORD01903,2024-02-20,CUST1529,46.0,Female,Karnataka,South,Electronics,Headphones,2,999,5,1898.1,347.67,Net Banking
ORD01904,2024-06-06,CUST1994,23.0,Male,Tamil Nadu,South,Furniture,Sofa,3,999,10,2697.3,676.99,Cash
ORD01905,2024-02-12,CUST1441,49.0,Female,West Bengal,East,Office Supplies,Notebook,1,999,20,799.2,95.17,UPI
ORD01906,2025-09-24,CUST1965,21.0,Male,Karnataka,South,Electronics,Headphones,7,999,0,6993.0,526.5,Cash
ORD01907,2025-01-02,CUST1752,51.0,Male,Gujarat,West,Furniture,Desk,1,7999,10,7199.1,1243.92,UPI
ORD01908,2025-06-04,CUST1272,43.0,Female,Odisha,East,Office Supplies,Pen,3,2499,5,7122.15,-311.26,UPI
ORD01909,2025-08-22,CUST1401,28.0,Male,Tamil Nadu,South,Furniture,Chair,6,14999,10,80994.6,-1777.54,UPI
ORD01910,2024-11-03,CUST1457,29.0,Female,Tamil Nadu,South,Electronics,Laptop,3,999,15,2547.45,22.42,UPI
ORD01911,2024-10-07,CUST1089,36.0,Male,West Bengal,East,Office Supplies,Notebook,2,499,5,948.1,34.12,Card
ORD01912,2024-01-01,CUST1268,39.0,Male,Punjab,North,Furniture,Chair,8,199,5,1512.4,141.36,Cash
ORD01913,2024-08-25,CUST1629,22.0,Male,Maharashtra,West,Electronics,Laptop,8,999,0,7992.0,-347.12,Card
ORD01914,2025-04-19,CUST1095,23.0,Male,Karnataka,South,Furniture,Chair,3,499,5,1422.15,77.16,Net Banking
ORD01915,2024-11-24,CUST1409,35.0,Female,Delhi,North,Furniture,Chair,3,2499,15,6372.45,1151.35,Card
ORD01916,2025-06-22,CUST1730,40.0,Male,Maharashtra,West,Furniture,Desk,3,2499,10,6747.3,178.37,Card
ORD01917,2025-03-11,CUST1674,27.0,Male,West Bengal,East,Furniture,Chair,4,999,15,3396.6,-62.68,Card
ORD01918,2025-12-30,CUST1095,45.0,Female,Karnataka,South,Furniture,Chair,1,14999,20,11999.2,487.66,UPI
ORD01919,2024-07-20,CUST1470,29.0,Female,Karnataka,South,Furniture,Desk,5,999,0,4995.0,1350.59,Net Banking
ORD01920,2025-09-10,CUST1299,29.0,Male,Gujarat,West,Furniture,Desk,1,2499,5,2374.05,537.75,Cash
ORD01921,2024-01-21,CUST1088,49.0,Male,Maharashtra,West,Furniture,Desk,6,199,20,955.2,136.28,UPI
ORD01922,2024-09-30,CUST1790,35.0,Male,West Bengal,East,Electronics,Laptop,5,7999,5,37995.25,4021.94,Net Banking
ORD01923,2025-02-02,CUST1586,34.0,Female,Karnataka,South,Furniture,Desk,7,999,5,6643.35,832.7,Card
ORD01924,2024-05-20,CUST1428,53.0,Male,Tamil Nadu,South,Furniture,Sofa,6,14999,5,85494.3,7051.15,Cash
ORD01925,2024-01-13,CUST1980,18.0,Female,Maharashtra,West,Electronics,Headphones,7,14999,10,94493.7,-2633.85,UPI
ORD01926,2024-10-12,CUST1240,38.0,Male,Odisha,East,Furniture,Sofa,5,499,0,2495.0,216.53,Card
ORD01927,2025-05-15,CUST1866,59.0,Female,Tamil Nadu,South,Office Supplies,Notebook,5,14999,15,63745.75,-2073.72,Card
ORD01928,2025-02-09,CUST1745,42.0,Male,West Bengal,East,Furniture,Sofa,5,999,5,4745.25,521.8,Net Banking
ORD01929,2025-02-17,CUST1566,22.0,Female,Odisha,East,Furniture,Desk,8,499,15,3393.2,727.01,Cash
ORD01930,2025-12-13,CUST1170,54.0,Male,Punjab,North,Office Supplies,Printer Paper,1,199,5,189.05,20.51,Card
ORD01931,2024-10-24,CUST1999,33.0,Female,Odisha,East,Electronics,Headphones,8,14999,20,95993.6,8137.43,Net Banking
ORD01932,2025-03-11,CUST1606,50.0,Male,Maharashtra,West,Furniture,Chair,4,14999,5,56996.2,6011.53,UPI
ORD01933,2025-02-18,CUST1482,62.0,Male,Punjab,North,Furniture,Sofa,8,14999,5,113992.4,-4811.78,UPI
ORD01934,2025-09-21,CUST1016,50.0,Female,Karnataka,South,Furniture,Desk,8,7999,10,57592.8,12764.61,Net Banking
ORD01935,2025-08-09,CUST1424,31.0,Female,West Bengal,East,Office Supplies,Pen,1,2499,15,2124.15,452.44,UPI
ORD01936,2025-11-17,CUST1652,37.0,Male,Gujarat,West,Electronics,Headphones,6,14999,10,80994.6,19994.02,UPI
ORD01937,2025-02-15,CUST1699,64.0,Female,Punjab,North,Electronics,Phone,7,14999,0,104993.0,14780.15,Card
ORD01938,2025-08-14,CUST1953,61.0,Male,Gujarat,West,Electronics,Laptop,1,199,15,169.15,36.71,Net Banking
ORD01939,2024-06-12,CUST1502,25.0,Male,Karnataka,South,electronics,Printer Paper,2,14999,20,23998.4,5657.39,Net Banking
ORD01940,2024-11-11,CUST1625,34.0,Male,West Bengal,East,Electronics,Phone,2,2499,0,4998.0,684.04,Net Banking
ORD01941,2024-11-05,CUST1703,58.0,Male,West Bengal,East,Electronics,Laptop,4,199,5,756.2,215.65,Card
ORD01942,2025-09-05,CUST1183,22.0,Female,Odisha,East,Office Supplies,Printer Paper,7,2499,0,17493.0,5210.45,Net Banking
ORD01943,2025-06-08,CUST1760,35.0,Male,Karnataka,South,Furniture,Desk,3,999,5,2847.15,417.09,Card
ORD01944,2024-01-06,CUST1395,58.0,Female,Karnataka,South,Furniture,Sofa,2,2499,15,4248.3,534.01,Cash
ORD01945,2024-09-15,CUST1903,55.0,Male,Karnataka,South,Furniture,Sofa,1,199,15,169.15,30.05,Card
ORD01946,2025-09-05,CUST1159,44.0,Female,West Bengal,East,Electronics,Phone,1,199,15,169.15,-5.24,Card
ORD01947,2025-02-15,CUST1153,51.0,Male,Maharashtra,West,Electronics,Laptop,1,7999,0,7999.0,871.82,Net Banking
ORD01948,2025-06-12,CUST1519,60.0,Female,Tamil Nadu,South,Furniture,Sofa,6,199,0,1194.0,131.55,UPI
ORD01949,2025-08-29,CUST1701,25.0,Female,Gujarat,West,Electronics,Laptop,7,7999,0,55993.0,5489.77,Card
ORD01950,2024-05-16,CUST1860,19.0,Male,Tamil Nadu,South,Furniture,Desk,3,199,20,477.6,-18.35,Card
ORD01951,2024-08-11,CUST1333,56.0,Female,Maharashtra,West,Office Supplies,Notebook,7,499,10,3143.7,151.57,UPI
ORD01952,2024-10-29,CUST1829,60.0,Male,Odisha,East,Office Supplies,Printer Paper,8,199,0,1592.0,19.94,Cash
ORD01953,2024-06-08,CUST1979,32.0,Female,Tamil Nadu,South,Electronics,Phone,1,7999,0,7999.0,2228.33,Cash
ORD01954,2025-12-22,CUST1060,33.0,Female,Karnataka,South,Electronics,Headphones,5,7999,15,33995.75,3119.93,Net Banking
ORD01955,2025-12-07,CUST1315,20.0,Female,Delhi,North,Furniture,Chair,7,999,5,6643.35,1631.35,Cash
ORD01956,2025-01-11,CUST1797,35.0,Male,Tamil Nadu,South,Furniture,Sofa,2,14999,20,23998.4,5646.9,UPI
ORD01957,2025-08-06,CUST1462,49.0,Male,Gujarat,West,Office Supplies,Printer Paper,3,199,10,537.3,137.55,Cash
ORD01958,2025-01-25,CUST1412,47.0,Female,Odisha,East,Furniture,Chair,4,499,5,1896.2,189.17,Cash
ORD01959,2025-11-13,CUST1926,29.0,Male,Delhi,North,Furniture,Sofa,5,7999,15,33995.75,9815.48,Card
ORD01960,2025-07-31,CUST1634,26.0,Male,West Bengal,East,Office Supplies,Printer Paper,7,499,5,3318.35,950.5,Net Banking
ORD01961,2025-01-21,CUST1624,55.0,Male,Gujarat,West,Electronics,Phone,7,499,5,3318.35,870.7,UPI
ORD01962,2025-12-28,CUST1507,46.0,Male,Tamil Nadu,South,Office Supplies,Printer Paper,8,2499,20,15993.6,2081.87,Cash
ORD01963,2025-06-19,CUST1970,34.0,Male,Maharashtra,West,Furniture,Chair,4,999,20,3196.8,33.35,Card
ORD01964,2024-05-09,CUST1412,18.0,Male,West Bengal,East,Office Supplies,Printer Paper,4,7999,0,31996.0,133.27,Card
ORD01965,2024-03-09,CUST1979,37.0,Male,Punjab,North,Furniture,Chair,8,2499,5,18992.4,4634.65,Card
ORD01966,2025-08-11,CUST1507,38.0,Male,West Bengal,East,Electronics,Phone,2,199,5,378.1,49.46,Net Banking
ORD01967,2025-01-27,CUST1304,28.0,Male,Karnataka,South,Office Supplies,Printer Paper,7,14999,10,94493.7,22819.11,Cash
ORD01968,2024-12-10,CUST1851,32.0,Male,Punjab,North,Office Supplies,Printer Paper,3,199,20,477.6,6.65,Net Banking
ORD01969,2025-08-05,CUST1962,52.0,Male,Gujarat,West,Office Supplies,Notebook,5,7999,20,31996.0,2887.24,Cash
ORD01970,2024-01-03,CUST1459,57.0,Female,Maharashtra,West,Electronics,Laptop,8,14999,10,107992.8,3898.73,Net Banking
ORD01971,2024-01-07,CUST1317,33.0,Female,Punjab,North,Office Supplies,Pen,8,499,10,3592.8,888.68,Net Banking
ORD01972,2025-05-08,CUST1676,57.0,Female,West Bengal,East,Office Supplies,Notebook,6,499,0,2994.0,538.4,Net Banking
ORD01973,2024-03-16,CUST1508,40.0,Male,Delhi,North,Electronics,Phone,8,2499,5,18992.4,3320.39,UPI
ORD01974,2025-09-28,CUST1762,55.0,Male,Maharashtra,West,Office Supplies,Printer Paper,3,199,5,567.15,109.6,UPI
ORD01975,2024-10-27,CUST1872,37.0,Female,Maharashtra,West,Electronics,Phone,1,499,10,449.1,92.57,Net Banking
ORD01976,2025-07-01,CUST1425,26.0,Male,West Bengal,East,Furniture,Desk,7,199,15,1184.05,251.52,Cash
ORD01977,2025-09-14,CUST1073,48.0,Male,Delhi,North,Office Supplies,Pen,7,999,0,6993.0,1553.06,Cash
ORD01978,2024-10-01,CUST1360,42.0,Male,Punjab,North,Office Supplies,Notebook,3,7999,20,19197.6,1372.43,Cash
ORD01979,2024-03-21,CUST1746,65.0,Male,Delhi,North,Office Supplies,Pen,1,999,10,899.1,126.43,Cash
ORD01980,2025-11-13,CUST1119,43.0,Male,Gujarat,West,Furniture,Sofa,7,14999,10,94493.7,3506.35,Net Banking
ORD01981,2024-01-13,CUST1734,37.0,Female,Maharashtra,West,Electronics,Phone,1,7999,5,7599.05,1993.16,Cash
ORD01982,2024-01-25,CUST1697,31.0,Female,Punjab,North,Electronics,Laptop,3,499,0,1497.0,346.55,Net Banking
ORD01983,2024-10-12,CUST1643,62.0,Male,Karnataka,South,Electronics,Headphones,6,7999,20,38395.2,3446.7,Net Banking
ORD01984,2025-01-26,CUST1289,62.0,Female,Delhi,North,Furniture,Desk,3,7999,10,21597.3,-395.45,UPI
ORD01985,2024-07-13,CUST1619,47.0,Female,Karnataka,South,Furniture,Sofa,7,499,5,3318.35,-101.47,Cash
ORD01986,2024-02-13,CUST1610,28.0,Male,Delhi,North,Furniture,Desk,1,7999,20,6399.2,930.68,Card
ORD01987,2025-01-22,CUST1102,24.0,Female,Punjab,North,Electronics,Laptop,2,499,5,948.1,221.63,Cash
ORD01988,2024-04-24,CUST1608,59.0,Female,West Bengal,East,Furniture,Chair,7,499,5,3318.35,598.46,Card
ORD01989,2025-09-07,CUST1926,48.0,Male,Odisha,East,Office Supplies,Printer Paper,3,499,0,1497.0,89.43,Net Banking
ORD01990,2024-02-28,CUST1884,52.0,Male,Gujarat,West,Furniture,Sofa,5,999,15,4245.75,867.17,UPI
ORD01991,2025-08-09,CUST1347,64.0,Male,Punjab,North,Electronics,Phone,7,14999,0,104993.0,24988.96,Cash
ORD01992,2025-12-20,CUST1777,54.0,Female,Gujarat,West,Furniture,Desk,3,2499,5,7122.15,262.59,Card
ORD01993,2024-05-12,CUST1382,49.0,Female,West Bengal,East,Electronics,Laptop,7,199,20,1114.4,61.76,Card
ORD01994,2024-02-12,CUST1405,43.0,Male,Tamil Nadu,South,Office Supplies,Pen,1,999,0,999.0,87.59,Net Banking
ORD01995,2024-01-09,CUST1638,52.0,Male,Punjab,North,Electronics,Laptop,2,14999,15,25498.3,1098.82,Card
ORD01996,2024-05-26,CUST1373,26.0,Male,Karnataka,South,Office Supplies,Notebook,3,199,5,567.15,98.5,Cash
ORD01997,2025-09-03,CUST1375,32.0,Male,West Bengal,East,Office Supplies,Notebook,8,999,20,6393.6,726.45,UPI
ORD01998,2025-04-19,CUST1357,49.0,Female,Maharashtra,West,Electronics,Headphones,7,199,5,1323.35,333.57,Cash
ORD01999,2025-07-24,CUST1985,56.0,Female,Odisha,East,Office Supplies,Printer Paper,3,199,10,537.3,26.89,Cash
ORD02000,2024-05-03,CUST1735,53.0,Female,West Bengal,East,Office Supplies,Notebook,2,7999,0,15998.0,2731.14,Cash
ORD02001,2024-06-20,CUST1611,61.0,Female,West Bengal,East,Furniture,Desk,6,2499,15,12744.9,62.64,UPI
ORD02002,2024-08-28,CUST1992,44.0,Male,Punjab,North,Office Supplies,Pen,1,999,15,849.15,70.45,Net Banking
ORD02003,2025-10-17,CUST1157,44.0,Female,Tamil Nadu,South,Office Supplies,Pen,1,2499,0,2499.0,134.24,Card
ORD02004,2025-01-18,CUST1977,30.0,Male,Karnataka,South,Furniture,Chair,6,7999,10,43194.6,-1748.92,Card
ORD02005,2024-11-19,CUST1433,21.0,Female,Maharashtra,West,Office Supplies,Printer Paper,2,2499,15,4248.3,990.44,Net Banking
ORD02006,2025-08-27,CUST1334,37.0,Female,Punjab,North,Electronics,Laptop,5,999,0,4995.0,115.96,Cash
ORD02007,2024-11-23,CUST1711,47.0,Male,Punjab,North,Furniture,Sofa,6,499,0,2994.0,562.88,Cash
ORD02008,2025-06-28,CUST1407,45.0,Female,Maharashtra,West,Office Supplies,Printer Paper,2,14999,20,23998.4,4152.41,Net Banking
ORD02009,2024-11-26,CUST1730,56.0,Female,Tamil Nadu,South,Furniture,Desk,2,7999,5,15198.1,276.35,Cash
ORD02010,2024-07-09,CUST1993,33.0,Female,Gujarat,West,Office Supplies,Notebook,6,14999,15,76494.9,-2508.14,Net Banking
ORD02011,2025-09-09,CUST1368,45.0,Female,Punjab,North,Electronics,Laptop,2,7999,5,15198.1,112.16,UPI
ORD02012,2025-02-18,CUST1296,34.0,Male,Karnataka,South,Electronics,Headphones,8,499,5,3792.4,89.56,UPI
ORD02013,2025-08-30,CUST1668,29.0,Female,Tamil Nadu,South,Electronics,Laptop,7,2499,15,14869.05,2469.14,UPI
ORD02014,2025-10-29,CUST1144,20.0,Male,Gujarat,West,Electronics,Headphones,3,499,20,1197.6,303.73,UPI
ORD02015,2025-09-23,CUST1193,32.0,Male,Karnataka,South,Office Supplies,Notebook,5,14999,0,74995.0,-2036.82,Cash
ORD02016,2025-06-21,CUST1152,56.0,Male,West Bengal,East,Electronics,Phone,8,14999,0,119992.0,19394.01,Net Banking
ORD02017,2025-02-02,CUST1058,46.0,Female,Odisha,East,Electronics,Phone,5,14999,10,67495.5,-378.43,Net Banking
ORD02018,2025-02-06,CUST1807,36.0,Male,Delhi,North,Office Supplies,Notebook,2,199,0,398.0,79.93,UPI
ORD02019,2025-04-23,CUST1223,31.0,Male,Karnataka,South,Furniture,Sofa,3,499,15,1272.45,136.52,Net Banking
ORD02020,2025-07-25,CUST1370,21.0,Male,Punjab,North,Furniture,Desk,8,199,15,1353.2,-66.03,Net Banking
ORD02021,2024-05-18,CUST1645,36.0,Male,Punjab,North,Office Supplies,Pen,3,7999,20,19197.6,4389.57,Card
ORD02022,2025-10-25,CUST1889,45.0,Female,Gujarat,West,Office Supplies,Notebook,3,2499,10,6747.3,-293.67,Cash
ORD02023,2025-03-16,CUST1850,28.0,Male,Tamil Nadu,South,Furniture,Desk,3,999,20,,657.19,Card
ORD02024,2024-09-25,CUST1968,44.0,Male,Tamil Nadu,South,Electronics,Headphones,6,14999,15,76494.9,19817.03,Cash
ORD02025,2025-06-19,CUST1947,31.0,Female,Gujarat,West,Furniture,Sofa,8,14999,20,95993.6,2217.74,Cash
ORD02026,2024-11-18,CUST1833,38.0,Male,Punjab,North,Office Supplies,Printer Paper,7,199,20,1114.4,232.95,Cash
ORD02027,2024-08-15,CUST1998,55.0,Female,Karnataka,South,Furniture,Desk,5,499,5,2370.25,-9.18,Net Banking
ORD02028,2024-10-22,CUST1575,39.0,Male,Delhi,North,Electronics,Laptop,2,14999,0,29998.0,1960.08,Cash
ORD02029,2025-12-16,CUST1941,28.0,Male,Delhi,North,Office Supplies,Notebook,3,14999,15,38247.45,3936.74,UPI
ORD02030,2025-05-31,CUST1712,49.0,Male,Odisha,East,Furniture,Chair,3,999,15,2547.45,510.24,UPI
ORD02031,2024-10-24,CUST1069,42.0,Male,Karnataka,South,Furniture,Sofa,8,199,10,1432.8,257.96,Net Banking
ORD02032,2025-04-23,CUST1765,54.0,Female,Delhi,North,Office Supplies,Printer Paper,5,7999,10,35995.5,3249.85,Net Banking
ORD02033,2025-01-31,CUST1197,61.0,Male,Punjab,North,Office Supplies,Pen,8,7999,10,57592.8,8557.09,Card
ORD02034,2024-05-24,CUST1427,23.0,Female,Maharashtra,West,Electronics,Phone,2,199,20,318.4,-9.31,Net Banking
ORD02035,2025-12-01,CUST1518,44.0,Female,Karnataka,South,Electronics,Phone,6,999,10,5394.6,1113.23,Cash
ORD02036,2024-06-25,CUST1260,48.0,Female,Gujarat,West,Furniture,Desk,6,2499,10,13494.6,-203.0,Cash
ORD02037,2025-02-28,CUST1827,51.0,Male,Delhi,North,Electronics,Phone,8,999,20,6393.6,1441.21,Cash
ORD02038,2024-06-06,CUST1179,34.0,Female,Punjab,North,Electronics,Phone,7,999,10,6293.7,401.44,Cash
ORD02039,2025-07-01,CUST1436,19.0,Male,Punjab,North,Furniture,Chair,3,499,5,1422.15,192.34,Cash
ORD02040,2024-02-16,CUST1903,57.0,Female,Maharashtra,West,Office Supplies,Notebook,8,199,5,1512.4,140.46,Cash
ORD02041,2025-12-11,CUST1340,64.0,Male,Karnataka,South,Office Supplies,Printer Paper,7,199,5,1323.35,-45.22,UPI
ORD02042,2025-03-19,CUST1653,22.0,Female,Punjab,North,Office Supplies,Notebook,4,999,20,3196.8,-146.28,Net Banking
ORD02043,2025-01-06,CUST1398,57.0,Female,Maharashtra,West,Furniture,Desk,3,7999,10,21597.3,-252.03,Card
ORD02044,2025-05-18,CUST1306,50.0,Male,Odisha,East,Electronics,Phone,4,999,15,3396.6,723.91,Cash
ORD02045,2025-07-15,CUST1046,26.0,Female,Maharashtra,West,Office Supplies,Pen,1,999,20,799.2,191.76,Card
ORD02046,2025-06-27,CUST1614,26.0,Female,Tamil Nadu,South,Furniture,Chair,1,499,0,499.0,36.84,Cash
ORD02047,2025-03-26,CUST1680,47.0,Female,Punjab,North,Electronics,Phone,3,199,5,567.15,-9.23,Cash
ORD02048,2025-03-11,CUST1755,35.0,Male,Gujarat,West,Furniture,Sofa,6,199,10,1074.6,-28.65,UPI
ORD02049,2024-10-10,CUST1108,54.0,Female,Delhi,North,Office Supplies,Pen,7,14999,20,83994.4,19494.54,UPI
ORD02050,2025-01-20,CUST1733,57.0,Female,Karnataka,South,Electronics,Phone,1,14999,10,13499.1,2738.97,UPI
ORD02051,2024-01-03,CUST1393,43.0,Male,Gujarat,West,Furniture,Desk,4,199,15,676.6,11.75,UPI
ORD02052,2024-10-28,CUST1797,27.0,Female,Punjab,North,Electronics,Headphones,2,2499,20,3998.4,500.71,Cash
ORD02053,2025-04-16,CUST1742,27.0,Male,Odisha,East,Furniture,Sofa,1,2499,5,2374.05,77.03,Net Banking
ORD02054,2025-11-26,CUST1847,54.0,Male,Punjab,North,Office Supplies,Printer Paper,1,499,5,474.05,14.13,Card
ORD02055,2025-04-22,CUST1457,55.0,Female,Gujarat,West,Furniture,Sofa,8,199,20,1273.6,61.39,Cash
ORD02056,2024-03-20,CUST1838,52.0,Male,Punjab,North,Furniture,Desk,6,999,5,5694.3,897.83,Net Banking
ORD02057,2025-09-08,CUST1059,53.0,Female,Tamil Nadu,South,Office Supplies,Notebook,6,7999,0,47994.0,2982.44,Cash
ORD02058,2025-03-29,CUST1420,31.0,Male,Maharashtra,West,Furniture,Sofa,4,7999,10,28796.4,4108.47,UPI
ORD02059,2024-04-21,CUST1184,25.0,Male,Punjab,North,Furniture,Chair,3,499,20,1197.6,107.43,Cash
ORD02060,2024-05-17,CUST1835,19.0,Female,Delhi,North,Electronics,Headphones,7,14999,0,104993.0,13518.92,Card
ORD02061,2024-05-15,CUST1224,48.0,Male,Gujarat,West,Office Supplies,Printer Paper,1,199,0,199.0,21.72,UPI
ORD02062,2025-04-10,CUST1943,20.0,Male,Maharashtra,West,Electronics,Phone,7,14999,10,94493.7,15366.11,Cash
ORD02063,2025-06-15,CUST1801,64.0,Male,Punjab,North,Furniture,Desk,8,7999,20,51193.6,4854.07,UPI
ORD02064,2024-04-13,CUST1784,28.0,Male,Odisha,East,Office Supplies,Pen,1,2499,15,2124.15,69.34,Card
ORD02065,2024-02-03,CUST1366,26.0,Male,Odisha,East,Furniture,Sofa,1,14999,10,13499.1,1403.8,Net Banking
ORD02066,2025-06-05,CUST1550,31.0,Male,Tamil Nadu,South,Office Supplies,Pen,5,199,10,895.5,70.45,Card
ORD02067,2024-08-20,CUST1663,38.0,Male,West Bengal,East,Furniture,Desk,1,14999,0,14999.0,3200.64,UPI
ORD02068,2024-02-08,CUST1596,58.0,Female,Gujarat,West,Electronics,Phone,7,7999,20,44794.4,-1069.39,Net Banking
ORD02069,2025-06-08,CUST1298,34.0,Female,Maharashtra,West,Electronics,Laptop,5,14999,10,67495.5,5062.58,Net Banking
ORD02070,2024-08-11,CUST1960,26.0,Female,West Bengal,East,Electronics,Phone,7,999,0,6993.0,-187.15,Net Banking
ORD02071,2025-05-25,CUST1374,46.0,Male,Tamil Nadu,South,Office Supplies,Printer Paper,4,199,10,716.4,110.18,UPI
ORD02072,2024-05-19,CUST1578,23.0,Female,Maharashtra,West,Electronics,Headphones,7,7999,5,53193.35,10571.36,Cash
ORD02073,2025-01-16,CUST1070,53.0,Female,West Bengal,East,Electronics,Laptop,3,999,0,2997.0,244.47,Cash
ORD02074,2025-01-28,CUST1866,48.0,Female,Tamil Nadu,South,Furniture,Chair,8,499,10,3592.8,187.09,Net Banking
ORD02075,2025-10-04,CUST1498,35.0,Male,Karnataka,South,Furniture,Sofa,6,7999,10,43194.6,7671.6,Net Banking
ORD02076,2025-11-11,CUST1096,43.0,Male,Punjab,North,Electronics,Phone,1,499,5,474.05,-10.94,Cash
ORD02077,2024-09-18,CUST1836,53.0,Male,Delhi,North,Furniture,Desk,8,2499,0,19992.0,3935.06,Net Banking
ORD02078,2024-10-22,CUST1680,58.0,Male,Gujarat,West,Electronics,Headphones,3,7999,5,22797.15,3137.0,UPI
ORD02079,2025-10-23,CUST1599,42.0,Male,Delhi,North,Furniture,Sofa,6,14999,0,89994.0,13615.94,Card
ORD02080,2025-03-01,CUST1423,45.0,Male,Tamil Nadu,South,Furniture,Desk,8,199,20,1273.6,268.97,Card
ORD02081,2024-02-02,CUST1137,26.0,Male,Tamil Nadu,South,Office Supplies,Pen,4,999,5,3796.2,888.15,UPI
ORD02082,2025-03-07,CUST1499,40.0,Male,West Bengal,East,Electronics,Laptop,8,2499,20,15993.6,435.79,Card
ORD02083,2025-02-17,CUST1123,35.0,Female,Gujarat,West,Office Supplies,Notebook,6,499,10,2694.6,125.64,Card
ORD02084,2025-01-04,CUST1444,37.0,Male,Karnataka,South,Electronics,Phone,2,2499,10,4498.2,1115.61,Net Banking
ORD02085,2024-03-09,CUST1581,55.0,Female,Delhi,North,Office Supplies,Pen,4,2499,5,9496.2,786.89,Net Banking
ORD02086,2024-09-26,CUST1831,23.0,Female,Odisha,East,Office Supplies,Notebook,3,2499,15,6372.45,519.16,Card
ORD02087,2024-08-01,CUST1851,35.0,Female,Delhi,North,Office Supplies,Pen,1,499,10,449.1,31.5,Cash
ORD02088,2024-09-03,CUST1979,32.0,Male,Gujarat,West,Electronics,Laptop,4,7999,0,31996.0,1767.51,Cash
ORD02089,2024-07-21,CUST1152,40.0,Male,Odisha,East,Furniture,Sofa,2,999,15,1698.3,88.9,Card
ORD02090,2024-05-17,CUST1895,62.0,Male,Odisha,East,Office Supplies,Printer Paper,8,7999,10,57592.8,1427.13,Cash
ORD02091,2025-06-10,CUST1198,21.0,Female,Punjab,North,Furniture,Chair,8,2499,15,16993.2,1677.64,Card
ORD02092,2025-08-19,CUST1086,38.0,Male,Delhi,North,Office Supplies,Printer Paper,8,499,0,3992.0,236.35,Card
ORD02093,2024-01-16,CUST1497,53.0,Male,West Bengal,East,Furniture,Desk,7,499,0,3493.0,981.01,Net Banking
ORD02094,2024-11-04,CUST1131,39.0,Female,Delhi,North,Office Supplies,Printer Paper,7,14999,20,83994.4,5210.11,Card
ORD02095,2024-09-26,CUST1183,63.0,Male,Maharashtra,West,Electronics,Phone,4,499,0,1996.0,160.28,Card
ORD02096,2025-03-18,CUST1895,39.0,Female,Maharashtra,West,Electronics,Laptop,4,199,5,756.2,215.99,Card
ORD02097,2024-01-28,CUST1413,44.0,Female,West Bengal,East,Electronics,Phone,2,199,10,358.2,80.91,Card
ORD02098,2024-01-20,CUST1097,43.0,Female,Punjab,North,Electronics,Phone,6,14999,20,71995.2,10672.31,UPI
ORD02099,2024-11-23,CUST1237,55.0,Male,Karnataka,South,Electronics,Laptop,3,999,0,,-116.8,UPI
ORD02100,2025-11-10,CUST1756,57.0,Male,Karnataka,South,Furniture,Desk,3,14999,0,44997.0,-744.16,Card
ORD02101,2024-07-16,CUST1233,59.0,Male,Delhi,North,Furniture,Sofa,5,499,5,2370.25,359.23,Cash
ORD02102,2025-02-25,CUST1695,36.0,Female,Tamil Nadu,South,Electronics,Laptop,3,499,20,1197.6,46.65,UPI
ORD02103,2025-03-14,CUST1812,18.0,Male,Tamil Nadu,South,Electronics,Headphones,7,999,10,6293.7,1027.72,Cash
ORD02104,2025-08-20,CUST1973,40.0,Male,Gujarat,West,Electronics,Phone,3,14999,0,44997.0,9241.88,Net Banking
ORD02105,2025-10-02,CUST1369,29.0,Female,Gujarat,West,Office Supplies,Notebook,5,14999,20,59996.0,8552.51,UPI
ORD02106,2024-12-06,CUST1576,22.0,Female,Odisha,East,Electronics,Phone,3,2499,15,6372.45,508.68,Net Banking
ORD02107,2024-04-17,CUST1272,48.0,Female,Maharashtra,West,Furniture,Chair,1,7999,15,6799.15,651.16,UPI
ORD02108,2024-10-04,CUST1945,43.0,Female,Tamil Nadu,South,Office Supplies,Printer Paper,6,499,10,2694.6,693.47,Cash
ORD02109,2024-12-13,CUST1765,33.0,Male,Tamil Nadu,South,Electronics,Headphones,7,499,20,2794.4,399.61,Cash
ORD02110,2024-03-24,CUST1160,59.0,Female,Tamil Nadu,South,Furniture,Sofa,3,999,0,2997.0,205.49,Net Banking
ORD02111,2024-12-02,CUST1512,65.0,Female,Karnataka,South,Furniture,Desk,4,14999,10,53996.4,5064.24,UPI
ORD02112,2025-10-16,CUST1242,57.0,Male,Punjab,North,Electronics,Phone,3,999,20,2397.6,274.85,Net Banking
ORD02113,2025-06-11,CUST1671,30.0,Female,Punjab,North,Electronics,Headphones,2,199,15,338.3,89.29,Card
ORD02114,2025-04-27,CUST1707,28.0,Male,Delhi,North,Electronics,Phone,4,2499,5,9496.2,786.65,Card
ORD02115,2024-10-08,CUST1587,31.0,Male,Odisha,East,Furniture,Sofa,1,7999,5,7599.05,648.27,UPI
ORD02116,2025-10-19,CUST1284,27.0,Male,Punjab,North,Furniture,Chair,5,2499,15,10620.75,152.73,Net Banking
ORD02117,2025-08-22,CUST1881,55.0,Female,Odisha,East,Furniture,Chair,4,7999,0,31996.0,3551.66,Card
ORD02118,2025-02-27,CUST1719,42.0,Female,Tamil Nadu,South,Office Supplies,Pen,2,14999,0,29998.0,405.95,Net Banking
ORD02119,2024-12-02,CUST1225,56.0,Male,Punjab,North,Furniture,Sofa,1,2499,20,1999.2,56.91,Card
ORD02120,2024-09-09,CUST1581,56.0,Female,Punjab,North,Electronics,Laptop,6,7999,0,47994.0,-491.65,Card
ORD02121,2025-11-12,CUST1429,48.0,Male,Delhi,North,Electronics,Laptop,5,999,5,4745.25,553.69,Cash
ORD02122,2025-03-20,CUST1505,56.0,Male,Punjab,North,Electronics,Headphones,5,199,0,995.0,282.83,Card
ORD02123,2025-08-15,CUST1670,63.0,Male,Punjab,North,Office Supplies,Notebook,2,2499,0,4998.0,1456.23,Card
ORD02124,2025-03-03,CUST1873,44.0,Male,Punjab,North,Office Supplies,Notebook,1,499,20,399.2,58.54,Net Banking
ORD02125,2024-07-24,CUST1264,50.0,Female,Delhi,North,Office Supplies,Printer Paper,1,499,10,449.1,0.24,Cash
ORD02126,2025-12-13,CUST1489,54.0,Male,West Bengal,East,Electronics,Laptop,6,499,0,2994.0,296.15,Net Banking
ORD02127,2024-04-11,CUST1875,62.0,Male,Delhi,North,Office Supplies,Pen,1,199,10,179.1,40.39,Net Banking
ORD02128,2024-01-17,CUST1138,37.0,Female,Delhi,North,Electronics,Headphones,2,7999,10,14398.2,3947.67,Card
ORD02129,2025-10-09,CUST1306,38.0,Male,Karnataka,South,Furniture,Chair,2,499,20,,88.45,Net Banking
ORD02130,2025-03-14,CUST1192,56.0,Male,Delhi,North,Furniture,Desk,6,2499,15,12744.9,676.72,UPI
ORD02131,2025-01-23,CUST1125,54.0,Female,Delhi,North,Office Supplies,Pen,5,7999,0,39995.0,7205.8,UPI
ORD02132,2024-03-25,CUST1942,39.0,Male,Karnataka,South,Electronics,Phone,5,199,0,995.0,197.5,Cash
ORD02133,2025-02-20,CUST1561,34.0,Female,Punjab,North,Office Supplies,Printer Paper,7,14999,5,99743.35,8576.69,Cash
ORD02134,2024-01-03,CUST1142,58.0,Female,Tamil Nadu,South,Electronics,Headphones,8,14999,10,107992.8,28369.43,Cash
ORD02135,2025-01-02,CUST1436,42.0,Female,Maharashtra,West,Office Supplies,Pen,5,7999,20,31996.0,8645.82,UPI
ORD02136,2025-11-10,CUST1939,43.0,Male,Delhi,North,Furniture,Chair,6,2499,15,12744.9,914.5,Cash
ORD02137,2025-02-03,CUST1413,26.0,Female,Odisha,East,Electronics,Laptop,8,14999,0,119992.0,13137.88,Net Banking
ORD02138,2024-03-25,CUST1301,59.0,Female,West Bengal,East,Furniture,Desk,1,2499,0,2499.0,455.24,Card
ORD02139,2025-12-18,CUST1524,46.0,Male,Karnataka,South,Furniture,Sofa,7,499,10,3143.7,-112.6,Card
ORD02140,2024-04-12,CUST1497,26.0,Male,Punjab,North,Furniture,Sofa,1,14999,10,13499.1,3994.34,Card
ORD02141,2025-11-06,CUST1165,26.0,Male,Gujarat,West,Electronics,Laptop,2,199,10,358.2,91.18,UPI
ORD02142,2025-04-27,CUST1334,27.0,Male,Karnataka,South,Electronics,Headphones,3,999,0,2997.0,412.44,Cash
ORD02143,2025-09-11,CUST1821,25.0,Male,West Bengal,East,Electronics,Phone,2,199,20,318.4,13.94,Cash
ORD02144,2025-03-29,CUST1949,27.0,Male,Delhi,North,Electronics,Phone,1,999,5,949.05,58.4,UPI
ORD02145,2025-09-05,CUST1777,47.0,Male,Punjab,North,Furniture,Chair,6,2499,20,11995.2,3516.88,Card
ORD02146,2025-12-30,CUST1965,39.0,Male,Karnataka,South,Electronics,Laptop,5,199,20,796.0,40.35,Cash
ORD02147,2025-07-23,CUST1419,47.0,Female,Punjab,North,Electronics,Headphones,2,14999,10,26998.2,1370.67,UPI
ORD02148,2024-12-18,CUST1509,53.0,Male,Delhi,North,Electronics,Headphones,4,199,15,676.6,18.74,UPI
ORD02149,2025-03-31,CUST1256,33.0,Female,Maharashtra,West,Office Supplies,Notebook,2,499,20,798.4,162.78,Card
ORD02150,2024-11-09,CUST1714,19.0,Female,Odisha,East,Office Supplies,Pen,6,2499,10,13494.6,2123.03,UPI
ORD02151,2024-06-05,CUST1532,56.0,Female,Punjab,North,electronics,Pen,1,14999,10,13499.1,1022.56,Card
ORD02152,2024-08-27,CUST1463,35.0,Female,Maharashtra,West,Office Supplies,Notebook,7,999,15,5944.05,659.16,Net Banking
ORD02153,2024-08-16,CUST1428,60.0,Male,Delhi,North,Furniture,Desk,3,2499,15,6372.45,-110.68,Cash
ORD02154,2025-02-12,CUST1630,57.0,Male,Delhi,North,Furniture,Chair,1,7999,10,7199.1,130.0,Net Banking
ORD02155,2024-01-10,CUST1544,36.0,Male,Odisha,East,Furniture,Desk,8,499,10,3592.8,829.75,UPI
ORD02156,2024-10-07,CUST1081,47.0,Male,Tamil Nadu,South,Electronics,Laptop,5,7999,0,39995.0,8734.0,Cash
ORD02157,2024-12-12,CUST1322,47.0,Female,Punjab,North,Furniture,Chair,7,7999,0,55993.0,3621.06,Card
ORD02158,2025-01-12,CUST1463,21.0,Male,Maharashtra,West,Furniture,Sofa,7,199,5,1323.35,62.39,UPI
ORD02159,2024-03-25,CUST1329,58.0,Male,Karnataka,South,Office Supplies,Pen,5,999,5,4745.25,1308.84,Net Banking
ORD02160,2025-12-07,CUST1632,56.0,Male,Karnataka,South,Furniture,Chair,3,7999,15,20397.45,1780.87,Net Banking
ORD02161,2024-01-28,CUST1309,23.0,Female,Karnataka,South,Furniture,Desk,3,7999,5,22797.15,5476.49,Net Banking
ORD02162,2025-01-26,CUST1618,31.0,Female,Karnataka,South,Furniture,Sofa,4,7999,5,30396.2,8053.37,Card
ORD02163,2025-08-23,CUST1160,50.0,Male,Maharashtra,West,Electronics,Phone,1,499,0,499.0,121.58,Cash
ORD02164,2024-02-19,CUST1108,54.0,Male,West Bengal,East,Electronics,Laptop,1,2499,0,2499.0,462.31,UPI
ORD02165,2024-03-04,CUST1002,21.0,Male,Tamil Nadu,South,Office Supplies,Notebook,8,7999,15,54393.2,-1106.17,UPI
ORD02166,2025-11-24,CUST1287,62.0,Female,Odisha,East,Electronics,Phone,3,499,10,1347.3,110.21,Card
ORD02167,2025-09-28,CUST1831,27.0,Male,Odisha,East,Office Supplies,Pen,1,14999,15,12749.15,1947.8,Card
ORD02168,2025-01-29,CUST1666,58.0,Female,Odisha,East,Office Supplies,Notebook,3,14999,5,42747.15,-897.89,Net Banking
ORD02169,2025-03-30,CUST1013,65.0,Male,Punjab,North,Furniture,Desk,5,2499,10,11245.5,2735.51,Cash
ORD02170,2025-03-14,CUST1992,44.0,Female,West Bengal,East,Office Supplies,Printer Paper,2,199,15,338.3,98.42,Cash
ORD02171,2024-01-28,CUST1802,54.0,Male,Punjab,North,Electronics,Headphones,8,14999,15,101993.2,-2711.62,Card
ORD02172,2025-10-01,CUST1061,27.0,Male,Odisha,East,Office Supplies,Notebook,7,14999,0,104993.0,24043.79,UPI
ORD02173,2025-05-04,CUST1647,45.0,Male,Delhi,North,Furniture,Desk,8,199,15,1353.2,230.34,Cash
ORD02174,2024-06-08,CUST1073,,Female,Karnataka,South,Electronics,Laptop,8,199,20,1273.6,94.89,Cash
ORD02175,2025-09-12,CUST1319,30.0,Male,Odisha,East,Electronics,Phone,2,199,10,358.2,88.13,Card
ORD02176,2025-12-14,CUST1152,33.0,Male,Delhi,North,Furniture,Desk,4,7999,20,25596.8,3778.34,UPI
ORD02177,2025-05-05,CUST1773,52.0,Female,Tamil Nadu,South,Furniture,Desk,7,2499,20,13994.4,322.46,Card
ORD02178,2024-12-15,CUST1917,31.0,Male,Maharashtra,West,Office Supplies,Pen,7,999,20,5594.4,-139.57,Card
ORD02179,2025-03-14,CUST1402,36.0,Male,Delhi,North,Furniture,Sofa,1,2499,10,2249.1,16.38,Net Banking
ORD02180,2024-11-19,CUST1965,40.0,Male,Maharashtra,West,Furniture,Chair,3,2499,5,7122.15,2120.25,UPI
ORD02181,2025-02-24,CUST1266,51.0,Female,Gujarat,West,Office Supplies,Pen,6,2499,20,11995.2,1370.35,Cash
ORD02182,2024-01-23,CUST1314,44.0,Male,Maharashtra,West,Electronics,Phone,5,14999,10,67495.5,16243.56,Cash
ORD02183,2024-12-07,CUST1879,25.0,Male,Punjab,North,Office Supplies,Notebook,7,999,15,5944.05,813.39,Card
ORD02184,2024-11-23,CUST1719,19.0,Female,Maharashtra,West,Furniture,Desk,8,499,20,3193.6,896.22,UPI
ORD02185,2025-11-03,CUST1380,18.0,Male,Odisha,East,Electronics,Laptop,3,7999,0,23997.0,1329.59,UPI
ORD02186,2025-08-03,CUST1474,26.0,Female,Tamil Nadu,South,Furniture,Desk,1,999,10,899.1,261.07,Card
ORD02187,2024-04-05,CUST1299,46.0,Male,West Bengal,East,Furniture,Chair,4,499,20,1596.8,216.2,UPI
ORD02188,2025-12-16,CUST1720,35.0,Female,Tamil Nadu,South,Office Supplies,Printer Paper,3,14999,0,44997.0,12341.0,Card
ORD02189,2025-10-07,CUST1224,60.0,Male,Gujarat,West,Furniture,Sofa,8,199,15,1353.2,25.7,Net Banking
ORD02190,2024-02-20,CUST1912,64.0,Female,Karnataka,South,Electronics,Laptop,3,499,0,1497.0,355.68,Cash
ORD02191,2025-04-07,CUST1691,54.0,Female,Tamil Nadu,South,Furniture,Sofa,4,499,5,1896.2,185.83,Card
ORD02192,2024-12-09,CUST1655,61.0,Female,Tamil Nadu,South,Furniture,Sofa,2,14999,5,28498.1,2377.22,Cash
ORD02193,2024-02-23,CUST1116,30.0,Male,Maharashtra,West,Electronics,Headphones,6,2499,10,13494.6,2009.22,Cash
ORD02194,2024-12-05,CUST1298,43.0,Male,West Bengal,East,Office Supplies,Notebook,6,199,0,1194.0,-27.34,Net Banking
ORD02195,2024-02-06,CUST1292,34.0,Male,West Bengal,East,Office Supplies,Notebook,4,7999,20,25596.8,3890.12,Card
ORD02196,2025-06-05,CUST1348,22.0,Male,West Bengal,East,Furniture,Chair,2,999,15,1698.3,143.91,Cash
ORD02197,2024-12-26,CUST1517,21.0,Male,Karnataka,South,Furniture,Sofa,4,2499,10,8996.4,992.56,Card
ORD02198,2025-05-13,CUST1860,46.0,Female,Delhi,North,Furniture,Sofa,6,2499,10,13494.6,1438.29,Card
ORD02199,2025-07-26,CUST1661,63.0,Male,Delhi,North,Electronics,Phone,2,2499,20,3998.4,537.75,Net Banking
ORD02200,2025-06-13,CUST1432,25.0,Male,Punjab,North,Electronics,Laptop,6,7999,15,40794.9,4018.41,Net Banking
ORD02201,2024-03-08,CUST1487,20.0,Female,Gujarat,West,Furniture,Sofa,4,14999,5,56996.2,338.61,Card
ORD02202,2024-12-22,CUST1432,38.0,Female,West Bengal,East,Furniture,Chair,5,999,20,3996.0,-106.13,UPI
ORD02203,2025-06-05,CUST1167,36.0,Male,West Bengal,East,Furniture,Chair,4,7999,20,25596.8,5622.65,Net Banking
ORD02204,2025-11-28,CUST1338,52.0,Female,Maharashtra,West,Electronics,Phone,8,999,20,6393.6,-222.75,Net Banking
ORD02205,2025-06-11,CUST1349,31.0,Male,Gujarat,West,Office Supplies,Notebook,1,499,0,499.0,1.53,Net Banking
ORD02206,2025-01-14,CUST1830,65.0,Male,Tamil Nadu,South,Furniture,Desk,4,999,10,3596.4,-92.17,UPI
ORD02207,2024-01-05,CUST1823,52.0,Female,West Bengal,East,Office Supplies,Pen,5,2499,0,12495.0,3609.78,UPI
ORD02208,2024-08-17,CUST1568,63.0,Male,Punjab,North,Electronics,Headphones,1,14999,15,12749.15,2778.47,Net Banking
ORD02209,2024-11-22,CUST1131,62.0,Female,Gujarat,West,Furniture,Sofa,2,199,20,318.4,16.68,Net Banking
ORD02210,2024-02-19,CUST1847,27.0,Female,Karnataka,South,Office Supplies,Notebook,1,2499,0,2499.0,3.12,UPI
ORD02211,2025-11-05,CUST1495,62.0,Female,Tamil Nadu,South,Office Supplies,Pen,8,499,0,3992.0,287.74,Net Banking
ORD02212,2025-09-16,CUST1444,40.0,Female,Punjab,North,Electronics,Headphones,8,199,15,1353.2,105.1,Net Banking
ORD02213,2024-09-29,CUST1016,19.0,Female,Gujarat,West,Furniture,Chair,7,7999,5,53193.35,966.52,UPI
ORD02214,2025-04-14,CUST1639,30.0,Male,Tamil Nadu,South,Electronics,Headphones,7,14999,10,94493.7,1766.73,UPI
ORD02215,2024-10-18,CUST1489,60.0,Male,Delhi,North,Furniture,Chair,1,2499,0,2499.0,191.54,Net Banking
ORD02216,2025-12-19,CUST1098,20.0,Male,Delhi,North,Furniture,Desk,2,199,10,358.2,-13.25,Net Banking
ORD02217,2025-08-08,CUST1734,31.0,Female,Tamil Nadu,South,Electronics,Laptop,1,499,15,424.15,30.55,Net Banking
ORD02218,2025-12-31,CUST1211,40.0,Female,Odisha,East,Office Supplies,Notebook,4,999,10,3596.4,459.12,Card
ORD02219,2024-09-15,CUST1393,33.0,Female,Karnataka,South,Furniture,Sofa,7,2499,20,13994.4,-252.58,Net Banking
ORD02220,2025-11-04,CUST1417,45.0,Female,West Bengal,East,Electronics,Laptop,4,199,15,676.6,130.2,UPI
ORD02221,2025-05-25,CUST1685,26.0,Female,Tamil Nadu,South,Furniture,Sofa,6,999,20,4795.2,1273.48,Card
ORD02222,2024-02-20,CUST1088,37.0,Female,Delhi,North,Office Supplies,Printer Paper,3,199,20,477.6,41.5,Card
ORD02223,2025-05-22,CUST1898,25.0,Female,West Bengal,East,Office Supplies,Notebook,6,999,5,5694.3,1357.32,UPI
ORD02224,2025-12-30,CUST1780,30.0,Male,Delhi,North,Electronics,Phone,7,14999,5,99743.35,8327.2,Card
ORD02225,2024-03-08,CUST1566,46.0,Male,Delhi,North,electronics,Notebook,1,7999,20,6399.2,998.44,Card
ORD02226,2025-07-10,CUST1901,56.0,Male,West Bengal,East,Electronics,Headphones,4,999,10,3596.4,-98.67,Card
ORD02227,2024-03-31,CUST1248,44.0,Female,Karnataka,South,Furniture,Sofa,4,14999,15,50996.6,4895.96,UPI
ORD02228,2025-08-08,CUST1310,47.0,Female,Delhi,North,Electronics,Laptop,7,7999,0,55993.0,4035.78,Net Banking
ORD02229,2025-11-28,CUST1561,31.0,Male,Punjab,North,Office Supplies,Notebook,2,199,0,398.0,116.54,Card
ORD02230,2024-05-22,CUST1096,53.0,Male,Gujarat,West,Electronics,Headphones,8,7999,20,51193.6,2640.34,Cash
ORD02231,2024-04-16,CUST1415,49.0,Female,Tamil Nadu,South,Office Supplies,Notebook,8,2499,10,17992.8,3178.85,Net Banking
ORD02232,2024-08-09,CUST1418,33.0,Female,Punjab,North,Furniture,Desk,3,14999,20,35997.6,5037.59,Cash
ORD02233,2025-02-15,CUST1176,55.0,Male,Delhi,North,Office Supplies,Printer Paper,7,14999,5,99743.35,11067.68,UPI
ORD02234,2025-02-10,CUST1087,43.0,Female,Gujarat,West,Furniture,Desk,1,7999,5,7599.05,810.37,UPI
ORD02235,2024-05-18,CUST1331,,Female,Karnataka,South,Furniture,Desk,4,999,20,3196.8,439.28,Net Banking
ORD02236,2024-07-11,CUST1934,53.0,Female,Maharashtra,West,Furniture,Desk,8,2499,10,17992.8,-742.6,Card
ORD02237,2025-01-31,CUST1337,48.0,Male,West Bengal,East,Electronics,Headphones,5,199,15,845.75,-9.92,Card
ORD02238,2025-10-25,CUST1116,37.0,Female,Tamil Nadu,South,Furniture,Desk,2,7999,20,12798.4,1337.31,Card
ORD02239,2025-10-15,CUST1185,51.0,Female,Punjab,North,Electronics,Laptop,3,999,10,2697.3,426.25,Net Banking
ORD02240,2025-08-26,CUST1200,19.0,Male,Odisha,East,Electronics,Headphones,4,14999,0,59996.0,13251.89,Card
ORD02241,2025-10-02,CUST1036,49.0,Female,Tamil Nadu,South,Office Supplies,Notebook,2,14999,20,23998.4,2087.83,UPI
ORD02242,2024-07-12,CUST1417,56.0,Male,Punjab,North,Office Supplies,Printer Paper,6,499,5,2844.3,19.11,Card
ORD02243,2024-05-19,CUST1831,34.0,Male,Punjab,North,Electronics,Laptop,1,2499,5,2374.05,-102.24,Net Banking
ORD02244,2025-10-12,CUST1295,19.0,Female,Maharashtra,West,Furniture,Sofa,8,999,5,7592.4,868.2,Net Banking
ORD02245,2025-01-24,CUST1555,49.0,Male,Punjab,North,Furniture,Desk,6,2499,15,12744.9,503.41,Cash
ORD02246,2025-11-02,CUST1439,53.0,Female,Odisha,East,Furniture,Chair,5,999,0,4995.0,240.96,Cash
ORD02247,2024-12-27,CUST1670,53.0,Female,Tamil Nadu,South,Office Supplies,Notebook,5,7999,5,37995.25,6895.1,UPI
ORD02248,2024-06-06,CUST1030,60.0,Female,Gujarat,West,Electronics,Phone,7,999,20,5594.4,333.52,Net Banking
ORD02249,2025-10-28,CUST1418,57.0,Male,Odisha,East,Electronics,Headphones,5,499,5,2370.25,522.87,Cash
ORD02250,2024-11-08,CUST1326,21.0,Female,West Bengal,East,Office Supplies,Pen,6,7999,0,47994.0,3580.87,Card
ORD02251,2024-07-20,CUST1287,29.0,Male,Tamil Nadu,South,Furniture,Desk,3,14999,0,44997.0,-1444.5,Card
ORD02252,2025-10-12,CUST1807,40.0,Male,Gujarat,West,Electronics,Headphones,8,499,20,3193.6,192.12,UPI
ORD02253,2024-02-09,CUST1692,26.0,Male,Delhi,North,Furniture,Chair,6,7999,10,43194.6,-497.66,Cash
ORD02254,2024-03-07,CUST1142,47.0,Female,West Bengal,East,Office Supplies,Notebook,2,999,5,1898.1,133.24,UPI
ORD02255,2024-09-01,CUST1672,40.0,Male,Tamil Nadu,South,Office Supplies,Pen,4,199,0,796.0,-8.69,Cash
ORD02256,2025-11-22,CUST1389,29.0,Female,Tamil Nadu,South,Furniture,Chair,8,999,5,7592.4,1085.53,Card
ORD02257,2024-12-16,CUST1977,23.0,Female,Punjab,North,Furniture,Chair,4,7999,10,28796.4,2073.24,Net Banking
ORD02258,2024-11-07,CUST1352,40.0,Female,Delhi,North,Office Supplies,Notebook,6,199,0,1194.0,139.49,UPI
ORD02259,2025-03-01,CUST1466,30.0,Male,Maharashtra,West,Furniture,Chair,8,499,20,3193.6,785.05,Net Banking
ORD02260,2025-01-18,CUST1986,45.0,Male,Odisha,East,Electronics,Laptop,2,14999,10,26998.2,6497.37,Net Banking
ORD02261,2025-06-07,CUST1999,59.0,Female,West Bengal,East,Electronics,Phone,1,7999,10,7199.1,964.69,Net Banking
ORD02262,2025-09-09,CUST1852,45.0,Male,Karnataka,South,Office Supplies,Printer Paper,1,2499,20,1999.2,63.8,Card
ORD02263,2025-12-30,CUST1337,64.0,Male,Tamil Nadu,South,Electronics,Phone,8,199,10,1432.8,96.65,UPI
ORD02264,2024-08-22,CUST1847,51.0,Male,Gujarat,West,Electronics,Headphones,2,499,5,948.1,45.64,Cash
ORD02265,2024-09-05,CUST1410,37.0,Female,West Bengal,East,Office Supplies,Pen,3,199,5,567.15,44.95,Card
ORD02266,2025-01-05,CUST1785,41.0,Female,Karnataka,South,Office Supplies,Notebook,2,499,10,898.2,-3.25,Net Banking
ORD02267,2024-01-25,CUST1766,36.0,Female,Maharashtra,West,Office Supplies,Printer Paper,2,199,10,358.2,18.8,UPI
ORD02268,2024-03-27,CUST1907,20.0,Male,Delhi,North,Office Supplies,Pen,4,2499,20,7996.8,642.78,Net Banking
ORD02269,2025-11-30,CUST1598,25.0,Female,Maharashtra,West,Office Supplies,Printer Paper,2,999,0,1998.0,185.41,UPI
ORD02270,2025-03-13,CUST1144,61.0,Male,Gujarat,West,Electronics,Phone,4,499,20,1596.8,-17.5,Card
ORD02271,2025-02-10,CUST1580,22.0,Female,Maharashtra,West,Office Supplies,Notebook,3,199,20,477.6,68.05,Net Banking
ORD02272,2025-06-10,CUST1698,46.0,Female,Tamil Nadu,South,Furniture,Desk,2,199,10,358.2,-0.75,Card
ORD02273,2024-10-07,CUST1325,21.0,Male,Gujarat,West,Furniture,Sofa,2,999,5,1898.1,-57.38,UPI
ORD02274,2024-02-05,CUST1908,31.0,Female,Delhi,North,Office Supplies,Pen,4,7999,15,27196.6,3922.65,Cash
ORD02275,2025-10-26,CUST1797,21.0,Female,Delhi,North,Office Supplies,Pen,7,2499,15,14869.05,-497.66,Card
ORD02276,2024-03-11,CUST1549,63.0,Male,Tamil Nadu,South,Furniture,Sofa,8,14999,10,107992.8,5848.79,UPI
ORD02277,2024-03-14,CUST1049,38.0,Male,Maharashtra,West,Electronics,Laptop,4,7999,5,30396.2,3229.37,UPI
ORD02278,2024-01-03,CUST1100,33.0,Male,Tamil Nadu,South,Furniture,Chair,2,7999,10,14398.2,84.79,Cash
ORD02279,2025-11-19,CUST1396,51.0,Male,Karnataka,South,Electronics,Headphones,4,14999,0,59996.0,15510.13,Net Banking
ORD02280,2025-01-24,CUST1614,18.0,Female,Tamil Nadu,South,Electronics,Laptop,2,14999,15,25498.3,7563.43,Cash
ORD02281,2024-03-23,CUST1263,62.0,Male,Gujarat,West,Furniture,Chair,1,199,0,199.0,14.68,Card
ORD02282,2024-01-29,CUST1813,59.0,Female,Maharashtra,West,Furniture,Chair,7,499,10,3143.7,459.67,Card
ORD02283,2025-08-21,CUST1771,23.0,Female,Karnataka,South,Furniture,Chair,6,199,0,1194.0,308.95,Cash
ORD02284,2024-12-12,CUST1398,25.0,Male,Odisha,East,Furniture,Desk,8,499,20,3193.6,282.31,Net Banking
ORD02285,2025-11-22,CUST1513,50.0,Female,Gujarat,West,Electronics,Laptop,8,2499,0,19992.0,3815.16,UPI
ORD02286,2025-01-25,CUST1945,46.0,Male,Maharashtra,West,Office Supplies,Pen,7,199,5,1323.35,277.59,Card
ORD02287,2025-06-21,CUST1489,65.0,Female,Odisha,East,Furniture,Chair,8,199,5,1512.4,212.59,Card
ORD02288,2024-11-05,CUST1304,43.0,Female,Karnataka,South,Electronics,Headphones,5,14999,15,63745.75,18262.85,UPI
ORD02289,2024-04-23,CUST1073,47.0,Female,Gujarat,West,Electronics,Headphones,4,199,10,716.4,202.74,Card
ORD02290,2024-08-20,CUST1115,56.0,Female,West Bengal,East,Office Supplies,Printer Paper,2,999,5,1898.1,101.42,Net Banking
ORD02291,2025-07-05,CUST1578,42.0,Female,Tamil Nadu,South,Furniture,Desk,1,999,15,849.15,50.62,Card
ORD02292,2024-08-13,CUST1498,61.0,Male,Tamil Nadu,South,Office Supplies,Printer Paper,4,199,0,796.0,37.74,Net Banking
ORD02293,2025-12-24,CUST1970,56.0,Male,Karnataka,South,Furniture,Sofa,3,14999,5,42747.15,9524.6,UPI
ORD02294,2024-09-27,CUST1051,42.0,Male,Maharashtra,West,Furniture,Desk,4,999,0,3996.0,-138.71,Card
ORD02295,2024-07-16,CUST1020,23.0,Male,Punjab,North,Electronics,Laptop,3,999,15,2547.45,-16.74,Net Banking
ORD02296,2025-06-17,CUST1671,,Female,Maharashtra,West,Furniture,Desk,8,7999,20,51193.6,10504.13,Cash
ORD02297,2024-10-12,CUST1559,44.0,Female,Maharashtra,West,Furniture,Chair,3,199,15,507.45,-3.31,Net Banking
ORD02298,2024-08-04,CUST1647,61.0,Female,West Bengal,East,Office Supplies,Printer Paper,2,199,15,338.3,-7.8,Net Banking
ORD02299,2025-01-10,CUST1852,40.0,Female,Karnataka,South,Furniture,Chair,2,499,20,798.4,88.9,UPI
ORD02300,2025-07-28,CUST1519,22.0,Male,Maharashtra,West,Furniture,Sofa,5,7999,15,33995.75,893.12,UPI
ORD02301,2024-01-14,CUST1511,22.0,Female,Punjab,North,Office Supplies,Notebook,1,199,5,189.05,33.09,Net Banking
ORD02302,2025-12-08,CUST1199,44.0,Male,West Bengal,East,Office Supplies,Printer Paper,3,199,15,507.45,14.02,UPI
ORD02303,2024-02-16,CUST1317,62.0,Male,Punjab,North,Office Supplies,Printer Paper,6,999,20,4795.2,-178.28,UPI
ORD02304,2025-05-30,CUST1230,39.0,Female,Maharashtra,West,Office Supplies,Pen,5,999,20,3996.0,886.25,UPI
ORD02305,2024-11-25,CUST1795,39.0,Male,Delhi,North,Furniture,Desk,4,7999,5,30396.2,28.12,Net Banking
ORD02306,2024-03-09,CUST1644,65.0,Female,West Bengal,East,Office Supplies,Printer Paper,3,999,20,2397.6,619.07,Net Banking
ORD02307,2024-02-08,CUST1124,62.0,Female,Maharashtra,West,Electronics,Headphones,3,14999,5,42747.15,3934.26,UPI
ORD02308,2024-08-27,CUST1096,38.0,Female,Odisha,East,Furniture,Chair,4,14999,20,47996.8,1828.26,UPI
ORD02309,2025-09-28,CUST1047,59.0,Female,Delhi,North,Electronics,Phone,7,7999,10,50393.7,11152.61,Cash
ORD02310,2025-09-17,CUST1619,29.0,Male,Odisha,East,Electronics,Headphones,5,14999,0,74995.0,11012.35,Net Banking
ORD02311,2024-03-09,CUST1898,31.0,Male,Maharashtra,West,Furniture,Sofa,2,2499,15,4248.3,543.26,Net Banking
ORD02312,2025-11-03,CUST1231,63.0,Female,Tamil Nadu,South,Furniture,Chair,8,14999,5,113992.4,-871.09,Card
ORD02313,2024-10-03,CUST1096,62.0,Male,Tamil Nadu,South,Electronics,Headphones,3,14999,5,42747.15,8858.98,Card
ORD02314,2024-01-15,CUST1096,52.0,Male,Maharashtra,West,Electronics,Headphones,4,2499,10,8996.4,521.7,Cash
ORD02315,2024-10-13,CUST1250,41.0,Male,Odisha,East,Electronics,Phone,5,499,0,2495.0,12.65,Cash
ORD02316,2024-03-07,CUST1344,44.0,Female,Gujarat,West,Furniture,Sofa,2,199,20,318.4,31.53,Card
ORD02317,2025-12-24,CUST1066,30.0,Female,West Bengal,East,Furniture,Desk,6,499,20,2395.2,332.22,Card
ORD02318,2025-09-30,CUST1057,50.0,Male,Odisha,East,Office Supplies,Notebook,5,999,0,4995.0,946.71,Net Banking
ORD02319,2024-09-30,CUST1185,65.0,Male,Delhi,North,Electronics,Headphones,4,999,15,3396.6,210.02,Card
ORD02320,2025-03-09,CUST1614,29.0,Male,Karnataka,South,Furniture,Desk,7,2499,20,13994.4,2552.41,Cash
ORD02321,2024-03-07,CUST1640,52.0,Male,Karnataka,South,Office Supplies,Pen,2,7999,10,14398.2,-251.93,Card
ORD02322,2025-11-20,CUST1181,50.0,Male,Tamil Nadu,South,Electronics,Phone,3,999,0,2997.0,247.23,Cash
ORD02323,2025-01-14,CUST1104,65.0,Female,Maharashtra,West,Electronics,Phone,4,499,10,1796.4,41.39,Net Banking
ORD02324,2025-07-29,CUST1180,42.0,Male,West Bengal,East,Office Supplies,Pen,6,999,5,5694.3,281.85,Cash
ORD02325,2024-12-21,CUST1167,53.0,Female,West Bengal,East,Furniture,Desk,4,999,0,3996.0,608.06,Cash
ORD02326,2024-08-02,CUST1330,56.0,Male,Maharashtra,West,Electronics,Headphones,7,7999,15,47594.05,2340.81,Net Banking
ORD02327,2024-01-05,CUST1038,55.0,Female,Gujarat,West,Electronics,Phone,8,199,20,1273.6,169.47,Cash
ORD02328,2025-11-13,CUST1386,51.0,Female,Tamil Nadu,South,Electronics,Phone,5,14999,20,59996.0,10545.48,Net Banking
ORD02329,2025-10-19,CUST1022,45.0,Male,Gujarat,West,Furniture,Chair,7,14999,0,104993.0,11565.15,Card
ORD02330,2025-04-03,CUST1105,39.0,Female,Odisha,East,Electronics,Laptop,1,499,20,399.2,16.47,Net Banking
ORD02331,2025-06-01,CUST1432,19.0,Male,Odisha,East,Furniture,Sofa,6,199,10,1074.6,-24.93,Net Banking
ORD02332,2025-01-11,CUST1625,58.0,Female,Gujarat,West,Furniture,Sofa,3,499,10,1347.3,260.03,Cash
ORD02333,2025-08-13,CUST1809,32.0,Female,Punjab,North,Furniture,Chair,6,2499,15,12744.9,3185.02,Cash
ORD02334,2025-04-27,CUST1851,62.0,Male,West Bengal,East,Electronics,Headphones,5,499,20,1996.0,203.83,Cash
ORD02335,2025-11-29,CUST1879,33.0,Female,Maharashtra,West,Furniture,Chair,3,999,0,2997.0,878.48,Net Banking
ORD02336,2024-09-12,CUST1529,59.0,Female,Maharashtra,West,Furniture,Desk,2,14999,15,25498.3,5512.91,UPI
ORD02337,2024-01-20,CUST1737,23.0,Male,Maharashtra,West,Office Supplies,Pen,4,999,20,3196.8,232.66,Card
ORD02338,2025-09-17,CUST1664,31.0,Male,Tamil Nadu,South,Office Supplies,Printer Paper,7,7999,10,50393.7,-1037.07,Cash
ORD02339,2025-05-01,CUST1049,31.0,Female,West Bengal,East,Office Supplies,Pen,8,999,20,6393.6,521.82,Cash
ORD02340,2024-10-15,CUST1216,58.0,Female,Maharashtra,West,Electronics,Laptop,7,499,10,3143.7,177.35,Net Banking
ORD02341,2025-01-14,CUST1450,61.0,Female,Maharashtra,West,Electronics,Laptop,2,14999,5,28498.1,531.82,Card
ORD02342,2024-12-31,CUST1472,47.0,Female,Maharashtra,West,Furniture,Chair,2,2499,10,4498.2,215.82,UPI
ORD02343,2024-02-12,CUST1521,57.0,Female,Maharashtra,West,Furniture,Chair,7,2499,20,13994.4,834.16,Net Banking
ORD02344,2024-10-19,CUST1859,50.0,Female,Odisha,East,Furniture,Sofa,5,14999,10,67495.5,11981.95,UPI
ORD02345,2024-09-02,CUST1487,42.0,Female,West Bengal,East,Furniture,Sofa,8,999,0,7992.0,2292.15,Net Banking
ORD02346,2024-12-29,CUST1082,37.0,Female,Gujarat,West,Electronics,Phone,3,199,15,,49.44,Cash
ORD02347,2024-07-31,CUST1060,57.0,Male,Tamil Nadu,South,Electronics,Laptop,6,2499,5,14244.3,2537.04,Card
ORD02348,2025-06-02,CUST1153,33.0,Female,Punjab,North,Office Supplies,Notebook,7,999,15,5944.05,445.65,Cash
ORD02349,2024-07-03,CUST1935,,Male,West Bengal,East,Office Supplies,Pen,7,999,5,6643.35,462.94,Net Banking
ORD02350,2025-08-07,CUST1754,23.0,Male,Maharashtra,West,Office Supplies,Printer Paper,1,199,10,179.1,20.28,Card
ORD02351,2025-12-06,CUST1783,56.0,Female,Tamil Nadu,South,Office Supplies,Printer Paper,6,2499,0,14994.0,-336.88,Cash
ORD02352,2025-04-03,CUST1806,35.0,Female,Delhi,North,Office Supplies,Notebook,6,7999,5,45594.3,9670.85,Net Banking
ORD02353,2025-06-06,CUST1658,59.0,Female,Punjab,North,Office Supplies,Pen,8,2499,15,16993.2,4641.88,Net Banking
ORD02354,2024-05-30,CUST1725,57.0,Male,Punjab,North,Office Supplies,Pen,7,2499,15,14869.05,2106.14,Cash
ORD02355,2024-03-10,CUST1282,63.0,Male,Tamil Nadu,South,Furniture,Desk,6,199,20,955.2,166.84,UPI
ORD02356,2024-01-18,CUST1323,35.0,Female,Karnataka,South,Office Supplies,Notebook,3,2499,15,6372.45,1707.14,UPI
ORD02357,2024-03-31,CUST1544,42.0,Female,Maharashtra,West,Electronics,Laptop,5,199,10,895.5,-23.7,Card
ORD02358,2024-04-02,CUST1259,47.0,Female,Odisha,East,Furniture,Desk,4,499,20,1596.8,250.34,UPI
ORD02359,2024-09-25,CUST1288,24.0,Male,Odisha,East,Furniture,Desk,3,199,5,567.15,36.62,UPI
ORD02360,2025-11-29,CUST1716,44.0,Female,Tamil Nadu,South,Office Supplies,Notebook,6,199,20,,258.4,Cash
ORD02361,2024-03-19,CUST1517,61.0,Male,Gujarat,West,Furniture,Chair,4,199,5,756.2,205.34,Card
ORD02362,2025-07-01,CUST1834,23.0,Female,Tamil Nadu,South,Office Supplies,Pen,4,999,15,3396.6,748.46,UPI
ORD02363,2025-09-29,CUST1826,57.0,Male,West Bengal,East,Office Supplies,Notebook,8,7999,20,51193.6,3314.99,Cash
ORD02364,2024-04-23,CUST1385,47.0,Female,Delhi,North,Office Supplies,Pen,6,999,20,4795.2,1169.2,UPI
ORD02365,2025-08-08,CUST1093,53.0,Male,Karnataka,South,Electronics,Headphones,4,999,20,3196.8,692.98,Card
ORD02366,2024-06-26,CUST1319,28.0,Male,Karnataka,South,Furniture,Desk,4,999,5,3796.2,745.01,Cash
ORD02367,2024-06-07,CUST1483,30.0,Female,Maharashtra,West,Electronics,Headphones,2,499,0,998.0,129.99,Card
ORD02368,2025-10-18,CUST1364,41.0,Male,Punjab,North,Office Supplies,Pen,2,499,5,948.1,-19.58,Card
ORD02369,2025-04-05,CUST1451,52.0,Male,Punjab,North,Electronics,Laptop,4,199,10,716.4,38.61,Card
ORD02370,2025-02-20,CUST1759,63.0,Female,Punjab,North,Furniture,Sofa,5,14999,10,67495.5,4179.21,UPI
ORD02371,2025-02-20,CUST1961,57.0,Female,Odisha,East,Furniture,Chair,3,7999,20,19197.6,-299.52,Cash
ORD02372,2024-04-17,CUST1939,62.0,Female,Karnataka,South,Furniture,Desk,2,7999,0,15998.0,-671.63,Net Banking
ORD02373,2024-05-06,CUST1414,52.0,Male,Delhi,North,Electronics,Headphones,3,499,10,1347.3,-4.18,Net Banking
ORD02374,2025-01-25,CUST1855,57.0,Female,Karnataka,South,Office Supplies,Notebook,8,999,15,6793.2,65.72,UPI
ORD02375,2024-01-12,CUST1353,54.0,Male,Delhi,North,electronics,Pen,8,7999,0,63992.0,13503.23,UPI
ORD02376,2024-02-01,CUST1047,59.0,Female,Odisha,East,electronics,Laptop,8,199,5,1512.4,7.96,Cash
ORD02377,2024-05-05,CUST1148,57.0,Female,Odisha,East,Office Supplies,Notebook,5,499,20,1996.0,223.71,Card
ORD02378,2025-10-19,CUST1023,63.0,Male,Odisha,East,Electronics,Headphones,1,999,20,799.2,207.48,Net Banking
ORD02379,2025-03-04,CUST1801,40.0,Female,Punjab,North,Electronics,Phone,1,499,5,474.05,19.79,Net Banking
ORD02380,2024-03-26,CUST1649,50.0,Female,Odisha,East,Furniture,Sofa,6,199,20,955.2,-39.97,Net Banking
ORD02381,2024-12-28,CUST1441,26.0,Male,Gujarat,West,Electronics,Laptop,2,2499,10,4498.2,762.23,Net Banking
ORD02382,2024-02-23,CUST1426,59.0,Male,Gujarat,West,Furniture,Desk,4,199,5,756.2,65.24,UPI
ORD02383,2024-10-13,CUST1493,55.0,Female,Delhi,North,Electronics,Headphones,4,7999,15,27196.6,-1273.0,Net Banking
ORD02384,2024-09-19,CUST1877,51.0,Female,Delhi,North,Electronics,Headphones,1,499,10,449.1,-3.4,UPI
ORD02385,2024-02-18,CUST1980,41.0,Male,Tamil Nadu,South,Furniture,Chair,2,999,15,1698.3,395.89,Cash
ORD02386,2025-10-16,CUST1057,54.0,Female,Maharashtra,West,Office Supplies,Notebook,6,199,15,1014.9,117.71,UPI
ORD02387,2025-10-03,CUST1541,65.0,Female,Tamil Nadu,South,Furniture,Chair,5,7999,20,31996.0,2924.57,Cash
ORD02388,2024-06-11,CUST1538,28.0,Male,Maharashtra,West,Office Supplies,Notebook,6,14999,20,71995.2,13120.58,Card
ORD02389,2025-06-10,CUST1351,45.0,Female,Karnataka,South,Electronics,Phone,4,199,15,676.6,178.89,Net Banking
ORD02390,2025-07-18,CUST1224,48.0,Female,Gujarat,West,Office Supplies,Pen,1,7999,15,6799.15,322.89,Cash
ORD02391,2024-03-24,CUST1960,48.0,Female,Odisha,East,Furniture,Chair,2,499,10,898.2,155.09,Cash
ORD02392,2024-10-10,CUST1089,61.0,Male,West Bengal,East,Office Supplies,Printer Paper,8,999,20,6393.6,1265.86,Cash
ORD02393,2025-09-25,CUST1504,45.0,Female,Maharashtra,West,Furniture,Desk,6,199,0,1194.0,270.4,Cash
ORD02394,2025-10-18,CUST1446,37.0,Male,Tamil Nadu,South,Office Supplies,Pen,6,999,0,5994.0,1310.44,Net Banking
ORD02395,2024-12-25,CUST1754,50.0,Male,Gujarat,West,Electronics,Headphones,1,199,20,159.2,45.28,Card
ORD02396,2025-10-29,CUST1654,27.0,Male,Punjab,North,Electronics,Laptop,2,14999,10,26998.2,4089.22,Cash
ORD02397,2025-01-25,CUST1420,53.0,Male,Karnataka,South,Office Supplies,Pen,4,999,20,3196.8,27.45,Cash
ORD02398,2024-07-20,CUST1931,37.0,Male,Maharashtra,West,Electronics,Headphones,1,999,0,999.0,227.54,Card
ORD02399,2025-05-12,CUST1106,40.0,Female,West Bengal,East,Furniture,Sofa,4,999,20,3196.8,286.74,Cash
ORD02400,2024-02-11,CUST1629,45.0,Female,Odisha,East,Electronics,Phone,4,7999,5,30396.2,7975.16,Cash
ORD02401,2025-02-08,CUST1947,62.0,Female,Maharashtra,West,Furniture,Chair,1,14999,10,13499.1,2865.66,Card
ORD02402,2025-11-30,CUST1157,50.0,Female,Delhi,North,Office Supplies,Printer Paper,6,2499,15,12744.9,2658.71,Card
ORD02403,2025-11-20,CUST1509,47.0,Female,Karnataka,South,Furniture,Desk,4,7999,5,30396.2,7638.97,Cash
ORD02404,2025-09-13,CUST1379,43.0,Female,Karnataka,South,Electronics,Phone,3,2499,10,6747.3,176.38,Cash
ORD02405,2025-07-30,CUST1713,54.0,Male,Odisha,East,Electronics,Phone,1,2499,10,2249.1,-47.76,Card
ORD02406,2024-10-10,CUST1306,24.0,Female,Gujarat,West,Furniture,Desk,2,499,20,798.4,149.42,UPI
ORD02407,2025-06-16,CUST1777,61.0,Male,West Bengal,East,Office Supplies,Notebook,7,999,20,5594.4,780.55,Cash
ORD02408,2025-08-19,CUST1919,20.0,Female,Gujarat,West,Furniture,Desk,7,999,15,5944.05,1325.8,Card
ORD02409,2024-11-09,CUST1227,45.0,Female,Odisha,East,Furniture,Sofa,5,14999,5,71245.25,12362.94,Net Banking
ORD02410,2024-09-29,CUST1786,57.0,Male,Punjab,North,Furniture,Sofa,3,499,0,1497.0,360.06,Net Banking
ORD02411,2025-04-22,CUST1127,21.0,Male,Maharashtra,West,Furniture,Chair,6,499,10,2694.6,425.23,Card
ORD02412,2025-09-21,CUST1984,34.0,Male,Punjab,North,Office Supplies,Pen,8,2499,5,18992.4,4145.56,Card
ORD02413,2024-12-10,CUST1410,34.0,Male,Odisha,East,Electronics,Laptop,6,999,15,5094.9,1460.57,UPI
ORD02414,2024-12-02,CUST1896,59.0,Female,Odisha,East,Office Supplies,Printer Paper,8,999,0,7992.0,701.12,Net Banking
ORD02415,2024-12-23,CUST1565,19.0,Female,Tamil Nadu,South,Electronics,Laptop,3,7999,10,21597.3,6227.76,Net Banking
ORD02416,2024-06-08,CUST1806,51.0,Female,Odisha,East,Furniture,Sofa,2,14999,15,25498.3,2316.73,Card
ORD02417,2024-11-03,CUST1018,47.0,Male,Tamil Nadu,South,Electronics,Laptop,4,14999,10,53996.4,5691.97,Cash
ORD02418,2025-05-15,CUST1737,62.0,Male,Gujarat,West,Office Supplies,Printer Paper,2,999,15,1698.3,313.0,Cash
ORD02419,2025-05-26,CUST1961,36.0,Female,Punjab,North,Office Supplies,Pen,6,199,20,955.2,190.57,Net Banking
ORD02420,2024-03-20,CUST1471,40.0,Male,Delhi,North,Furniture,Chair,4,7999,15,27196.6,-400.59,Card
ORD02421,2024-10-03,CUST1588,20.0,Female,Punjab,North,Office Supplies,Notebook,7,2499,20,13994.4,3172.56,Net Banking
ORD02422,2025-01-08,CUST1592,33.0,Female,Tamil Nadu,South,Furniture,Sofa,2,2499,5,4748.1,-54.87,Net Banking
ORD02423,2025-11-20,CUST1814,40.0,Female,Maharashtra,West,Furniture,Chair,7,2499,5,16618.35,1309.61,Card
ORD02424,2024-03-28,CUST1990,31.0,Male,Maharashtra,West,Furniture,Chair,3,7999,20,19197.6,480.7,Cash
ORD02425,2025-04-24,CUST1932,,Male,Delhi,North,Office Supplies,Notebook,2,999,5,1898.1,-63.6,Net Banking
ORD02426,2025-08-04,CUST1423,46.0,Male,West Bengal,East,Furniture,Desk,4,999,15,3396.6,676.92,Cash
ORD02427,2025-11-20,CUST1738,32.0,Female,Delhi,North,Office Supplies,Printer Paper,1,14999,0,14999.0,4049.14,Net Banking
ORD02428,2025-11-16,CUST1425,33.0,Female,West Bengal,East,Furniture,Chair,3,999,5,2847.15,802.91,Cash
ORD02429,2024-05-09,CUST1688,26.0,Male,Delhi,North,Office Supplies,Printer Paper,7,2499,20,13994.4,-191.86,UPI
ORD02430,2024-03-25,CUST1945,24.0,Female,Punjab,North,Office Supplies,Printer Paper,3,999,5,2847.15,659.93,UPI
ORD02431,2025-01-16,CUST1716,31.0,Male,Odisha,East,Furniture,Desk,8,999,10,7192.8,590.82,Cash
ORD02432,2025-12-05,CUST1545,60.0,Female,Odisha,East,Furniture,Chair,2,7999,0,15998.0,3664.38,Card
ORD02433,2024-07-30,CUST1565,59.0,Male,Tamil Nadu,South,Furniture,Chair,1,14999,10,13499.1,7.22,UPI
ORD02434,2024-03-23,CUST1266,42.0,Male,Gujarat,West,Office Supplies,Pen,2,7999,10,14398.2,3623.8,UPI
ORD02435,2024-03-02,CUST1920,24.0,Male,Delhi,North,Furniture,Sofa,4,499,5,1896.2,119.98,UPI
ORD02436,2025-05-08,CUST1899,43.0,Female,Maharashtra,West,Office Supplies,Notebook,7,199,5,1323.35,-65.42,Net Banking
ORD02437,2025-07-10,CUST1242,47.0,Female,Maharashtra,West,Office Supplies,Printer Paper,1,2499,15,2124.15,217.56,UPI
ORD02438,2024-07-08,CUST1981,24.0,Female,West Bengal,East,Furniture,Desk,8,14999,0,119992.0,20731.98,UPI
ORD02439,2024-04-15,CUST1513,42.0,Male,Punjab,North,Office Supplies,Printer Paper,7,7999,0,55993.0,10071.45,Card
ORD02440,2025-04-23,CUST1305,24.0,Male,Karnataka,South,Furniture,Desk,6,2499,10,13494.6,2228.84,Net Banking
ORD02441,2024-09-13,CUST1815,54.0,Male,Punjab,North,Office Supplies,Printer Paper,4,7999,0,31996.0,2732.98,Net Banking
ORD02442,2025-09-02,CUST1461,61.0,Male,Delhi,North,Furniture,Chair,6,14999,0,89994.0,17711.6,Card
ORD02443,2024-05-25,CUST1593,,Female,Punjab,North,Office Supplies,Printer Paper,2,499,15,848.3,252.55,Card
ORD02444,2025-10-14,CUST1922,43.0,Male,Gujarat,West,Electronics,Laptop,6,499,0,2994.0,477.32,Cash
ORD02445,2024-01-26,CUST1563,63.0,Female,Tamil Nadu,South,Electronics,Laptop,3,199,15,507.45,76.11,Cash
ORD02446,2025-05-30,CUST1847,37.0,Male,West Bengal,East,Electronics,Headphones,4,499,10,1796.4,252.99,Card
ORD02447,2024-12-12,CUST1940,34.0,Female,Punjab,North,Furniture,Desk,4,999,0,3996.0,471.55,UPI
ORD02448,2024-03-31,CUST1154,52.0,Male,West Bengal,East,Electronics,Laptop,2,999,0,1998.0,534.61,UPI
ORD02449,2024-08-13,CUST1347,56.0,Female,Punjab,North,Furniture,Sofa,8,7999,20,51193.6,-2345.84,Card
ORD02450,2025-05-27,CUST1462,21.0,Female,Gujarat,West,Electronics,Phone,1,499,0,499.0,35.37,Card
ORD02451,2024-09-16,CUST1553,32.0,Female,Tamil Nadu,South,Office Supplies,Pen,1,999,0,999.0,286.82,UPI
ORD02452,2025-02-17,CUST1468,47.0,Female,Tamil Nadu,South,Furniture,Sofa,5,199,20,796.0,86.56,Card
ORD02453,2025-04-10,CUST1692,58.0,Male,Punjab,North,Furniture,Chair,5,999,20,3996.0,917.73,Card
ORD02454,2025-03-06,CUST1766,64.0,Female,Maharashtra,West,Electronics,Laptop,4,499,10,1796.4,274.94,Cash
ORD02455,2025-06-30,CUST1879,20.0,Female,Gujarat,West,Furniture,Chair,1,999,20,799.2,38.62,Net Banking
ORD02456,2024-10-23,CUST1166,48.0,Male,Karnataka,South,Office Supplies,Notebook,6,2499,0,14994.0,3744.84,Net Banking
ORD02457,2025-08-12,CUST1484,43.0,Female,Odisha,East,Furniture,Desk,2,199,0,398.0,-12.76,Net Banking
ORD02458,2025-06-08,CUST1578,47.0,Male,Odisha,East,Office Supplies,Printer Paper,6,2499,10,13494.6,1504.2,UPI
ORD02459,2025-08-16,CUST1010,56.0,Female,Maharashtra,West,Furniture,Sofa,6,999,0,5994.0,1290.95,Net Banking
ORD02460,2024-07-05,CUST1944,59.0,Female,Odisha,East,Electronics,Phone,7,14999,20,83994.4,17228.92,Card
ORD02461,2025-03-29,CUST1904,46.0,Female,Karnataka,South,Furniture,Sofa,8,199,20,1273.6,278.45,Net Banking
ORD02462,2025-02-20,CUST1147,42.0,Male,Odisha,East,Electronics,Headphones,4,7999,20,25596.8,6721.16,Net Banking
ORD02463,2025-03-24,CUST1777,33.0,Female,Maharashtra,West,Office Supplies,Pen,2,14999,0,29998.0,-920.61,Card
ORD02464,2025-10-30,CUST1938,28.0,Female,Tamil Nadu,South,Electronics,Laptop,1,2499,20,1999.2,576.55,UPI
ORD02465,2025-08-26,CUST1951,32.0,Female,Karnataka,South,Electronics,Headphones,4,199,5,756.2,19.27,Cash
ORD02466,2024-09-21,CUST1724,32.0,Male,Maharashtra,West,Furniture,Sofa,1,2499,20,1999.2,589.2,Net Banking
ORD02467,2024-05-23,CUST1613,37.0,Male,West Bengal,East,Electronics,Phone,8,7999,15,54393.2,3431.75,UPI
ORD02468,2024-09-28,CUST1259,51.0,Female,West Bengal,East,Furniture,Sofa,1,199,15,169.15,42.54,Cash
ORD02469,2024-09-19,CUST1170,41.0,Female,Gujarat,West,Electronics,Laptop,2,7999,20,12798.4,2868.84,Cash
ORD02470,2025-01-08,CUST1341,19.0,Female,Karnataka,South,Furniture,Chair,8,2499,10,17992.8,5212.84,Net Banking
ORD02471,2024-05-13,CUST1172,25.0,Male,Gujarat,West,Electronics,Headphones,3,199,5,567.15,114.98,Card
ORD02472,2024-08-01,CUST1974,55.0,Male,Maharashtra,West,Electronics,Headphones,6,7999,15,40794.9,11730.99,Net Banking
ORD02473,2024-06-10,CUST1824,37.0,Female,Maharashtra,West,Office Supplies,Pen,4,14999,0,59996.0,2283.41,Net Banking
ORD02474,2024-01-09,CUST1240,30.0,Male,Karnataka,South,Furniture,Sofa,7,999,10,6293.7,-61.68,Card
ORD02475,2025-05-14,CUST1319,39.0,Male,Maharashtra,West,Electronics,Phone,2,14999,0,29998.0,377.35,UPI
ORD02476,2025-01-10,CUST1969,35.0,Male,Delhi,North,Office Supplies,Notebook,1,199,15,169.15,12.91,Net Banking
ORD02477,2024-05-14,CUST1895,47.0,Female,Odisha,East,Office Supplies,Notebook,2,199,10,358.2,32.96,Card
ORD02478,2024-02-22,CUST1235,64.0,Female,Punjab,North,Electronics,Phone,8,999,10,7192.8,70.37,Card
ORD02479,2025-01-16,CUST1519,49.0,Male,Gujarat,West,Furniture,Sofa,4,499,0,1996.0,300.4,UPI
ORD02480,2024-09-22,CUST1343,46.0,Male,Tamil Nadu,South,Office Supplies,Printer Paper,1,2499,0,2499.0,570.94,UPI
ORD02481,2025-12-21,CUST1102,57.0,Female,Tamil Nadu,South,Furniture,Chair,5,14999,20,59996.0,4186.78,Card
ORD02482,2025-05-09,CUST1685,26.0,Male,Punjab,North,Electronics,Headphones,2,7999,15,13598.3,1682.42,UPI
ORD02483,2024-12-27,CUST1129,33.0,Male,West Bengal,East,Office Supplies,Notebook,1,199,20,159.2,0.66,UPI
ORD02484,2024-06-14,CUST1607,24.0,Female,Maharashtra,West,Furniture,Sofa,4,2499,20,7996.8,553.08,Cash
ORD02485,2025-09-07,CUST1168,19.0,Female,West Bengal,East,Electronics,Phone,4,7999,15,27196.6,-567.09,Cash
ORD02486,2025-04-23,CUST1846,33.0,Female,Gujarat,West,Office Supplies,Notebook,5,499,10,2245.5,328.86,UPI
ORD02487,2024-03-12,CUST1182,37.0,Female,Maharashtra,West,Furniture,Sofa,2,7999,20,12798.4,425.0,Net Banking
ORD02488,2025-10-12,CUST1313,30.0,Female,Tamil Nadu,South,Office Supplies,Pen,8,499,10,3592.8,193.92,Cash
ORD02489,2025-02-19,CUST1770,63.0,Female,Gujarat,West,Electronics,Headphones,7,999,15,5944.05,-67.7,UPI
ORD02490,2025-10-24,CUST1019,59.0,Female,Delhi,North,Office Supplies,Printer Paper,1,499,10,449.1,123.43,UPI
ORD02491,2025-08-04,CUST1293,18.0,Male,Odisha,East,Office Supplies,Pen,1,14999,0,14999.0,3035.02,Net Banking
ORD02492,2025-02-19,CUST1391,62.0,Male,Odisha,East,Electronics,Phone,7,499,10,3143.7,809.95,UPI
ORD02493,2024-08-24,CUST1054,56.0,Male,Odisha,East,Office Supplies,Notebook,1,499,15,424.15,94.87,Cash
ORD02494,2025-12-28,CUST1116,47.0,Male,Delhi,North,Office Supplies,Pen,3,2499,5,7122.15,-85.06,UPI
ORD02495,2024-01-14,CUST1899,18.0,Male,Gujarat,West,Electronics,Phone,8,999,15,6793.2,1019.34,Cash
ORD02496,2025-08-12,CUST1551,58.0,Male,Karnataka,South,Electronics,Phone,5,2499,10,11245.5,81.58,Cash
ORD02497,2025-09-01,CUST1020,28.0,Male,Gujarat,West,Office Supplies,Pen,8,199,10,1432.8,53.33,Net Banking
ORD02498,2024-07-26,CUST1146,56.0,Male,Tamil Nadu,South,Furniture,Sofa,4,2499,10,8996.4,-416.45,Card
ORD02499,2025-04-07,CUST1515,49.0,Male,Punjab,North,Furniture,Desk,7,199,10,1253.7,69.44,Cash
ORD02500,2025-09-26,CUST1504,56.0,Male,Odisha,East,Office Supplies,Notebook,5,499,5,2370.25,-14.86,Card
ORD02501,2024-08-24,CUST1700,54.0,Female,Gujarat,West,Furniture,Desk,4,7999,5,30396.2,1733.25,Card
ORD02502,2025-04-25,CUST1571,62.0,Male,Odisha,East,Electronics,Headphones,3,14999,10,40497.3,448.76,Cash
ORD02503,2025-05-07,CUST1238,35.0,Female,Maharashtra,West,Electronics,Headphones,2,499,5,948.1,-40.87,UPI
ORD02504,2024-06-05,CUST1300,48.0,Female,Karnataka,South,Electronics,Laptop,7,999,0,6993.0,1718.86,Card
ORD02505,2024-02-15,CUST1331,22.0,Female,West Bengal,East,Office Supplies,Pen,3,199,5,567.15,17.33,Card
ORD02506,2025-01-09,CUST1969,40.0,Female,Karnataka,South,Electronics,Phone,2,199,15,338.3,67.0,Net Banking
ORD02507,2025-10-25,CUST1837,61.0,Female,Punjab,North,Office Supplies,Printer Paper,1,999,5,949.05,3.14,Cash
ORD02508,2024-05-14,CUST1328,32.0,Male,Gujarat,West,Electronics,Laptop,3,999,10,2697.3,673.11,Net Banking
ORD02509,2024-08-16,CUST1746,62.0,Female,Delhi,North,Electronics,Headphones,6,199,10,1074.6,215.38,Cash
ORD02510,2024-05-04,CUST1915,43.0,Female,Punjab,North,Electronics,Phone,8,999,10,7192.8,889.48,UPI
ORD02511,2025-02-24,CUST1137,22.0,Female,Karnataka,South,Furniture,Desk,4,199,15,676.6,-5.34,Net Banking
ORD02512,2024-11-16,CUST1042,36.0,Male,Tamil Nadu,South,Electronics,Laptop,1,2499,15,2124.15,592.3,Card
ORD02513,2024-03-20,CUST1313,30.0,Male,Odisha,East,Office Supplies,Pen,7,7999,15,47594.05,5292.59,Net Banking
ORD02514,2024-10-18,CUST1783,44.0,Male,Delhi,North,Office Supplies,Printer Paper,1,199,0,199.0,-4.47,Card
ORD02515,2024-10-14,CUST1818,43.0,Male,Karnataka,South,Furniture,Sofa,2,7999,20,12798.4,287.88,Net Banking
ORD02516,2024-03-31,CUST1540,61.0,Female,Karnataka,South,Furniture,Sofa,8,14999,20,95993.6,19856.34,Net Banking
ORD02517,2025-07-03,CUST1776,28.0,Female,Punjab,North,Office Supplies,Notebook,7,999,15,5944.05,1281.3,Net Banking
ORD02518,2024-01-02,CUST1741,58.0,Male,Karnataka,South,Electronics,Phone,3,14999,15,38247.45,183.88,Cash
ORD02519,2024-01-19,CUST1477,51.0,Male,Maharashtra,West,Office Supplies,Notebook,8,499,10,3592.8,348.47,Card
ORD02520,2025-08-06,CUST1380,24.0,Female,Karnataka,South,Furniture,Sofa,8,7999,20,51193.6,7904.08,Cash
ORD02521,2025-07-31,CUST1036,45.0,Female,West Bengal,East,Furniture,Desk,2,999,15,1698.3,200.88,Net Banking
ORD02522,2024-11-07,CUST1362,45.0,Male,Gujarat,West,Electronics,Headphones,6,2499,0,14994.0,-308.87,Cash
ORD02523,2025-10-02,CUST1671,46.0,Male,Odisha,East,Electronics,Phone,4,199,20,636.8,-20.96,UPI
ORD02524,2024-08-07,CUST1245,48.0,Female,Delhi,North,Electronics,Phone,6,2499,10,13494.6,2907.38,Net Banking
ORD02525,2025-05-07,CUST1110,55.0,Male,Karnataka,South,Office Supplies,Notebook,2,2499,15,4248.3,809.85,Net Banking
ORD02526,2024-04-15,CUST1147,34.0,Male,Punjab,North,Furniture,Sofa,8,14999,5,113992.4,-5196.31,UPI
ORD02527,2024-10-29,CUST1604,20.0,Male,Odisha,East,Furniture,Desk,1,14999,0,14999.0,4482.84,UPI
ORD02528,2024-11-13,CUST1386,24.0,Female,Gujarat,West,Office Supplies,Pen,4,7999,20,25596.8,3005.29,UPI
ORD02529,2025-08-17,CUST1081,36.0,Male,Delhi,North,Furniture,Chair,4,14999,0,59996.0,-2422.4,Cash
ORD02530,2025-08-04,CUST1579,59.0,Female,Tamil Nadu,South,Office Supplies,Notebook,1,2499,10,2249.1,-28.73,Cash
ORD02531,2025-06-18,CUST1620,42.0,Male,Odisha,East,Furniture,Chair,8,14999,5,113992.4,8632.55,UPI
ORD02532,2024-09-12,CUST1038,26.0,Male,West Bengal,East,Furniture,Desk,7,199,0,1393.0,11.25,Cash
ORD02533,2024-03-21,CUST1675,41.0,Male,Punjab,North,Furniture,Sofa,8,2499,0,19992.0,291.05,Cash
ORD02534,2024-02-14,CUST1726,52.0,Male,Delhi,North,Office Supplies,Notebook,6,199,15,1014.9,92.25,UPI
ORD02535,2024-02-04,CUST1597,53.0,Female,Karnataka,South,Furniture,Sofa,5,999,15,4245.75,731.16,UPI
ORD02536,2025-07-18,CUST1829,36.0,Female,Maharashtra,West,Furniture,Chair,8,2499,20,15993.6,1008.17,Cash
ORD02537,2025-07-03,CUST1557,43.0,Male,Karnataka,South,Electronics,Laptop,5,14999,20,59996.0,132.67,Card
ORD02538,2024-03-16,CUST1857,25.0,Male,Tamil Nadu,South,Electronics,Phone,2,999,10,1798.2,-63.76,UPI
ORD02539,2024-09-11,CUST1685,54.0,Female,Gujarat,West,Office Supplies,Printer Paper,2,999,0,1998.0,322.67,Card
ORD02540,2024-05-07,CUST1850,24.0,Male,Maharashtra,West,Electronics,Phone,8,199,20,1273.6,189.45,Cash
ORD02541,2024-08-04,CUST1296,22.0,Male,Maharashtra,West,Furniture,Sofa,8,2499,20,15993.6,2291.47,UPI
ORD02542,2025-07-29,CUST1648,24.0,Female,West Bengal,East,Furniture,Chair,4,199,20,636.8,-8.74,Card
ORD02543,2025-03-31,CUST1894,55.0,Male,West Bengal,East,Office Supplies,Printer Paper,4,499,10,1796.4,310.17,Cash
ORD02544,2024-10-08,CUST1811,21.0,Female,Odisha,East,Electronics,Headphones,6,2499,0,14994.0,2254.85,Net Banking
ORD02545,2024-07-21,CUST1107,34.0,Female,Punjab,North,Office Supplies,Printer Paper,8,7999,5,60792.4,-1567.04,Net Banking
ORD02546,2025-04-28,CUST1614,35.0,Male,Odisha,East,Furniture,Chair,3,2499,10,6747.3,1224.55,Net Banking
ORD02547,2025-08-17,CUST1628,51.0,Female,West Bengal,East,Electronics,Laptop,8,999,10,7192.8,1196.76,Card
ORD02548,2024-07-09,CUST1835,58.0,Female,Karnataka,South,Office Supplies,Notebook,4,2499,20,7996.8,408.84,Cash
ORD02549,2025-04-06,CUST1359,32.0,Male,Delhi,North,Furniture,Chair,4,499,15,1696.6,365.92,Card
ORD02550,2025-06-30,CUST1617,43.0,Female,Odisha,East,Furniture,Chair,2,14999,0,29998.0,-647.21,Cash
ORD02551,2024-10-22,CUST1021,21.0,Female,Maharashtra,West,Electronics,Phone,4,2499,0,9996.0,859.4,Net Banking
ORD02552,2025-10-13,CUST1597,51.0,Female,Odisha,East,Furniture,Sofa,5,7999,15,33995.75,7520.34,Cash
ORD02553,2024-02-24,CUST1943,47.0,Female,Punjab,North,Electronics,Headphones,4,2499,0,9996.0,-411.1,Card
ORD02554,2025-09-01,CUST1202,30.0,Male,Punjab,North,Furniture,Chair,8,999,20,6393.6,1710.98,Net Banking
ORD02555,2024-02-07,CUST1284,57.0,Male,Delhi,North,Electronics,Phone,2,7999,15,13598.3,3280.61,UPI
ORD02556,2025-03-09,CUST1458,35.0,Male,Punjab,North,Furniture,Desk,2,999,10,1798.2,444.56,UPI
ORD02557,2024-06-14,CUST1234,54.0,Male,Tamil Nadu,South,Office Supplies,Printer Paper,7,14999,10,94493.7,7645.39,Net Banking
ORD02558,2024-02-26,CUST1318,57.0,Male,Delhi,North,Office Supplies,Notebook,6,499,0,2994.0,768.72,Net Banking
ORD02559,2025-09-20,CUST1489,59.0,Female,Gujarat,West,Electronics,Headphones,7,14999,0,104993.0,29926.75,UPI
ORD02560,2025-05-22,CUST1734,64.0,Male,Punjab,North,Electronics,Headphones,5,2499,5,11870.25,540.88,UPI
ORD02561,2025-11-05,CUST1831,42.0,Female,Odisha,East,Furniture,Sofa,4,7999,5,30396.2,7690.69,Card
ORD02562,2025-02-03,CUST1450,20.0,Female,West Bengal,East,Electronics,Phone,4,199,15,676.6,183.42,Card
ORD02563,2025-04-18,CUST1622,26.0,Male,Odisha,East,Office Supplies,Printer Paper,2,2499,5,4748.1,1133.2,Card
ORD02564,2024-07-11,CUST1956,41.0,Female,Maharashtra,West,Furniture,Chair,7,14999,20,83994.4,12183.58,Net Banking
ORD02565,2025-11-09,CUST1643,59.0,Female,Odisha,East,Electronics,Headphones,8,199,0,,443.43,Cash
ORD02566,2024-04-11,CUST1741,52.0,Female,Maharashtra,West,Electronics,Headphones,4,999,5,3796.2,441.89,Net Banking
ORD02567,2024-06-26,CUST1398,21.0,Male,Tamil Nadu,South,Furniture,Chair,1,999,0,999.0,167.23,Card
ORD02568,2025-03-01,CUST1072,55.0,Female,Delhi,North,Office Supplies,Printer Paper,1,199,10,179.1,17.63,UPI
ORD02569,2024-01-02,CUST1048,61.0,Male,Odisha,East,Office Supplies,Printer Paper,2,499,0,998.0,248.9,UPI
ORD02570,2025-05-04,CUST1130,30.0,Male,Odisha,East,Office Supplies,Printer Paper,1,14999,20,11999.2,2981.13,Card
ORD02571,2024-09-07,CUST1643,44.0,Female,Punjab,North,Office Supplies,Pen,2,2499,15,4248.3,1198.19,Cash
ORD02572,2024-05-23,CUST1021,44.0,Male,Maharashtra,West,Office Supplies,Notebook,3,199,20,477.6,67.55,Card
ORD02573,2024-06-08,CUST1194,44.0,Female,Gujarat,West,Electronics,Phone,7,199,5,1323.35,317.56,Card
ORD02574,2025-02-27,CUST1867,47.0,Female,Maharashtra,West,Furniture,Sofa,4,999,20,3196.8,501.48,Cash
ORD02575,2025-11-05,CUST1183,39.0,Male,Delhi,North,Electronics,Laptop,2,14999,20,23998.4,4966.72,UPI
ORD02576,2024-09-23,CUST1619,57.0,Female,Gujarat,West,Electronics,Laptop,7,7999,5,53193.35,5924.86,UPI
ORD02577,2025-06-16,CUST1285,33.0,Female,Tamil Nadu,South,Electronics,Headphones,7,999,10,6293.7,348.98,Net Banking
ORD02578,2024-01-25,CUST1619,63.0,Male,Delhi,North,Electronics,Phone,4,499,0,1996.0,197.86,Cash
ORD02579,2025-11-06,CUST1800,62.0,Male,Gujarat,West,Electronics,Phone,6,14999,10,80994.6,12784.29,Net Banking
ORD02580,2025-12-05,CUST1155,19.0,Female,Tamil Nadu,South,Office Supplies,Pen,1,499,10,449.1,68.26,Net Banking
ORD02581,2024-01-24,CUST1221,27.0,Male,Tamil Nadu,South,Electronics,Laptop,7,499,15,2969.05,262.3,Cash
ORD02582,2025-09-26,CUST1603,54.0,Female,West Bengal,East,Office Supplies,Notebook,3,7999,10,21597.3,1525.75,Net Banking
ORD02583,2024-12-20,CUST1069,54.0,Male,Tamil Nadu,South,Office Supplies,Notebook,6,2499,20,11995.2,726.27,Cash
ORD02584,2025-02-04,CUST1986,47.0,Male,Gujarat,West,Office Supplies,Notebook,2,199,15,338.3,63.06,UPI
ORD02585,2025-01-08,CUST1970,53.0,Female,Maharashtra,West,Furniture,Desk,8,2499,0,19992.0,-276.02,UPI
ORD02586,2024-02-02,CUST1760,50.0,Male,Karnataka,South,Electronics,Laptop,1,999,15,849.15,241.74,UPI
ORD02587,2025-04-28,CUST1699,63.0,Male,West Bengal,East,Office Supplies,Pen,4,499,0,1996.0,-72.33,Card
ORD02588,2024-06-01,CUST1188,18.0,Female,Tamil Nadu,South,Electronics,Headphones,7,999,10,6293.7,885.33,UPI
ORD02589,2025-04-26,CUST1259,61.0,Male,Delhi,North,Office Supplies,Pen,1,7999,10,7199.1,-12.93,Net Banking
ORD02590,2024-06-09,CUST1639,64.0,Female,Tamil Nadu,South,Office Supplies,Printer Paper,7,499,15,2969.05,190.57,Cash
ORD02591,2024-02-03,CUST1525,25.0,Female,West Bengal,East,Office Supplies,Printer Paper,1,199,10,179.1,46.52,Cash
ORD02592,2025-03-04,CUST1010,46.0,Male,Karnataka,South,Furniture,Chair,4,14999,0,59996.0,-2729.66,UPI
ORD02593,2025-11-30,CUST1145,58.0,Female,Tamil Nadu,South,Electronics,Laptop,4,199,5,756.2,139.43,UPI
ORD02594,2025-07-27,CUST1030,56.0,Male,Gujarat,West,Electronics,Headphones,2,2499,20,3998.4,-1.84,Net Banking
ORD02595,2025-04-27,CUST1744,61.0,Female,Maharashtra,West,Electronics,Phone,7,7999,15,47594.05,11548.79,Card
ORD02596,2024-01-20,CUST1398,24.0,Female,Karnataka,South,Electronics,Phone,6,999,10,5394.6,-148.37,Net Banking
ORD02597,2024-04-12,CUST1337,64.0,Male,Odisha,East,Electronics,Laptop,5,999,10,4495.5,644.26,Net Banking
ORD02598,2025-08-23,CUST1132,36.0,Male,Gujarat,West,Electronics,Headphones,7,14999,5,99743.35,13016.86,Card
ORD02599,2025-03-01,CUST1101,64.0,Male,West Bengal,East,Furniture,Chair,7,7999,20,44794.4,13096.93,Card
ORD02600,2024-05-16,CUST1676,53.0,Male,West Bengal,East,Office Supplies,Pen,6,499,5,2844.3,550.97,Cash
ORD02601,2024-02-28,CUST1977,62.0,Female,Tamil Nadu,South,Office Supplies,Pen,5,499,10,2245.5,611.75,Net Banking
ORD02602,2024-04-19,CUST1089,25.0,Female,Maharashtra,West,Furniture,Sofa,4,7999,10,28796.4,-968.91,UPI
ORD02603,2025-07-10,CUST1565,52.0,Male,Odisha,East,Office Supplies,Printer Paper,7,499,15,2969.05,314.31,Net Banking
ORD02604,2024-08-31,CUST1020,34.0,Female,Delhi,North,Electronics,Phone,5,7999,20,31996.0,-1390.6,Card
ORD02605,2024-08-13,CUST1376,62.0,Female,Maharashtra,West,Office Supplies,Pen,2,999,5,1898.1,23.41,Cash
ORD02606,2025-03-31,CUST1507,56.0,Male,West Bengal,East,Electronics,Phone,6,7999,15,40794.9,4284.86,Card
ORD02607,2025-04-23,CUST1421,27.0,Female,Tamil Nadu,South,Office Supplies,Printer Paper,4,199,10,716.4,154.39,Cash
ORD02608,2024-12-31,CUST1991,51.0,Female,West Bengal,East,Electronics,Phone,1,7999,20,6399.2,1872.52,Card
ORD02609,2025-12-27,CUST1534,56.0,Female,Punjab,North,Office Supplies,Notebook,3,199,5,567.15,11.62,Card
ORD02610,2025-06-03,CUST1650,54.0,Male,Delhi,North,Furniture,Desk,7,14999,0,104993.0,-475.97,Card
ORD02611,2025-08-08,CUST1618,58.0,Female,Gujarat,West,Furniture,Chair,2,14999,5,28498.1,5861.57,UPI
ORD02612,2025-11-24,CUST1497,65.0,Female,Maharashtra,West,Office Supplies,Pen,7,199,5,1323.35,31.67,UPI
ORD02613,2025-08-12,CUST1478,,Male,Odisha,East,Office Supplies,Printer Paper,2,7999,10,14398.2,3190.35,Card
ORD02614,2025-09-18,CUST1870,64.0,Female,Delhi,North,Furniture,Chair,8,7999,10,57592.8,9526.82,Cash
ORD02615,2024-02-14,CUST1462,43.0,Male,Odisha,East,Office Supplies,Printer Paper,5,999,10,4495.5,-51.2,Net Banking
ORD02616,2025-04-07,CUST1850,40.0,Male,Tamil Nadu,South,Office Supplies,Pen,5,14999,5,71245.25,3861.59,Net Banking
ORD02617,2025-10-03,CUST1652,63.0,Male,Punjab,North,Electronics,Phone,4,7999,20,25596.8,1671.12,Net Banking
ORD02618,2025-05-23,CUST1337,44.0,Male,Gujarat,West,Office Supplies,Pen,8,7999,5,60792.4,16576.66,Net Banking
ORD02619,2025-03-29,CUST1667,60.0,Male,Gujarat,West,Electronics,Phone,1,2499,5,2374.05,-71.52,Net Banking
ORD02620,2024-01-03,CUST1503,50.0,Male,Gujarat,West,Electronics,Headphones,4,999,0,3996.0,697.99,Net Banking
ORD02621,2024-07-12,CUST1418,55.0,Female,Karnataka,South,Electronics,Laptop,6,999,0,5994.0,196.03,UPI
ORD02622,2025-11-30,CUST1820,43.0,Female,West Bengal,East,Office Supplies,Notebook,4,199,5,756.2,208.25,UPI
ORD02623,2024-06-08,CUST1268,56.0,Male,Tamil Nadu,South,Electronics,Phone,6,199,10,1074.6,180.61,UPI
ORD02624,2025-09-19,CUST1337,20.0,Male,Karnataka,South,Electronics,Phone,8,2499,0,19992.0,1043.72,Cash
ORD02625,2025-02-24,CUST1116,48.0,Female,Odisha,East,Furniture,Sofa,8,199,5,1512.4,-56.17,Card
ORD02626,2025-02-05,CUST1113,28.0,Male,Tamil Nadu,South,Furniture,Desk,6,7999,10,43194.6,9924.49,UPI
ORD02627,2025-02-18,CUST1105,27.0,Male,Delhi,North,Furniture,Sofa,1,2499,10,2249.1,-89.1,UPI
ORD02628,2024-12-27,CUST1254,60.0,Male,Karnataka,South,Furniture,Desk,5,999,15,4245.75,616.1,Cash
ORD02629,2024-08-05,CUST1722,39.0,Female,Odisha,East,Furniture,Desk,6,199,5,1134.3,328.19,Card
ORD02630,2025-05-14,CUST1419,30.0,Male,Gujarat,West,Furniture,Sofa,5,499,5,2370.25,417.54,Cash
ORD02631,2025-01-21,CUST1738,60.0,Male,Maharashtra,West,Electronics,Headphones,3,14999,5,42747.15,3851.84,Net Banking
ORD02632,2024-12-11,CUST1692,19.0,Female,Delhi,North,Office Supplies,Notebook,3,199,20,477.6,50.36,Card
ORD02633,2025-11-25,CUST1110,29.0,Male,Maharashtra,West,Furniture,Sofa,8,199,0,1592.0,453.19,Card
ORD02634,2024-06-16,CUST1934,25.0,Female,Karnataka,South,Furniture,Desk,1,2499,15,2124.15,339.22,UPI
ORD02635,2024-06-10,CUST1591,42.0,Male,Delhi,North,electronics,Notebook,4,7999,0,31996.0,6694.25,Card
ORD02636,2025-03-03,CUST1043,21.0,Male,Punjab,North,Electronics,Laptop,8,199,5,1512.4,16.13,UPI
ORD02637,2024-11-19,CUST1292,57.0,Female,Tamil Nadu,South,Furniture,Sofa,5,499,15,2120.75,472.48,Net Banking
ORD02638,2025-12-10,CUST1676,51.0,Male,Maharashtra,West,Office Supplies,Notebook,1,2499,5,2374.05,6.54,Card
ORD02639,2025-03-05,CUST1374,50.0,Female,Tamil Nadu,South,Office Supplies,Printer Paper,1,999,10,899.1,85.94,UPI
ORD02640,2024-09-28,CUST1450,27.0,Female,Odisha,East,Furniture,Chair,7,14999,0,104993.0,18516.18,Cash
ORD02641,2025-04-25,CUST1506,53.0,Female,Tamil Nadu,South,Furniture,Chair,8,7999,15,54393.2,10509.14,Card
ORD02642,2025-04-14,CUST1794,21.0,Female,Maharashtra,West,Office Supplies,Printer Paper,5,2499,10,11245.5,1321.27,Card
ORD02643,2025-09-05,CUST1139,50.0,Male,Tamil Nadu,South,Electronics,Headphones,5,499,15,2120.75,281.76,Net Banking
ORD02644,2025-05-19,CUST1076,59.0,Female,Punjab,North,Furniture,Chair,8,199,0,1592.0,110.74,Card
ORD02645,2024-07-25,CUST1076,62.0,Female,Odisha,East,Office Supplies,Printer Paper,7,7999,20,44794.4,-2073.93,Net Banking
ORD02646,2024-07-14,CUST1919,25.0,Male,Odisha,East,Office Supplies,Pen,2,499,15,848.3,130.57,Cash
ORD02647,2024-03-27,CUST1590,56.0,Male,Tamil Nadu,South,Electronics,Phone,5,199,15,845.75,192.1,Cash
ORD02648,2025-12-02,CUST1409,49.0,Male,Punjab,North,Electronics,Headphones,2,2499,0,4998.0,960.86,Cash
ORD02649,2024-10-19,CUST1059,36.0,Male,Karnataka,South,Furniture,Desk,2,14999,0,29998.0,3448.37,UPI
ORD02650,2024-10-27,CUST1422,,Male,Gujarat,West,Office Supplies,Pen,7,2499,5,16618.35,2938.8,Cash
ORD02651,2024-04-18,CUST1508,53.0,Female,Delhi,North,Electronics,Headphones,1,199,15,169.15,-5.44,Card
ORD02652,2024-06-16,CUST1702,58.0,Male,Karnataka,South,Furniture,Chair,3,999,10,2697.3,398.85,UPI
ORD02653,2025-10-01,CUST1809,56.0,Female,Delhi,North,Electronics,Headphones,3,7999,15,20397.45,1582.15,Cash
ORD02654,2025-04-07,CUST1766,37.0,Female,Gujarat,West,Office Supplies,Notebook,7,999,20,5594.4,1418.03,UPI
ORD02655,2024-03-26,CUST1414,36.0,Male,West Bengal,East,Furniture,Sofa,5,14999,5,71245.25,-2161.96,Cash
ORD02656,2025-09-19,CUST1785,32.0,Female,Tamil Nadu,South,Furniture,Chair,6,199,5,1134.3,37.91,Net Banking
ORD02657,2024-01-05,CUST1857,51.0,Female,Gujarat,West,Furniture,Sofa,2,14999,15,25498.3,5571.2,Cash
ORD02658,2025-02-04,CUST1528,50.0,Male,Maharashtra,West,Furniture,Desk,1,999,20,799.2,43.47,Cash
ORD02659,2024-10-17,CUST1752,20.0,Female,West Bengal,East,Office Supplies,Notebook,4,999,20,3196.8,288.57,Net Banking
ORD02660,2024-09-06,CUST1324,27.0,Female,Odisha,East,Furniture,Chair,7,499,5,3318.35,134.24,Card
ORD02661,2025-12-10,CUST1882,22.0,Female,Delhi,North,Electronics,Headphones,1,14999,20,11999.2,962.1,Net Banking
ORD02662,2025-08-13,CUST1421,25.0,Male,Gujarat,West,Office Supplies,Notebook,3,199,5,567.15,42.5,Card
ORD02663,2025-03-04,CUST1271,27.0,Female,Maharashtra,West,Office Supplies,Pen,1,199,5,189.05,0.33,Net Banking
ORD02664,2025-06-13,CUST1890,48.0,Male,Karnataka,South,Furniture,Desk,5,7999,5,37995.25,9039.93,UPI
ORD02665,2024-11-08,CUST1395,18.0,Female,Punjab,North,Furniture,Sofa,5,7999,20,31996.0,1536.27,UPI
ORD02666,2024-07-03,CUST1082,34.0,Female,Tamil Nadu,South,Electronics,Phone,5,14999,15,63745.75,18826.24,Card
ORD02667,2025-09-28,CUST1852,29.0,Female,Maharashtra,West,Furniture,Desk,1,999,10,899.1,206.98,Net Banking
ORD02668,2024-12-03,CUST1525,34.0,Female,Gujarat,West,Office Supplies,Printer Paper,8,2499,10,17992.8,946.74,Cash
ORD02669,2025-08-18,CUST1708,31.0,Female,Delhi,North,Furniture,Chair,2,7999,5,15198.1,3080.89,Card
ORD02670,2025-08-18,CUST1213,34.0,Female,Odisha,East,Electronics,Headphones,8,999,0,7992.0,2363.67,UPI
ORD02671,2025-03-08,CUST1736,60.0,Female,Delhi,North,Electronics,Phone,5,999,15,4245.75,685.33,Net Banking
ORD02672,2024-09-02,CUST1888,21.0,Female,Delhi,North,Furniture,Desk,7,499,5,3318.35,648.51,Card
ORD02673,2024-02-05,CUST1134,63.0,Male,Gujarat,West,Office Supplies,Pen,1,999,5,949.05,-13.53,Net Banking
ORD02674,2025-10-28,CUST1732,49.0,Male,West Bengal,East,Electronics,Laptop,4,2499,5,9496.2,2212.13,Net Banking
ORD02675,2024-04-17,CUST1133,58.0,Male,Tamil Nadu,South,Furniture,Desk,6,2499,5,14244.3,3583.18,UPI
ORD02676,2025-03-02,CUST1079,38.0,Female,Punjab,North,Office Supplies,Notebook,8,7999,0,63992.0,17096.09,Cash
ORD02677,2024-10-30,CUST1081,51.0,Male,Odisha,East,Furniture,Chair,6,2499,10,13494.6,2672.31,UPI
ORD02678,2025-01-25,CUST1443,55.0,Male,Tamil Nadu,South,Electronics,Laptop,3,14999,20,35997.6,7081.18,Cash
ORD02679,2024-06-09,CUST1709,52.0,Female,Odisha,East,Office Supplies,Printer Paper,5,499,20,1996.0,250.55,Net Banking
ORD02680,2024-06-20,CUST1834,57.0,Female,Punjab,North,Electronics,Laptop,4,199,5,756.2,184.44,Card
ORD02681,2025-06-19,CUST1446,36.0,Male,Karnataka,South,Office Supplies,Notebook,1,499,15,424.15,119.03,Net Banking
ORD02682,2025-04-18,CUST1756,42.0,Male,Gujarat,West,Electronics,Phone,6,499,15,2544.9,1.04,UPI
ORD02683,2025-03-24,CUST1993,23.0,Male,Karnataka,South,Office Supplies,Pen,8,7999,5,60792.4,14645.29,Net Banking
ORD02684,2024-12-16,CUST1912,45.0,Male,Karnataka,South,Electronics,Phone,6,14999,10,80994.6,9566.96,UPI
ORD02685,2024-12-13,CUST1543,40.0,Female,Tamil Nadu,South,Furniture,Sofa,1,199,10,179.1,11.77,UPI
ORD02686,2025-04-03,CUST1944,19.0,Female,Delhi,North,Furniture,Chair,3,499,20,1197.6,84.47,UPI
ORD02687,2025-02-24,CUST1533,56.0,Male,West Bengal,East,Office Supplies,Notebook,6,999,10,5394.6,278.49,Net Banking
ORD02688,2025-07-04,CUST1874,22.0,Female,Maharashtra,West,Furniture,Chair,2,2499,15,4248.3,1231.47,Net Banking
ORD02689,2024-12-17,CUST1389,56.0,Male,Odisha,East,Office Supplies,Pen,4,7999,15,27196.6,6649.38,Cash
ORD02690,2025-12-29,CUST1182,57.0,Male,Odisha,East,Office Supplies,Printer Paper,7,2499,5,16618.35,374.41,UPI
ORD02691,2025-11-06,CUST1869,45.0,Male,Odisha,East,Furniture,Sofa,8,14999,15,101993.2,-4064.16,UPI
ORD02692,2025-05-14,CUST1422,19.0,Female,Odisha,East,Office Supplies,Printer Paper,5,499,15,2120.75,97.78,UPI
ORD02693,2024-01-30,CUST1710,25.0,Male,Delhi,North,Electronics,Headphones,1,499,5,474.05,71.85,Net Banking
ORD02694,2025-10-01,CUST1054,38.0,Male,Punjab,North,Electronics,Headphones,4,499,10,1796.4,176.95,Card
ORD02695,2024-07-21,CUST1333,43.0,Female,Delhi,North,Furniture,Chair,4,2499,10,8996.4,2187.9,Card
ORD02696,2025-01-09,CUST1622,45.0,Female,Tamil Nadu,South,Furniture,Chair,8,199,10,1432.8,392.73,Net Banking
ORD02697,2025-01-11,CUST1026,39.0,Female,Odisha,East,Furniture,Desk,6,7999,20,38395.2,3063.89,UPI
ORD02698,2025-01-08,CUST1896,36.0,Male,Maharashtra,West,Office Supplies,Printer Paper,2,2499,0,4998.0,275.52,UPI
ORD02699,2024-03-04,CUST1965,47.0,Male,West Bengal,East,Office Supplies,Pen,3,14999,10,40497.3,7.87,Card
ORD02700,2025-01-18,CUST1503,36.0,Female,Gujarat,West,Electronics,Laptop,3,199,10,537.3,129.64,Cash
ORD02701,2024-09-25,CUST1474,30.0,Male,Karnataka,South,Electronics,Laptop,3,2499,15,6372.45,1387.68,UPI
ORD02702,2024-04-03,CUST1804,28.0,Female,West Bengal,East,Electronics,Headphones,6,14999,5,85494.3,881.1,Cash
ORD02703,2024-01-23,CUST1589,34.0,Male,Delhi,North,Office Supplies,Notebook,7,499,10,3143.7,551.39,UPI
ORD02704,2025-08-19,CUST1581,21.0,Male,Delhi,North,Furniture,Sofa,3,999,15,2547.45,382.34,Cash
ORD02705,2024-01-09,CUST1088,53.0,Male,Gujarat,West,Electronics,Laptop,4,499,10,1796.4,100.37,Card
ORD02706,2025-04-29,CUST1070,30.0,Male,Tamil Nadu,South,Office Supplies,Printer Paper,4,999,20,3196.8,634.62,Net Banking
ORD02707,2024-10-24,CUST1839,26.0,Male,Tamil Nadu,South,Furniture,Sofa,7,199,5,1323.35,162.44,Card
ORD02708,2024-08-17,CUST1040,23.0,Female,Karnataka,South,Electronics,Headphones,2,14999,5,28498.1,3587.21,Cash
ORD02709,2025-12-29,CUST1071,55.0,Female,Delhi,North,Office Supplies,Printer Paper,1,7999,20,6399.2,1124.04,Net Banking
ORD02710,2025-08-27,CUST1036,50.0,Male,Odisha,East,Electronics,Laptop,2,7999,0,15998.0,2985.79,Card
ORD02711,2024-08-27,CUST1778,45.0,Female,Karnataka,South,Furniture,Desk,4,199,15,676.6,193.29,Net Banking
ORD02712,2025-11-01,CUST1222,62.0,Male,Punjab,North,Office Supplies,Printer Paper,2,2499,0,4998.0,-230.05,Card
ORD02713,2024-06-11,CUST1023,33.0,Female,Gujarat,West,Electronics,Phone,1,199,5,189.05,38.33,Cash
ORD02714,2025-02-04,CUST1353,21.0,Female,Odisha,East,Electronics,Phone,2,999,20,1598.4,185.67,Net Banking
ORD02715,2025-01-21,CUST1774,65.0,Male,West Bengal,East,Furniture,Sofa,8,499,5,3792.4,-89.75,Card
ORD02716,2024-04-05,CUST1667,60.0,Male,Maharashtra,West,Electronics,Headphones,8,14999,20,95993.6,19662.49,Cash
ORD02717,2025-04-17,CUST1023,18.0,Female,Maharashtra,West,Electronics,Headphones,7,499,0,3493.0,344.35,Cash
ORD02718,2024-09-10,CUST1223,62.0,Female,Gujarat,West,Furniture,Sofa,4,14999,5,56996.2,16835.84,Card
ORD02719,2025-08-16,CUST1507,22.0,Female,Punjab,North,Electronics,Headphones,6,7999,0,47994.0,10725.35,Card
ORD02720,2025-02-19,CUST1345,52.0,Female,Maharashtra,West,Electronics,Laptop,4,999,5,3796.2,932.09,Cash
ORD02721,2024-01-06,CUST1860,54.0,Female,West Bengal,East,Office Supplies,Printer Paper,3,499,15,1272.45,85.6,UPI
ORD02722,2024-12-11,CUST1760,35.0,Female,Tamil Nadu,South,Office Supplies,Printer Paper,3,14999,10,40497.3,5776.67,Cash
ORD02723,2025-06-15,CUST1882,28.0,Male,Delhi,North,Office Supplies,Notebook,7,199,5,1323.35,359.64,Net Banking
ORD02724,2025-10-12,CUST1197,27.0,Male,Maharashtra,West,Office Supplies,Printer Paper,8,499,15,3393.2,873.11,Card
ORD02725,2024-11-14,CUST1423,44.0,Female,Punjab,North,Office Supplies,Notebook,7,999,15,5944.05,460.26,Net Banking
ORD02726,2025-02-13,CUST1233,24.0,Female,Gujarat,West,Electronics,Phone,4,2499,0,9996.0,-44.04,Cash
ORD02727,2025-01-01,CUST1525,37.0,Male,West Bengal,East,Office Supplies,Pen,8,2499,0,19992.0,-147.14,Card
ORD02728,2025-12-24,CUST1319,63.0,Male,Punjab,North,Furniture,Chair,6,2499,5,14244.3,2000.15,Net Banking
ORD02729,2024-02-01,CUST1880,30.0,Female,Delhi,North,Furniture,Sofa,7,199,0,1393.0,79.99,Card
ORD02730,2025-10-07,CUST1276,42.0,Female,Delhi,North,Furniture,Sofa,1,999,10,899.1,61.97,Cash
ORD02731,2024-08-25,CUST1511,46.0,Male,Tamil Nadu,South,Office Supplies,Notebook,7,7999,10,50393.7,13793.5,Cash
ORD02732,2024-12-12,CUST1867,54.0,Female,Delhi,North,Furniture,Sofa,5,14999,10,67495.5,3258.91,Net Banking
ORD02733,2025-02-27,CUST1658,26.0,Male,Maharashtra,West,Electronics,Laptop,1,199,0,199.0,31.91,Net Banking
ORD02734,2025-10-29,CUST1877,64.0,Female,Karnataka,South,Office Supplies,Pen,8,999,5,7592.4,1455.18,UPI
ORD02735,2025-10-08,CUST1461,19.0,Male,Maharashtra,West,Office Supplies,Pen,1,7999,10,7199.1,1750.87,Cash
ORD02736,2024-07-12,CUST1421,62.0,Female,Delhi,North,Furniture,Sofa,6,199,20,955.2,-9.81,Card
ORD02737,2025-04-30,CUST1832,47.0,Male,Tamil Nadu,South,Office Supplies,Printer Paper,5,7999,10,35995.5,579.05,Card
ORD02738,2025-12-27,CUST1127,37.0,Male,Maharashtra,West,Furniture,Sofa,6,14999,20,71995.2,4851.35,Cash
ORD02739,2024-05-21,CUST1855,23.0,Female,Odisha,East,Office Supplies,Printer Paper,7,2499,20,13994.4,913.22,Cash
ORD02740,2024-04-24,CUST1424,65.0,Male,Maharashtra,West,Furniture,Desk,3,7999,0,23997.0,6923.86,Net Banking
ORD02741,2024-08-27,CUST1320,61.0,Male,Tamil Nadu,South,Furniture,Desk,5,14999,10,67495.5,10446.71,Net Banking
ORD02742,2024-04-03,CUST1703,61.0,Male,Karnataka,South,Electronics,Phone,5,14999,20,59996.0,9726.18,Card
ORD02743,2025-11-02,CUST1345,46.0,Female,Punjab,North,Electronics,Phone,2,499,20,798.4,39.4,Card
ORD02744,2024-10-22,CUST1177,58.0,Male,Karnataka,South,Furniture,Sofa,5,7999,10,35995.5,-667.65,Cash
ORD02745,2025-04-28,CUST1730,40.0,Female,West Bengal,East,Office Supplies,Notebook,4,2499,5,9496.2,1767.02,Net Banking
ORD02746,2025-04-12,CUST1973,63.0,Female,Delhi,North,Electronics,Laptop,7,999,15,5944.05,272.66,Card
ORD02747,2025-04-24,CUST1982,20.0,Female,Punjab,North,Office Supplies,Printer Paper,3,14999,0,44997.0,10912.99,Card
ORD02748,2024-11-03,CUST1955,43.0,Female,Punjab,North,Office Supplies,Printer Paper,2,199,15,338.3,-2.79,Cash
ORD02749,2024-11-06,CUST1176,64.0,Female,Maharashtra,West,Electronics,Headphones,4,199,20,636.8,70.12,Net Banking
ORD02750,2025-07-26,CUST1690,64.0,Female,Tamil Nadu,South,Office Supplies,Notebook,4,2499,15,8496.6,2461.22,Net Banking
ORD02751,2024-06-25,CUST1342,24.0,Male,Delhi,North,Furniture,Sofa,2,14999,5,28498.1,1972.72,Card
ORD02752,2025-02-22,CUST1681,43.0,Female,Delhi,North,Electronics,Phone,8,7999,20,51193.6,-1477.4,Card
ORD02753,2025-10-24,CUST1369,47.0,Male,Tamil Nadu,South,Furniture,Sofa,4,7999,5,30396.2,7299.06,Net Banking
ORD02754,2024-07-12,CUST1699,65.0,Female,Odisha,East,Office Supplies,Printer Paper,3,199,0,597.0,143.39,Card
ORD02755,2025-06-08,CUST1769,64.0,Female,Punjab,North,Electronics,Laptop,8,7999,0,63992.0,8620.07,Net Banking
ORD02756,2025-05-31,CUST1277,56.0,Male,Karnataka,South,Electronics,Phone,1,7999,20,6399.2,205.43,Net Banking
ORD02757,2024-12-21,CUST1060,48.0,Female,Gujarat,West,Office Supplies,Pen,7,14999,5,99743.35,16506.7,Cash
ORD02758,2025-11-24,CUST1282,23.0,Male,Odisha,East,Furniture,Desk,3,2499,15,6372.45,562.74,Card
ORD02759,2024-12-07,CUST1783,26.0,Male,Gujarat,West,electronics,Desk,6,199,0,1194.0,21.3,Card
ORD02760,2025-02-02,CUST1679,34.0,Female,Tamil Nadu,South,electronics,Phone,4,199,5,756.2,-4.72,UPI
ORD02761,2025-04-17,CUST1771,34.0,Male,Odisha,East,Electronics,Laptop,1,7999,0,7999.0,2397.17,Net Banking
ORD02762,2025-02-13,CUST1762,48.0,Female,Tamil Nadu,South,Electronics,Phone,6,499,5,2844.3,128.33,Card
ORD02763,2024-01-26,CUST1063,64.0,Female,Tamil Nadu,South,Office Supplies,Printer Paper,4,2499,20,7996.8,1261.45,UPI
ORD02764,2024-08-10,CUST1264,26.0,Male,Gujarat,West,Office Supplies,Notebook,4,499,15,1696.6,173.17,Cash
ORD02765,2024-06-29,CUST1190,39.0,Male,Maharashtra,West,Office Supplies,Notebook,8,499,5,3792.4,470.46,Card
ORD02766,2025-12-10,CUST1598,37.0,Male,Delhi,North,Electronics,Headphones,8,14999,0,119992.0,-5709.58,UPI
ORD02767,2024-08-26,CUST1908,30.0,Male,West Bengal,East,Electronics,Headphones,8,199,10,1432.8,27.41,UPI
ORD02768,2025-07-14,CUST1640,18.0,Female,Odisha,East,Furniture,Sofa,2,499,10,898.2,158.07,Net Banking
ORD02769,2025-03-07,CUST1585,60.0,Female,Tamil Nadu,South,Electronics,Headphones,6,14999,0,89994.0,10541.13,Card
ORD02770,2025-12-08,CUST1147,24.0,Female,Gujarat,West,Furniture,Sofa,6,999,10,5394.6,1104.64,Net Banking
ORD02771,2024-07-30,CUST1730,27.0,Female,Tamil Nadu,South,Office Supplies,Printer Paper,3,2499,10,6747.3,-266.24,UPI
ORD02772,2025-07-23,CUST1218,58.0,Male,Gujarat,West,Office Supplies,Notebook,5,14999,5,71245.25,9558.3,UPI
ORD02773,2025-01-16,CUST1023,33.0,Male,Gujarat,West,Office Supplies,Printer Paper,4,14999,5,56996.2,-1247.88,Card
ORD02774,2024-01-12,CUST1405,45.0,Female,Odisha,East,Furniture,Desk,2,14999,0,29998.0,-158.44,Net Banking
ORD02775,2024-04-05,CUST1891,37.0,Female,Punjab,North,Office Supplies,Pen,4,999,15,3396.6,326.56,UPI
ORD02776,2024-12-08,CUST1189,37.0,Male,Tamil Nadu,South,Office Supplies,Printer Paper,2,14999,0,29998.0,926.6,Net Banking
ORD02777,2024-09-04,CUST1929,61.0,Female,Maharashtra,West,Electronics,Laptop,6,999,20,4795.2,1034.71,Cash
ORD02778,2024-10-22,CUST1007,30.0,Female,Tamil Nadu,South,Electronics,Headphones,5,7999,10,35995.5,9752.4,Cash
ORD02779,2025-06-09,CUST1502,31.0,Male,Odisha,East,Furniture,Desk,6,499,0,2994.0,342.74,Card
ORD02780,2025-01-24,CUST1687,42.0,Male,Karnataka,South,Electronics,Headphones,3,14999,15,38247.45,10671.23,UPI
ORD02781,2024-07-28,CUST1291,50.0,Female,Odisha,East,Office Supplies,Pen,4,14999,5,56996.2,541.7,Cash
ORD02782,2024-02-04,CUST1617,18.0,Female,Karnataka,South,Furniture,Sofa,7,199,0,1393.0,213.26,Net Banking
ORD02783,2024-11-07,CUST1946,46.0,Male,Maharashtra,West,Office Supplies,Pen,4,14999,5,56996.2,5395.98,Net Banking
ORD02784,2025-09-23,CUST1686,19.0,Male,Odisha,East,Office Supplies,Pen,2,2499,15,4248.3,969.61,Net Banking
ORD02785,2024-10-19,CUST1358,49.0,Male,Punjab,North,Furniture,Sofa,6,14999,20,71995.2,-892.39,Cash
ORD02786,2024-08-27,CUST1552,46.0,Male,Gujarat,West,Office Supplies,Pen,5,2499,5,11870.25,2267.61,Cash
ORD02787,2024-03-30,CUST1566,30.0,Female,Karnataka,South,Office Supplies,Pen,7,2499,10,15743.7,4273.42,Cash
ORD02788,2024-09-27,CUST1363,20.0,Female,Gujarat,West,Electronics,Headphones,4,2499,10,8996.4,323.23,Cash
ORD02789,2025-06-07,CUST1881,54.0,Female,Karnataka,South,Furniture,Chair,6,199,5,1134.3,38.46,Cash
ORD02790,2025-02-19,CUST1609,39.0,Male,Maharashtra,West,Furniture,Chair,5,499,10,2245.5,85.1,Card
ORD02791,2024-03-06,CUST1005,51.0,Male,Karnataka,South,Office Supplies,Pen,7,199,5,1323.35,167.46,UPI
ORD02792,2024-11-02,CUST1601,21.0,Male,Odisha,East,Furniture,Sofa,5,2499,15,10620.75,-528.47,Net Banking
ORD02793,2024-03-24,CUST1436,23.0,Male,Gujarat,West,Furniture,Desk,8,2499,20,15993.6,-113.81,UPI
ORD02794,2025-07-18,CUST1807,44.0,Male,Punjab,North,Electronics,Laptop,7,14999,10,94493.7,27654.72,Card
ORD02795,2025-07-10,CUST1425,63.0,Female,Punjab,North,Electronics,Phone,4,499,5,1896.2,152.61,Card
ORD02796,2024-01-27,CUST1171,55.0,Female,Delhi,North,Office Supplies,Pen,6,14999,0,89994.0,19640.92,Net Banking
ORD02797,2025-04-21,CUST1096,52.0,Male,Karnataka,South,Electronics,Laptop,2,499,10,898.2,209.93,Cash
ORD02798,2025-08-15,CUST1118,30.0,Female,Punjab,North,Office Supplies,Printer Paper,2,7999,10,14398.2,2341.94,Cash
ORD02799,2025-08-13,CUST1421,52.0,Female,Punjab,North,Furniture,Chair,2,14999,20,23998.4,669.89,Card
ORD02800,2025-09-16,CUST1970,27.0,Male,Gujarat,West,Electronics,Phone,1,7999,0,7999.0,1397.45,UPI
ORD02801,2025-08-28,CUST1225,31.0,Male,West Bengal,East,Furniture,Sofa,2,7999,15,13598.3,-281.41,Card
ORD02802,2024-09-28,CUST1042,60.0,Male,Tamil Nadu,South,Office Supplies,Pen,3,499,0,1497.0,219.89,UPI
ORD02803,2024-06-07,CUST1733,46.0,Female,Maharashtra,West,Furniture,Desk,6,7999,20,38395.2,2766.94,Card
ORD02804,2025-10-27,CUST1235,21.0,Female,Gujarat,West,Electronics,Laptop,3,2499,5,7122.15,1440.71,Cash
ORD02805,2025-03-17,CUST1049,59.0,Male,Punjab,North,Furniture,Desk,2,499,0,998.0,-8.72,Card
ORD02806,2024-08-14,CUST1200,21.0,Male,Delhi,North,Office Supplies,Printer Paper,4,14999,20,47996.8,11774.32,Cash
ORD02807,2024-08-14,CUST1117,36.0,Female,Odisha,East,Office Supplies,Printer Paper,3,199,15,507.45,114.59,Net Banking
ORD02808,2025-02-18,CUST1880,53.0,Male,Delhi,North,Office Supplies,Printer Paper,7,14999,0,104993.0,15722.93,Cash
ORD02809,2024-08-10,CUST1811,45.0,Male,West Bengal,East,Furniture,Chair,2,199,5,378.1,80.95,Card
ORD02810,2025-02-20,CUST1859,20.0,Male,Gujarat,West,Electronics,Headphones,1,999,10,899.1,190.16,Net Banking
ORD02811,2024-09-26,CUST1287,54.0,Female,Punjab,North,Electronics,Headphones,4,999,15,3396.6,500.57,Card
ORD02812,2024-05-14,CUST1708,47.0,Female,Maharashtra,West,Office Supplies,Printer Paper,6,7999,0,47994.0,4554.14,Cash
ORD02813,2024-12-22,CUST1585,59.0,Male,Gujarat,West,Office Supplies,Printer Paper,4,14999,20,47996.8,8312.44,Net Banking
ORD02814,2025-11-04,CUST1016,36.0,Female,West Bengal,East,Office Supplies,Pen,2,999,5,1898.1,346.98,Net Banking
ORD02815,2025-02-19,CUST1770,42.0,Male,Gujarat,West,Electronics,Phone,4,14999,20,47996.8,2432.44,Cash
ORD02816,2025-10-07,CUST1410,25.0,Female,Karnataka,South,Electronics,Phone,5,2499,5,11870.25,1585.3,Cash
ORD02817,2025-04-01,CUST1980,42.0,Male,Gujarat,West,Office Supplies,Notebook,3,14999,15,38247.45,-179.11,Card
ORD02818,2024-11-11,CUST1611,51.0,Male,Gujarat,West,Electronics,Headphones,7,2499,0,17493.0,3827.43,Cash
ORD02819,2024-06-10,CUST1859,49.0,Female,Gujarat,West,Furniture,Sofa,1,199,15,169.15,13.42,Cash
ORD02820,2024-05-31,CUST1330,27.0,Female,Delhi,North,Electronics,Phone,8,499,5,3792.4,-74.49,UPI
ORD02821,2025-06-19,CUST1857,57.0,Female,Tamil Nadu,South,Electronics,Phone,7,199,0,1393.0,184.36,Net Banking
ORD02822,2024-01-09,CUST1640,41.0,Male,Punjab,North,Electronics,Laptop,6,199,10,1074.6,236.9,Cash
ORD02823,2025-02-27,CUST1017,39.0,Male,Karnataka,South,Electronics,Headphones,2,7999,10,14398.2,1152.05,Cash
ORD02824,2024-05-30,CUST1943,55.0,Female,Karnataka,South,Electronics,Laptop,2,199,20,318.4,-6.43,Cash
ORD02825,2025-07-05,CUST1948,49.0,Male,Karnataka,South,Furniture,Sofa,2,999,0,1998.0,464.75,Cash
ORD02826,2024-06-01,CUST1098,25.0,Female,Tamil Nadu,South,Furniture,Sofa,3,14999,10,40497.3,-1385.16,UPI
ORD02827,2024-02-13,CUST1823,61.0,Female,Karnataka,South,Electronics,Phone,2,7999,0,15998.0,2857.25,UPI
ORD02828,2025-03-21,CUST1830,31.0,Female,West Bengal,East,Furniture,Desk,8,7999,20,51193.6,10965.01,Cash
ORD02829,2024-11-03,CUST1514,51.0,Male,Gujarat,West,Furniture,Desk,3,2499,5,7122.15,1556.44,UPI
ORD02830,2024-11-25,CUST1207,38.0,Male,Maharashtra,West,Furniture,Desk,5,14999,5,71245.25,-363.95,Card
ORD02831,2025-01-09,CUST1235,53.0,Male,Maharashtra,West,Office Supplies,Notebook,6,199,5,1134.3,43.24,Net Banking
ORD02832,2025-01-22,CUST1725,20.0,Male,Karnataka,South,Furniture,Desk,7,2499,15,14869.05,1232.52,Net Banking
ORD02833,2025-04-28,CUST1320,31.0,Male,Odisha,East,Office Supplies,Printer Paper,8,199,5,1512.4,-46.18,UPI
ORD02834,2024-04-07,CUST1672,59.0,Male,Gujarat,West,Office Supplies,Notebook,2,999,5,1898.1,168.26,Net Banking
ORD02835,2025-01-31,CUST1083,35.0,Female,West Bengal,East,Furniture,Desk,4,199,0,796.0,-35.56,Cash
ORD02836,2024-08-06,CUST1070,56.0,Female,Tamil Nadu,South,Furniture,Desk,8,999,10,7192.8,1985.58,Card
ORD02837,2024-06-17,CUST1637,45.0,Female,Punjab,North,Electronics,Laptop,4,999,20,3196.8,883.89,Card
ORD02838,2024-11-04,CUST1614,56.0,Female,Delhi,North,Electronics,Headphones,4,14999,10,53996.4,1576.71,Cash
ORD02839,2025-12-28,CUST1952,26.0,Male,Odisha,East,Office Supplies,Notebook,2,2499,20,3998.4,364.71,Cash
ORD02840,2024-08-12,CUST1527,26.0,Female,Tamil Nadu,South,Office Supplies,Pen,4,2499,15,8496.6,2482.46,Cash
ORD02841,2025-09-08,CUST1329,34.0,Male,Delhi,North,Electronics,Laptop,3,499,5,1422.15,42.93,Net Banking
ORD02842,2025-02-09,CUST1568,47.0,Female,Punjab,North,Furniture,Chair,2,999,20,1598.4,42.23,Net Banking
ORD02843,2025-02-24,CUST1880,40.0,Female,Gujarat,West,Furniture,Chair,8,199,5,1512.4,137.54,Card
ORD02844,2024-05-03,CUST1886,29.0,Male,Punjab,North,Furniture,Sofa,3,499,20,1197.6,297.45,Card
ORD02845,2024-05-16,CUST1436,34.0,Male,Tamil Nadu,South,Office Supplies,Notebook,8,7999,10,57592.8,12491.6,UPI
ORD02846,2025-03-17,CUST1583,28.0,Male,Karnataka,South,Furniture,Sofa,6,14999,20,71995.2,21555.72,Net Banking
ORD02847,2024-09-15,CUST1669,34.0,Male,Gujarat,West,Electronics,Phone,6,499,0,2994.0,40.71,Cash
ORD02848,2024-09-24,CUST1185,25.0,Male,West Bengal,East,Electronics,Headphones,5,2499,10,11245.5,-176.25,Net Banking
ORD02849,2025-12-28,CUST1743,32.0,Female,Tamil Nadu,South,Office Supplies,Printer Paper,2,2499,0,4998.0,287.01,Cash
ORD02850,2025-07-19,CUST1825,58.0,Female,Delhi,North,Office Supplies,Pen,6,7999,10,43194.6,11835.35,Cash
ORD02851,2024-08-01,CUST1781,44.0,Male,Karnataka,South,electronics,Notebook,8,7999,5,60792.4,16565.24,Net Banking
ORD02852,2025-05-02,CUST1499,41.0,Male,Odisha,East,Electronics,Phone,7,2499,15,14869.05,1960.98,Cash
ORD02853,2024-03-15,CUST1598,40.0,Male,Maharashtra,West,Electronics,Phone,2,2499,10,4498.2,1346.97,Card
ORD02854,2024-01-14,CUST1695,49.0,Female,West Bengal,East,Furniture,Desk,3,499,5,1422.15,231.43,Card
ORD02855,2024-12-08,CUST1315,,Male,West Bengal,East,Electronics,Laptop,2,199,5,378.1,61.79,Cash
ORD02856,2024-03-17,CUST1267,55.0,Male,West Bengal,East,Office Supplies,Notebook,7,999,15,5944.05,989.48,Card
ORD02857,2025-10-05,CUST1819,60.0,Male,Punjab,North,Electronics,Phone,5,2499,20,9996.0,-434.91,Cash
ORD02858,2025-08-09,CUST1390,47.0,Male,Maharashtra,West,Office Supplies,Printer Paper,1,2499,15,2124.15,349.6,Net Banking
ORD02859,2024-07-17,CUST1469,29.0,Female,Maharashtra,West,Electronics,Headphones,7,199,0,1393.0,320.86,Cash
ORD02860,2024-06-11,CUST1917,35.0,Female,Karnataka,South,Electronics,Phone,7,7999,20,44794.4,4640.3,Net Banking
ORD02861,2025-05-15,CUST1478,18.0,Male,Punjab,North,Furniture,Sofa,8,7999,5,60792.4,299.98,Card
ORD02862,2024-07-06,CUST1747,44.0,Male,Odisha,East,Office Supplies,Printer Paper,2,2499,15,4248.3,93.3,Net Banking
ORD02863,2025-06-20,CUST1351,61.0,Female,Odisha,East,Office Supplies,Printer Paper,7,199,0,1393.0,382.75,UPI
ORD02864,2025-02-24,CUST1280,35.0,Female,Odisha,East,Furniture,Sofa,5,499,5,2370.25,705.15,Card
ORD02865,2024-12-25,CUST1608,43.0,Female,Tamil Nadu,South,Electronics,Laptop,8,2499,15,16993.2,3063.0,Cash
ORD02866,2024-03-21,CUST1357,40.0,Male,Gujarat,West,Furniture,Sofa,5,7999,10,35995.5,10451.53,Cash
ORD02867,2025-01-08,CUST1247,46.0,Female,Gujarat,West,Furniture,Sofa,1,14999,5,14249.05,550.24,UPI
ORD02868,2024-09-21,CUST1340,19.0,Male,Punjab,North,Office Supplies,Printer Paper,7,999,5,6643.35,1159.86,Net Banking
ORD02869,2025-06-28,CUST1221,30.0,Female,Odisha,East,Office Supplies,Notebook,8,7999,0,63992.0,5190.34,Net Banking
ORD02870,2024-11-06,CUST1999,65.0,Male,Karnataka,South,Office Supplies,Printer Paper,2,499,15,848.3,135.98,Cash
ORD02871,2024-01-02,CUST1739,42.0,Male,Punjab,North,Electronics,Phone,4,199,10,716.4,-13.92,UPI
ORD02872,2025-06-12,CUST1235,52.0,Female,West Bengal,East,Furniture,Chair,1,14999,5,14249.05,1320.37,Net Banking
ORD02873,2025-02-07,CUST1884,45.0,Male,Karnataka,South,Furniture,Desk,8,999,15,6793.2,293.92,UPI
ORD02874,2024-05-30,CUST1801,21.0,Female,Karnataka,South,Furniture,Chair,8,999,0,7992.0,539.35,Card
ORD02875,2025-06-30,CUST1112,61.0,Female,Delhi,North,Electronics,Laptop,8,2499,0,19992.0,2379.62,Card
ORD02876,2024-07-26,CUST1530,30.0,Male,Gujarat,West,Office Supplies,Pen,8,2499,20,15993.6,2748.45,Card
ORD02877,2025-01-15,CUST1276,63.0,Female,Maharashtra,West,Furniture,Desk,4,999,15,3396.6,855.18,UPI
ORD02878,2025-04-23,CUST1029,64.0,Female,West Bengal,East,Furniture,Sofa,3,2499,0,7497.0,112.49,Net Banking
ORD02879,2024-05-02,CUST1964,28.0,Male,Odisha,East,Furniture,Chair,8,199,20,1273.6,239.53,UPI
ORD02880,2024-09-16,CUST1372,56.0,Female,Maharashtra,West,Electronics,Headphones,2,499,5,948.1,115.85,Card
ORD02881,2025-06-01,CUST1797,18.0,Female,Karnataka,South,Furniture,Desk,8,199,10,1432.8,388.05,Card
ORD02882,2025-05-22,CUST1036,47.0,Male,Punjab,North,Office Supplies,Pen,2,199,15,338.3,14.74,Cash
ORD02883,2024-12-25,CUST1473,31.0,Female,Gujarat,West,Office Supplies,Notebook,1,499,10,449.1,58.9,Cash
ORD02884,2025-09-21,CUST1010,30.0,Male,West Bengal,East,Furniture,Desk,3,2499,5,7122.15,925.35,Net Banking
ORD02885,2024-11-29,CUST1764,57.0,Female,Tamil Nadu,South,Furniture,Chair,2,2499,15,4248.3,894.15,Cash
ORD02886,2024-07-23,CUST1190,58.0,Male,West Bengal,East,Office Supplies,Printer Paper,6,14999,20,71995.2,1833.3,Net Banking
ORD02887,2024-02-25,CUST1127,65.0,Female,Odisha,East,Electronics,Headphones,6,499,15,2544.9,424.39,UPI
ORD02888,2025-09-06,CUST1842,28.0,Male,Karnataka,South,Electronics,Headphones,7,2499,5,16618.35,442.56,Cash
ORD02889,2025-08-30,CUST1120,40.0,Female,Gujarat,West,Furniture,Chair,4,199,15,676.6,107.6,Card
ORD02890,2025-10-05,CUST1623,40.0,Male,Tamil Nadu,South,Electronics,Laptop,1,199,5,189.05,47.87,Card
ORD02891,2025-06-28,CUST1143,62.0,Male,West Bengal,East,Electronics,Phone,3,499,0,1497.0,273.21,Net Banking
ORD02892,2024-02-27,CUST1931,40.0,Female,Karnataka,South,Furniture,Sofa,2,14999,0,29998.0,4449.17,Cash
ORD02893,2024-07-28,CUST1600,51.0,Male,Maharashtra,West,Office Supplies,Pen,8,2499,20,15993.6,1702.92,Cash
ORD02894,2025-05-12,CUST1148,61.0,Male,Odisha,East,Electronics,Headphones,2,999,0,1998.0,274.77,UPI
ORD02895,2025-01-06,CUST1373,59.0,Female,Gujarat,West,Electronics,Headphones,6,199,20,955.2,67.01,Net Banking
ORD02896,2024-05-06,CUST1588,45.0,Female,Punjab,North,Furniture,Sofa,1,499,0,499.0,138.67,Cash
ORD02897,2024-10-15,CUST1599,65.0,Male,Odisha,East,Furniture,Chair,6,199,10,1074.6,139.03,Cash
ORD02898,2024-12-06,CUST1027,46.0,Female,Delhi,North,Office Supplies,Pen,5,2499,10,11245.5,-400.62,Cash
ORD02899,2024-03-20,CUST1879,21.0,Male,Odisha,East,Office Supplies,Printer Paper,4,999,10,3596.4,460.0,UPI
ORD02900,2024-10-05,CUST1381,54.0,Male,Gujarat,West,Furniture,Desk,8,2499,15,16993.2,4704.06,Cash
ORD02901,2024-09-11,CUST1494,56.0,Female,West Bengal,East,Electronics,Laptop,8,499,10,3592.8,746.7,Card
ORD02902,2024-10-18,CUST1560,37.0,Female,Punjab,North,Electronics,Headphones,5,999,10,4495.5,719.04,Net Banking
ORD02903,2025-03-07,CUST1674,49.0,Male,West Bengal,East,Furniture,Desk,3,499,20,1197.6,83.02,UPI
ORD02904,2025-03-17,CUST1457,34.0,Male,Odisha,East,Office Supplies,Notebook,6,199,5,1134.3,251.57,Net Banking
ORD02905,2024-07-21,CUST1824,22.0,Female,West Bengal,East,Electronics,Laptop,8,499,15,3393.2,302.18,Cash
ORD02906,2024-10-16,CUST1983,41.0,Female,Delhi,North,Furniture,Chair,8,14999,0,119992.0,-3652.71,UPI
ORD02907,2024-05-05,CUST1434,53.0,Male,Odisha,East,Furniture,Sofa,6,999,15,5094.9,1174.36,UPI
ORD02908,2025-09-19,CUST1364,18.0,Female,Odisha,East,Office Supplies,Pen,7,7999,0,55993.0,8184.59,Card
ORD02909,2025-01-14,CUST1932,39.0,Female,Punjab,North,Office Supplies,Notebook,5,499,0,2495.0,288.86,Cash
ORD02910,2025-07-23,CUST1392,20.0,Male,Karnataka,South,Office Supplies,Printer Paper,8,7999,5,60792.4,1706.66,Card
ORD02911,2024-02-04,CUST1377,41.0,Male,Maharashtra,West,Office Supplies,Printer Paper,6,14999,0,89994.0,26353.08,Card
ORD02912,2024-02-19,CUST1033,57.0,Male,Delhi,North,Furniture,Chair,3,199,5,567.15,52.21,UPI
ORD02913,2024-08-29,CUST1556,53.0,Female,Tamil Nadu,South,Electronics,Phone,1,499,0,499.0,91.31,UPI
ORD02914,2025-02-26,CUST1791,46.0,Female,Delhi,North,Office Supplies,Pen,5,2499,20,9996.0,-152.25,Net Banking
ORD02915,2025-12-17,CUST1094,29.0,Female,Tamil Nadu,South,electronics,Headphones,1,7999,5,7599.05,415.23,UPI
ORD02916,2024-01-31,CUST1263,47.0,Male,Gujarat,West,Furniture,Desk,5,499,15,2120.75,121.8,UPI
ORD02917,2025-11-30,CUST1709,53.0,Female,Gujarat,West,Furniture,Chair,8,7999,10,57592.8,7567.64,Net Banking
ORD02918,2025-11-10,CUST1090,37.0,Female,Odisha,East,Office Supplies,Printer Paper,3,999,15,2547.45,342.04,Net Banking
ORD02919,2025-10-31,CUST1147,30.0,Female,Tamil Nadu,South,Electronics,Laptop,6,999,15,5094.9,464.56,Card
ORD02920,2025-03-04,CUST1683,51.0,Male,Tamil Nadu,South,Office Supplies,Notebook,7,999,20,5594.4,481.18,Card
ORD02921,2025-07-27,CUST1502,26.0,Male,Karnataka,South,Office Supplies,Notebook,4,14999,5,56996.2,2462.31,Card
ORD02922,2024-02-24,CUST1396,61.0,Male,Tamil Nadu,South,Electronics,Laptop,8,14999,20,95993.6,21189.46,UPI
ORD02923,2024-09-28,CUST1806,39.0,Female,Gujarat,West,Furniture,Sofa,6,2499,20,11995.2,427.18,Net Banking
ORD02924,2025-11-24,CUST1002,21.0,Female,Odisha,East,Office Supplies,Pen,6,2499,20,11995.2,1018.16,Cash
ORD02925,2024-09-18,CUST1963,56.0,Female,Delhi,North,Furniture,Sofa,8,14999,15,101993.2,4222.35,UPI
ORD02926,2025-03-20,CUST1363,30.0,Female,Maharashtra,West,Electronics,Phone,1,999,15,849.15,-10.55,Cash
ORD02927,2024-09-13,CUST1466,63.0,Male,Karnataka,South,Electronics,Phone,3,199,20,477.6,48.22,Cash
ORD02928,2025-06-24,CUST1355,60.0,Male,Karnataka,South,Electronics,Phone,2,14999,20,23998.4,-421.39,Cash
ORD02929,2025-07-14,CUST1327,21.0,Male,Gujarat,West,Office Supplies,Notebook,4,499,10,1796.4,462.92,Cash
ORD02930,2024-07-28,CUST1190,49.0,Male,Karnataka,South,Electronics,Headphones,8,2499,15,16993.2,3374.44,Cash
ORD02931,2025-06-01,CUST1630,22.0,Female,Karnataka,South,Electronics,Headphones,2,199,15,338.3,-12.11,Card
ORD02932,2025-11-01,CUST1797,36.0,Female,Punjab,North,Electronics,Laptop,2,7999,10,14398.2,1041.71,Cash
ORD02933,2025-09-27,CUST1439,24.0,Male,Punjab,North,Electronics,Phone,1,14999,5,14249.05,1039.77,Cash
ORD02934,2025-05-05,CUST1749,65.0,Female,Tamil Nadu,South,Office Supplies,Notebook,1,999,0,999.0,169.46,Card
ORD02935,2024-05-23,CUST1111,43.0,Female,Karnataka,South,Furniture,Chair,1,7999,5,7599.05,2006.1,Cash
ORD02936,2024-06-07,CUST1044,36.0,Male,West Bengal,East,Furniture,Chair,5,2499,5,11870.25,3421.59,Card
ORD02937,2024-12-25,CUST1407,20.0,Male,Tamil Nadu,South,Furniture,Chair,2,499,15,848.3,83.77,UPI
ORD02938,2024-05-29,CUST1256,47.0,Female,Tamil Nadu,South,Electronics,Phone,6,999,20,4795.2,-202.55,Cash
ORD02939,2025-04-29,CUST1765,21.0,Male,West Bengal,East,Furniture,Desk,3,199,5,567.15,52.07,Net Banking
ORD02940,2024-02-12,CUST1436,55.0,Male,West Bengal,East,Electronics,Laptop,6,14999,15,76494.9,10896.75,Cash
ORD02941,2025-01-27,CUST1464,62.0,Male,Maharashtra,West,Electronics,Laptop,2,14999,20,23998.4,-432.97,UPI
ORD02942,2025-01-14,CUST1279,51.0,Female,Tamil Nadu,South,Electronics,Headphones,4,14999,5,56996.2,-2516.71,Cash
ORD02943,2024-05-28,CUST1881,24.0,Male,Punjab,North,Furniture,Desk,1,2499,20,1999.2,107.72,Card
ORD02944,2025-10-05,CUST1951,61.0,Female,Tamil Nadu,South,Electronics,Phone,5,2499,20,9996.0,2243.53,Card
ORD02945,2024-11-08,CUST1557,50.0,Male,Delhi,North,Office Supplies,Notebook,5,199,0,995.0,62.73,Cash
ORD02946,2024-09-10,CUST1229,44.0,Male,Delhi,North,Office Supplies,Notebook,4,999,15,3396.6,751.13,UPI
ORD02947,2025-12-18,CUST1891,21.0,Male,Punjab,North,Furniture,Sofa,6,14999,10,80994.6,1435.85,Cash
ORD02948,2024-05-30,CUST1098,47.0,Male,Punjab,North,electronics,Chair,8,2499,0,19992.0,3477.12,Cash
ORD02949,2025-11-27,CUST1854,32.0,Male,Maharashtra,West,Electronics,Laptop,6,14999,20,71995.2,674.3,Net Banking
ORD02950,2025-01-22,CUST1619,46.0,Female,Punjab,North,Office Supplies,Printer Paper,6,2499,20,11995.2,-144.49,Card
ORD02951,2025-12-19,CUST1070,21.0,Female,West Bengal,East,Furniture,Sofa,4,14999,20,47996.8,1614.75,Cash
ORD02952,2024-08-04,CUST1910,42.0,Female,Punjab,North,Office Supplies,Printer Paper,4,499,0,1996.0,241.2,Net Banking
ORD02953,2025-10-06,CUST1303,40.0,Male,Punjab,North,Office Supplies,Pen,1,2499,10,2249.1,441.89,Cash
ORD02954,2024-09-24,CUST1401,29.0,Male,Tamil Nadu,South,Furniture,Chair,8,2499,10,17992.8,-857.41,Net Banking
ORD02955,2024-06-12,CUST1420,19.0,Male,Odisha,East,Electronics,Headphones,3,2499,0,7497.0,1149.58,Net Banking
ORD02956,2025-09-12,CUST1907,32.0,Female,Delhi,North,Office Supplies,Pen,1,14999,0,,-611.41,Card
ORD02957,2024-07-20,CUST1139,49.0,Female,Punjab,North,Office Supplies,Notebook,2,14999,15,25498.3,-837.99,UPI
ORD02958,2024-02-20,CUST1086,35.0,Female,Punjab,North,Office Supplies,Printer Paper,8,2499,15,16993.2,4212.58,UPI
ORD02959,2024-11-09,CUST1444,19.0,Female,Maharashtra,West,Electronics,Laptop,6,2499,20,11995.2,3215.51,Net Banking
ORD02960,2025-08-30,CUST1837,28.0,Male,Tamil Nadu,South,Office Supplies,Pen,7,14999,20,83994.4,15962.83,Card
ORD02961,2025-11-09,CUST1470,36.0,Male,West Bengal,East,Electronics,Phone,7,499,20,2794.4,773.53,Cash
ORD02962,2025-06-21,CUST1426,58.0,Female,Delhi,North,Furniture,Desk,2,2499,15,4248.3,898.31,UPI
ORD02963,2025-04-05,CUST1966,36.0,Female,West Bengal,East,Office Supplies,Notebook,2,2499,15,4248.3,177.36,Net Banking
ORD02964,2025-07-03,CUST1240,41.0,Female,Tamil Nadu,South,Office Supplies,Printer Paper,6,14999,20,71995.2,4133.48,Net Banking
ORD02965,2025-12-14,CUST1389,34.0,Female,Delhi,North,Furniture,Chair,1,199,20,159.2,3.19,Card
ORD02966,2025-08-12,CUST1193,31.0,Female,Tamil Nadu,South,Furniture,Chair,2,7999,15,13598.3,3899.42,UPI
ORD02967,2024-02-10,CUST1328,59.0,Female,Delhi,North,Office Supplies,Notebook,4,7999,15,27196.6,3940.35,UPI
ORD02968,2024-06-24,CUST1054,26.0,Female,Gujarat,West,Electronics,Laptop,6,999,5,5694.3,559.37,Net Banking
ORD02969,2025-08-28,CUST1875,60.0,Male,Odisha,East,Office Supplies,Notebook,2,499,20,798.4,4.13,Cash
ORD02970,2024-03-25,CUST1451,59.0,Female,West Bengal,East,Furniture,Chair,3,499,5,1422.15,217.1,Net Banking
ORD02971,2025-10-21,CUST1663,21.0,Female,West Bengal,East,Electronics,Headphones,5,14999,15,63745.75,5146.36,Cash
ORD02972,2024-05-08,CUST1685,37.0,Male,Gujarat,West,Office Supplies,Pen,2,2499,10,4498.2,96.01,Cash
ORD02973,2024-02-02,CUST1877,55.0,Male,West Bengal,East,Furniture,Chair,2,199,10,358.2,44.14,Net Banking
ORD02974,2025-12-19,CUST1875,41.0,Female,Karnataka,South,Office Supplies,Pen,1,14999,5,14249.05,1185.34,Cash
ORD02975,2025-07-02,CUST1386,47.0,Male,Maharashtra,West,Office Supplies,Pen,4,499,20,1596.8,-23.72,Cash
ORD02976,2024-10-06,CUST1272,24.0,Male,West Bengal,East,Furniture,Sofa,5,499,20,1996.0,349.55,Card
ORD02977,2024-10-12,CUST1861,55.0,Male,Punjab,North,Electronics,Phone,8,999,20,6393.6,112.1,Card
ORD02978,2024-08-07,CUST1982,27.0,Male,Delhi,North,Office Supplies,Notebook,7,7999,20,44794.4,7817.76,Cash
ORD02979,2024-11-28,CUST1733,49.0,Male,Gujarat,West,Electronics,Headphones,5,7999,0,39995.0,-589.49,UPI
ORD02980,2025-02-25,CUST1293,61.0,Male,Odisha,East,Furniture,Desk,1,14999,0,14999.0,3820.65,Net Banking
ORD02981,2024-07-01,CUST1984,25.0,Male,Tamil Nadu,South,Furniture,Desk,5,2499,5,11870.25,-580.02,Cash
ORD02982,2024-01-05,CUST1501,23.0,Female,Odisha,East,Office Supplies,Printer Paper,3,499,5,1422.15,212.42,UPI
ORD02983,2024-09-22,CUST1483,61.0,Male,West Bengal,East,Furniture,Desk,7,199,20,1114.4,305.43,Card
ORD02984,2025-01-01,CUST1110,43.0,Male,Maharashtra,West,Electronics,Headphones,2,199,15,338.3,51.53,Cash
ORD02985,2024-06-23,CUST1169,36.0,Male,Karnataka,South,Furniture,Sofa,2,14999,5,28498.1,-1420.37,Net Banking
ORD02986,2025-11-11,CUST1849,23.0,Female,Odisha,East,Electronics,Phone,1,7999,10,7199.1,738.94,Cash
ORD02987,2024-01-13,CUST1143,51.0,Female,Delhi,North,Electronics,Headphones,4,2499,15,8496.6,644.72,Card
ORD02988,2025-01-17,CUST1744,48.0,Male,Odisha,East,Office Supplies,Pen,2,2499,20,3998.4,-61.51,Card
ORD02989,2024-04-28,CUST1658,61.0,Male,West Bengal,East,electronics,Pen,3,499,0,1497.0,351.88,Cash
ORD02990,2024-03-27,CUST1221,50.0,Female,Tamil Nadu,South,Office Supplies,Notebook,5,199,10,895.5,-42.63,Net Banking
ORD02991,2024-05-03,CUST1848,28.0,Male,Karnataka,South,Furniture,Chair,7,999,5,6643.35,-318.86,Card
ORD02992,2025-12-19,CUST1314,45.0,Female,Gujarat,West,Electronics,Laptop,1,7999,20,6399.2,1128.25,Net Banking
ORD02993,2025-09-06,CUST1127,33.0,Female,Odisha,East,electronics,Notebook,3,2499,5,7122.15,1985.82,Net Banking
ORD02994,2024-11-16,CUST1195,27.0,Male,West Bengal,East,Furniture,Desk,5,14999,20,59996.0,-401.14,Card
ORD02995,2025-02-16,CUST1848,52.0,Male,Delhi,North,Electronics,Laptop,6,499,5,2844.3,-40.33,UPI
ORD02996,2024-09-14,CUST1404,29.0,Female,West Bengal,East,Office Supplies,Pen,1,14999,5,14249.05,23.41,Net Banking
ORD02997,2024-09-16,CUST1162,33.0,Female,Delhi,North,Electronics,Laptop,3,999,5,2847.15,791.66,Net Banking
ORD02998,2024-07-21,CUST1667,58.0,Female,Punjab,North,Furniture,Desk,1,999,5,949.05,158.19,Net Banking
ORD02999,2025-04-04,CUST1665,39.0,Male,Gujarat,West,Furniture,Chair,8,2499,5,18992.4,-450.81,Cash
ORD03000,2025-11-20,CUST1833,56.0,Female,Delhi,North,Electronics,Laptop,1,999,0,999.0,-43.42,UPI
ORD03001,2024-03-07,CUST1447,65.0,Male,Odisha,East,Electronics,Phone,5,499,15,2120.75,151.05,UPI
ORD03002,2024-07-08,CUST1224,53.0,Male,Gujarat,West,electronics,Printer Paper,4,7999,20,25596.8,1578.6,UPI
ORD03003,2025-06-12,CUST1021,48.0,Male,Tamil Nadu,South,Office Supplies,Notebook,3,2499,20,5997.6,1066.48,Cash
ORD03004,2025-01-11,CUST1592,33.0,Male,Karnataka,South,Furniture,Desk,4,199,20,636.8,105.05,Card
ORD03005,2025-04-23,CUST1737,21.0,Female,Maharashtra,West,Office Supplies,Notebook,4,999,5,3796.2,225.35,Card
ORD03006,2024-10-31,CUST1579,36.0,Female,Maharashtra,West,Furniture,Desk,6,199,20,955.2,136.64,UPI
ORD03007,2024-03-13,CUST1243,52.0,Male,Odisha,East,Furniture,Sofa,7,14999,15,89244.05,-550.1,Cash
ORD03008,2024-06-24,CUST1166,41.0,Female,West Bengal,East,Office Supplies,Pen,5,14999,10,67495.5,3190.27,Cash
ORD03009,2024-12-25,CUST1301,24.0,Female,Delhi,North,Electronics,Headphones,1,14999,10,13499.1,2218.13,UPI
ORD03010,2024-11-12,CUST1350,24.0,Male,West Bengal,East,Office Supplies,Printer Paper,2,199,20,318.4,29.85,Net Banking
ORD03011,2025-05-18,CUST1243,49.0,Male,Tamil Nadu,South,Furniture,Sofa,1,999,0,999.0,38.09,UPI
ORD03012,2024-02-10,CUST1726,30.0,Male,Tamil Nadu,South,Electronics,Phone,8,7999,15,54393.2,13812.14,UPI
ORD03013,2025-10-31,CUST1742,54.0,Male,Delhi,North,Office Supplies,Notebook,8,199,20,1273.6,300.06,Cash
ORD03014,2024-06-14,CUST1451,65.0,Female,Odisha,East,Office Supplies,Printer Paper,6,499,0,2994.0,-75.71,Net Banking
ORD03015,2024-07-29,CUST1244,24.0,Male,Tamil Nadu,South,Electronics,Laptop,2,999,20,1598.4,390.72,Net Banking
ORD03016,2024-01-27,CUST1027,33.0,Male,Karnataka,South,Electronics,Phone,6,7999,10,43194.6,8019.78,Card
ORD03017,2024-02-15,CUST1132,22.0,Male,Tamil Nadu,South,Furniture,Sofa,6,14999,0,89994.0,16840.45,Cash
ORD03018,2024-09-25,CUST1995,45.0,Male,Punjab,North,Electronics,Headphones,2,2499,0,4998.0,-14.24,Net Banking
ORD03019,2025-09-13,CUST1587,48.0,Male,Gujarat,West,Office Supplies,Printer Paper,4,499,0,1996.0,96.89,UPI
ORD03020,2024-07-28,CUST1314,37.0,Male,Karnataka,South,Furniture,Chair,5,14999,15,63745.75,2520.16,Card
ORD03021,2024-01-02,CUST1067,18.0,Female,Punjab,North,Furniture,Chair,1,199,10,179.1,43.92,Card
ORD03022,2024-05-16,CUST1048,64.0,Female,Karnataka,South,Electronics,Phone,6,999,15,5094.9,763.87,UPI
ORD03023,2024-03-28,CUST1500,42.0,Male,Karnataka,South,Office Supplies,Pen,7,14999,15,89244.05,-386.7,Net Banking
ORD03024,2025-05-06,CUST1475,60.0,Male,Gujarat,West,Furniture,Desk,8,999,0,7992.0,209.46,UPI
ORD03025,2024-06-13,CUST1042,35.0,Female,Karnataka,South,Office Supplies,Printer Paper,4,7999,15,27196.6,4762.89,UPI
ORD03026,2025-02-23,CUST1951,50.0,Male,Punjab,North,Furniture,Chair,5,999,10,4495.5,938.4,Net Banking
ORD03027,2024-11-15,CUST1745,61.0,Male,Tamil Nadu,South,Electronics,Headphones,1,2499,20,1999.2,359.98,UPI
ORD03028,2024-04-18,CUST1785,52.0,Female,Punjab,North,Furniture,Desk,6,7999,5,45594.3,12196.95,UPI
ORD03029,2024-08-29,CUST1597,29.0,Female,Maharashtra,West,Electronics,Phone,5,999,20,3996.0,67.63,Card
ORD03030,2025-04-12,CUST1008,26.0,Male,Odisha,East,Electronics,Phone,4,7999,10,28796.4,7101.31,Net Banking
ORD03031,2024-12-20,CUST1367,61.0,Female,Punjab,North,Electronics,Phone,5,499,0,2495.0,474.98,Cash
ORD03032,2025-11-24,CUST1423,47.0,Female,Tamil Nadu,South,Furniture,Desk,1,2499,20,1999.2,395.59,UPI
ORD03033,2024-01-10,CUST1947,35.0,Male,Karnataka,South,Electronics,Headphones,1,2499,5,2374.05,445.6,Cash
ORD03034,2025-01-10,CUST1684,49.0,Male,Maharashtra,West,Electronics,Laptop,5,2499,0,12495.0,2384.41,Cash
ORD03035,2025-03-04,CUST1263,35.0,Male,Delhi,North,Office Supplies,Pen,7,2499,15,14869.05,-317.65,Net Banking
ORD03036,2025-02-28,CUST1481,23.0,Male,Tamil Nadu,South,Furniture,Desk,1,14999,10,13499.1,1984.81,Card
ORD03037,2024-02-18,CUST1709,36.0,Female,Punjab,North,Furniture,Chair,4,499,5,1896.2,121.75,UPI
ORD03038,2025-08-02,CUST1628,48.0,Female,Punjab,North,Electronics,Laptop,5,2499,15,10620.75,2341.21,Card
ORD03039,2025-05-27,CUST1955,55.0,Male,Karnataka,South,Furniture,Chair,2,2499,15,4248.3,715.9,Cash
ORD03040,2025-11-27,CUST1196,21.0,Male,Maharashtra,West,Furniture,Desk,1,999,20,799.2,-6.05,Net Banking
ORD03041,2025-01-15,CUST1099,50.0,Male,West Bengal,East,Electronics,Laptop,2,999,10,1798.2,343.94,UPI
ORD03042,2024-09-04,CUST1925,47.0,Female,Gujarat,West,Office Supplies,Notebook,8,199,0,1592.0,57.32,UPI
ORD03043,2025-12-06,CUST1338,31.0,Female,Tamil Nadu,South,Furniture,Sofa,8,999,0,7992.0,2320.69,UPI
ORD03044,2024-12-10,CUST1264,24.0,Male,West Bengal,East,Office Supplies,Printer Paper,3,499,0,1497.0,-36.58,Card
ORD03045,2025-02-15,CUST1665,55.0,Male,Delhi,North,Electronics,Phone,1,2499,0,2499.0,91.83,Card
ORD03046,2025-10-24,CUST1885,45.0,Female,Punjab,North,Electronics,Laptop,2,14999,10,26998.2,1152.08,UPI
ORD03047,2025-02-23,CUST1111,61.0,Female,West Bengal,East,Office Supplies,Pen,3,999,15,2547.45,-20.45,Cash
ORD03048,2024-12-03,CUST1322,31.0,Female,West Bengal,East,Furniture,Sofa,2,7999,10,14398.2,3568.69,Cash
ORD03049,2025-09-18,CUST1594,60.0,Female,Tamil Nadu,South,Office Supplies,Notebook,6,199,20,955.2,-12.17,Card
ORD03050,2024-12-22,CUST1523,21.0,Male,Karnataka,South,Electronics,Laptop,6,7999,10,43194.6,6807.76,Cash
ORD03051,2025-11-12,CUST1520,23.0,Female,Karnataka,South,Furniture,Chair,8,999,0,7992.0,2041.96,UPI
ORD03052,2025-04-29,CUST1504,49.0,Female,Odisha,East,Furniture,Chair,6,499,10,2694.6,528.98,Cash
ORD03053,2025-03-13,CUST1289,21.0,Male,Odisha,East,Office Supplies,Pen,5,7999,5,37995.25,-1448.63,Net Banking
ORD03054,2024-05-08,CUST1983,65.0,Female,Punjab,North,Office Supplies,Printer Paper,3,2499,10,6747.3,952.84,Cash
ORD03055,2024-10-24,CUST1668,42.0,Male,West Bengal,East,Furniture,Desk,4,7999,10,28796.4,7663.42,Card
ORD03056,2024-09-16,CUST1829,40.0,Male,Karnataka,South,Electronics,Phone,1,2499,5,2374.05,595.64,Net Banking
ORD03057,2025-03-26,CUST1577,27.0,Female,Delhi,North,Furniture,Chair,4,499,10,1796.4,204.89,UPI
ORD03058,2024-02-28,CUST1222,26.0,Female,West Bengal,East,Office Supplies,Pen,5,499,0,2495.0,473.98,Card
ORD03059,2025-08-09,CUST1366,27.0,Male,Tamil Nadu,South,Electronics,Headphones,5,999,5,4745.25,526.61,Net Banking
ORD03060,2024-11-09,CUST1619,62.0,Female,Punjab,North,Office Supplies,Pen,7,14999,10,94493.7,6391.85,Cash
ORD03061,2024-10-21,CUST1697,64.0,Male,Maharashtra,West,Electronics,Phone,4,14999,0,59996.0,7352.75,Net Banking
ORD03062,2024-08-01,CUST1403,60.0,Male,Delhi,North,Electronics,Laptop,5,199,5,945.25,23.3,Net Banking
ORD03063,2024-10-10,CUST1041,35.0,Female,Maharashtra,West,Furniture,Desk,5,14999,0,74995.0,16368.1,Cash
ORD03064,2024-05-05,CUST1987,19.0,Female,West Bengal,East,Electronics,Laptop,7,499,20,2794.4,-62.01,Card
ORD03065,2024-10-25,CUST1695,58.0,Female,Karnataka,South,Office Supplies,Printer Paper,3,199,15,507.45,112.26,Cash
ORD03066,2025-10-01,CUST1215,38.0,Female,Karnataka,South,Furniture,Desk,8,2499,10,17992.8,250.03,UPI
ORD03067,2024-08-09,CUST1622,44.0,Male,Tamil Nadu,South,Electronics,Headphones,3,14999,15,38247.45,5049.06,Card
ORD03068,2024-06-18,CUST1069,34.0,Male,West Bengal,East,Electronics,Laptop,3,2499,0,7497.0,910.14,Cash
ORD03069,2025-05-02,CUST1254,25.0,Male,Gujarat,West,Furniture,Chair,8,199,10,1432.8,381.0,Cash
ORD03070,2024-02-01,CUST1681,54.0,Female,Karnataka,South,Office Supplies,Printer Paper,4,199,20,636.8,69.16,Card
ORD03071,2025-09-18,CUST1487,30.0,Female,Maharashtra,West,Electronics,Phone,8,499,0,3992.0,1173.02,Card
ORD03072,2025-12-14,CUST1027,51.0,Male,Odisha,East,Electronics,Laptop,8,14999,10,107992.8,17525.94,Net Banking
ORD03073,2025-11-01,CUST1643,48.0,Male,Delhi,North,Office Supplies,Notebook,8,499,5,3792.4,-153.09,UPI
ORD03074,2024-02-08,CUST1134,33.0,Male,Punjab,North,Furniture,Chair,4,7999,10,28796.4,4307.43,Card
ORD03075,2024-01-31,CUST1202,,Male,Odisha,East,Furniture,Chair,8,999,15,6793.2,1537.61,Card
ORD03076,2024-06-22,CUST1977,64.0,Female,Punjab,North,Electronics,Headphones,5,199,15,845.75,57.24,Card
ORD03077,2025-05-11,CUST1332,39.0,Female,Karnataka,South,Electronics,Phone,7,2499,10,15743.7,2054.33,Card
ORD03078,2025-03-24,CUST1180,33.0,Female,West Bengal,East,Furniture,Desk,1,999,20,799.2,191.88,Net Banking
ORD03079,2024-04-16,CUST1553,25.0,Female,Odisha,East,Electronics,Phone,3,7999,15,20397.45,5801.08,UPI
ORD03080,2025-11-29,CUST1977,62.0,Female,Punjab,North,Electronics,Headphones,5,14999,10,67495.5,18200.61,Net Banking
ORD03081,2025-09-11,CUST1890,30.0,Female,Karnataka,South,Furniture,Desk,5,14999,5,71245.25,19604.8,Card
ORD03082,2025-07-27,CUST1688,62.0,Female,Gujarat,West,Furniture,Desk,1,2499,20,1999.2,525.87,Cash
ORD03083,2025-03-23,CUST1468,59.0,Male,Odisha,East,Furniture,Sofa,2,199,0,398.0,35.16,Net Banking
ORD03084,2025-09-17,CUST1914,38.0,Male,West Bengal,East,Office Supplies,Pen,4,14999,20,47996.8,5159.94,Net Banking
ORD03085,2024-04-22,CUST1441,65.0,Female,Maharashtra,West,Electronics,Laptop,5,7999,5,37995.25,9787.01,Cash
ORD03086,2024-02-10,CUST1494,58.0,Male,Tamil Nadu,South,Electronics,Phone,1,999,15,849.15,-41.64,Net Banking
ORD03087,2025-03-18,CUST1921,62.0,Male,West Bengal,East,Office Supplies,Pen,6,2499,20,11995.2,149.36,Card
ORD03088,2025-02-02,CUST1912,48.0,Male,Karnataka,South,Furniture,Chair,6,2499,0,14994.0,-9.83,Card
ORD03089,2024-12-23,CUST1806,55.0,Male,Karnataka,South,Electronics,Laptop,6,2499,20,11995.2,3021.39,Cash
ORD03090,2024-01-08,CUST1594,52.0,Male,Karnataka,South,Office Supplies,Pen,3,999,15,2547.45,212.02,Cash
ORD03091,2024-10-02,CUST1074,,Female,Maharashtra,West,Furniture,Sofa,1,14999,5,14249.05,-558.72,Cash
ORD03092,2025-11-26,CUST1616,46.0,Female,Karnataka,South,Office Supplies,Printer Paper,6,2499,20,11995.2,521.06,Card
ORD03093,2024-04-11,CUST1851,35.0,Male,Maharashtra,West,Furniture,Chair,1,2499,10,2249.1,626.43,UPI
ORD03094,2024-10-17,CUST1201,42.0,Female,Maharashtra,West,Electronics,Phone,2,14999,15,25498.3,7576.6,Card
ORD03095,2025-01-01,CUST1913,48.0,Female,Maharashtra,West,Office Supplies,Printer Paper,8,2499,5,18992.4,4866.71,Cash
ORD03096,2024-10-24,CUST1778,52.0,Female,Punjab,North,Furniture,Desk,7,2499,0,17493.0,2330.65,Cash
ORD03097,2025-09-10,CUST1515,50.0,Female,Punjab,North,Electronics,Phone,6,499,0,2994.0,113.0,UPI
ORD03098,2025-12-31,CUST1224,54.0,Male,Maharashtra,West,Office Supplies,Pen,3,199,5,567.15,-1.29,Card
ORD03099,2024-01-07,CUST1296,63.0,Female,West Bengal,East,Electronics,Phone,2,499,5,948.1,172.21,Cash
ORD03100,2025-04-20,CUST1665,62.0,Female,Odisha,East,Furniture,Desk,2,999,10,1798.2,-20.39,Net Banking
ORD03101,2025-02-15,CUST1702,65.0,Female,Punjab,North,Furniture,Desk,4,7999,0,31996.0,8388.71,Cash
ORD03102,2025-03-19,CUST1394,43.0,Female,Gujarat,West,Furniture,Sofa,8,2499,10,17992.8,4241.76,Net Banking
ORD03103,2024-12-16,CUST1870,59.0,Male,Maharashtra,West,Office Supplies,Pen,3,199,20,477.6,88.32,Net Banking
ORD03104,2025-08-09,CUST1638,52.0,Female,Odisha,East,Furniture,Chair,2,2499,10,4498.2,-127.26,UPI
ORD03105,2024-01-06,CUST1441,22.0,Female,Maharashtra,West,Furniture,Desk,5,14999,10,67495.5,-26.32,Card
ORD03106,2025-03-18,CUST1803,61.0,Female,Maharashtra,West,Office Supplies,Printer Paper,8,14999,5,113992.4,20048.32,Card
ORD03107,2024-02-08,CUST1251,28.0,Male,Punjab,North,Furniture,Chair,5,2499,15,10620.75,220.48,Cash
ORD03108,2024-01-21,CUST1918,23.0,Male,Karnataka,South,Electronics,Laptop,4,7999,5,30396.2,1052.77,Card
ORD03109,2025-06-19,CUST1510,38.0,Female,West Bengal,East,Furniture,Desk,5,7999,20,31996.0,2021.64,UPI
ORD03110,2024-07-16,CUST1421,56.0,Female,Odisha,East,Electronics,Headphones,7,199,10,1253.7,-29.85,Cash
ORD03111,2025-08-08,CUST1900,52.0,Male,Odisha,East,Office Supplies,Printer Paper,4,999,0,3996.0,1111.33,Net Banking
ORD03112,2024-09-10,CUST1672,,Female,Delhi,North,Furniture,Desk,7,2499,20,13994.4,1416.36,Net Banking
ORD03113,2025-12-10,CUST1125,56.0,Male,West Bengal,East,Furniture,Sofa,3,999,15,2547.45,678.6,Net Banking
ORD03114,2024-06-21,CUST1606,30.0,Female,Tamil Nadu,South,Furniture,Sofa,5,14999,15,63745.75,6203.53,Cash
ORD03115,2025-03-20,CUST1492,54.0,Male,Tamil Nadu,South,Office Supplies,Pen,2,2499,20,3998.4,440.43,Card
ORD03116,2025-09-27,CUST1320,64.0,Male,Delhi,North,Office Supplies,Pen,2,7999,0,15998.0,3005.81,Card
ORD03117,2025-08-08,CUST1042,58.0,Female,Tamil Nadu,South,Electronics,Laptop,3,199,10,537.3,92.92,Cash
ORD03118,2024-04-06,CUST1400,39.0,Female,Maharashtra,West,Furniture,Sofa,5,2499,5,11870.25,31.77,Net Banking
ORD03119,2024-07-12,CUST1749,26.0,Female,Karnataka,South,Office Supplies,Notebook,6,199,20,955.2,4.28,UPI
ORD03120,2025-10-20,CUST1506,38.0,Female,West Bengal,East,Office Supplies,Printer Paper,2,999,0,1998.0,64.45,Cash
ORD03121,2024-12-20,CUST1050,49.0,Female,Punjab,North,Electronics,Laptop,3,999,20,2397.6,129.79,Cash
ORD03122,2025-10-17,CUST1962,54.0,Female,Delhi,North,Office Supplies,Notebook,3,7999,0,23997.0,5980.99,Card
ORD03123,2025-09-26,CUST1012,47.0,Female,Tamil Nadu,South,Furniture,Chair,5,499,0,2495.0,-103.75,Card
ORD03124,2025-10-20,CUST1225,49.0,Female,Karnataka,South,Office Supplies,Pen,4,499,15,1696.6,197.06,Cash
ORD03125,2025-05-02,CUST1969,32.0,Female,Odisha,East,Furniture,Desk,2,2499,5,4748.1,500.14,Cash
ORD03126,2024-04-18,CUST1347,61.0,Male,West Bengal,East,Furniture,Desk,2,499,15,848.3,78.21,UPI
ORD03127,2025-10-19,CUST1100,31.0,Female,Tamil Nadu,South,Electronics,Phone,1,499,0,499.0,35.43,UPI
ORD03128,2025-10-21,CUST1906,39.0,Male,Karnataka,South,Furniture,Chair,8,7999,20,51193.6,14864.14,Cash
ORD03129,2024-02-14,CUST1226,46.0,Male,Gujarat,West,Electronics,Laptop,2,499,20,798.4,201.76,Card
ORD03130,2025-11-14,CUST1942,23.0,Female,Tamil Nadu,South,Furniture,Sofa,4,7999,10,28796.4,1735.57,UPI
ORD03131,2025-12-24,CUST1400,59.0,Female,Delhi,North,Furniture,Sofa,3,499,0,1497.0,361.72,Card
ORD03132,2024-08-08,CUST1401,35.0,Female,Delhi,North,Office Supplies,Pen,5,499,15,2120.75,80.41,Cash
ORD03133,2024-06-09,CUST1706,63.0,Male,Karnataka,South,Office Supplies,Printer Paper,7,7999,0,55993.0,2156.23,Card
ORD03134,2024-06-09,CUST1472,50.0,Male,Maharashtra,West,Electronics,Phone,7,14999,20,83994.4,2825.72,Net Banking
ORD03135,2024-08-11,CUST1040,18.0,Male,Odisha,East,Electronics,Laptop,4,499,20,1596.8,339.66,Card
ORD03136,2025-03-10,CUST1660,48.0,Female,Punjab,North,Electronics,Headphones,3,999,20,2397.6,493.45,Cash
ORD03137,2025-11-04,CUST1316,47.0,Male,Odisha,East,Furniture,Sofa,7,199,15,1184.05,9.47,UPI
ORD03138,2025-01-22,CUST1362,59.0,Female,Odisha,East,Furniture,Sofa,4,499,5,1896.2,377.55,Cash
ORD03139,2025-04-21,CUST1320,49.0,Male,Punjab,North,Furniture,Sofa,7,14999,5,99743.35,6634.32,Cash
ORD03140,2025-01-02,CUST1720,54.0,Female,Punjab,North,Electronics,Headphones,8,2499,20,15993.6,2976.68,Net Banking
ORD03141,2024-11-18,CUST1157,29.0,Female,Odisha,East,Electronics,Laptop,4,14999,5,56996.2,6081.28,Cash
ORD03142,2024-09-28,CUST1346,40.0,Female,West Bengal,East,Electronics,Laptop,3,499,5,1422.15,91.19,Cash
ORD03143,2024-10-06,CUST1071,36.0,Male,Tamil Nadu,South,Office Supplies,Notebook,4,2499,15,8496.6,803.99,Net Banking
ORD03144,2025-05-13,CUST1158,29.0,Male,West Bengal,East,Electronics,Laptop,8,199,20,1273.6,-29.14,Card
ORD03145,2024-06-19,CUST1621,58.0,Female,Delhi,North,Furniture,Sofa,3,999,5,2847.15,461.63,Card
ORD03146,2025-03-18,CUST1693,59.0,Female,Punjab,North,Office Supplies,Pen,3,7999,10,21597.3,-886.53,UPI
ORD03147,2025-09-30,CUST1024,21.0,Female,Punjab,North,Office Supplies,Notebook,5,2499,15,10620.75,1171.12,UPI
ORD03148,2025-07-29,CUST1227,45.0,Male,Odisha,East,Furniture,Desk,7,2499,20,13994.4,811.85,Cash
ORD03149,2024-12-09,CUST1593,29.0,Female,Tamil Nadu,South,Office Supplies,Notebook,6,14999,0,89994.0,12174.58,Net Banking
ORD03150,2024-05-26,CUST1335,,Male,Tamil Nadu,South,Electronics,Phone,7,7999,5,53193.35,1263.36,Net Banking
ORD03151,2024-10-03,CUST1478,29.0,Male,Tamil Nadu,South,Office Supplies,Pen,3,2499,0,7497.0,1534.48,UPI
ORD03152,2024-11-01,CUST1613,64.0,Female,Odisha,East,Furniture,Desk,7,199,0,1393.0,102.67,Card
ORD03153,2025-06-16,CUST1712,51.0,Female,Punjab,North,Office Supplies,Pen,3,7999,20,19197.6,1634.48,UPI
ORD03154,2025-06-16,CUST1980,45.0,Female,Odisha,East,Office Supplies,Pen,1,499,20,399.2,30.37,Net Banking
ORD03155,2024-08-21,CUST1712,59.0,Male,Delhi,North,Office Supplies,Pen,5,199,20,796.0,231.84,Card
ORD03156,2024-03-10,CUST1823,26.0,Male,Karnataka,South,Electronics,Phone,4,999,15,3396.6,330.45,Net Banking
ORD03157,2024-01-29,CUST1078,42.0,Male,Maharashtra,West,Office Supplies,Printer Paper,1,199,5,189.05,1.13,Card
ORD03158,2024-06-04,CUST1221,22.0,Male,West Bengal,East,Electronics,Laptop,3,499,20,1197.6,-18.21,UPI
ORD03159,2024-03-22,CUST1171,49.0,Male,Maharashtra,West,Office Supplies,Notebook,5,199,20,796.0,114.35,UPI
ORD03160,2024-04-25,CUST1187,57.0,Female,Karnataka,South,Office Supplies,Printer Paper,7,2499,5,16618.35,-627.55,Card
ORD03161,2025-08-12,CUST1714,62.0,Male,Karnataka,South,Office Supplies,Pen,8,14999,10,107992.8,9676.0,Card
ORD03162,2024-08-05,CUST1840,29.0,Female,Delhi,North,Office Supplies,Printer Paper,2,2499,15,4248.3,1079.44,Cash
ORD03163,2024-11-16,CUST1291,64.0,Female,Tamil Nadu,South,Electronics,Headphones,8,199,10,1432.8,386.28,Cash
ORD03164,2024-05-16,CUST1494,27.0,Male,Maharashtra,West,Electronics,Phone,1,14999,20,11999.2,1299.14,Card
ORD03165,2025-07-12,CUST1955,64.0,Male,West Bengal,East,Electronics,Headphones,4,14999,20,47996.8,-2237.39,Cash
ORD03166,2025-09-06,CUST1891,63.0,Male,Delhi,North,Electronics,Laptop,2,2499,0,4998.0,-206.15,UPI
ORD03167,2025-04-06,CUST1393,28.0,Female,West Bengal,East,Office Supplies,Notebook,3,14999,10,40497.3,624.3,UPI
ORD03168,2024-12-20,CUST1742,36.0,Male,Delhi,North,Electronics,Laptop,2,199,15,338.3,38.42,UPI
ORD03169,2025-06-01,CUST1113,25.0,Female,Tamil Nadu,South,Furniture,Sofa,1,199,0,199.0,17.97,Net Banking
ORD03170,2025-06-03,CUST1406,34.0,Male,Maharashtra,West,Office Supplies,Notebook,3,999,0,2997.0,199.55,Net Banking
ORD03171,2024-03-26,CUST1494,61.0,Female,Maharashtra,West,Electronics,Laptop,3,199,20,477.6,71.96,UPI
ORD03172,2024-10-14,CUST1798,22.0,Male,Punjab,North,Office Supplies,Notebook,6,499,0,2994.0,487.77,Cash
ORD03173,2024-06-16,CUST1560,36.0,Female,Punjab,North,Furniture,Desk,1,7999,10,7199.1,904.42,Net Banking
ORD03174,2024-02-20,CUST1751,18.0,Male,Maharashtra,West,Electronics,Phone,5,2499,15,10620.75,1736.39,Card
ORD03175,2024-08-25,CUST1329,38.0,Male,Gujarat,West,Furniture,Sofa,5,199,10,895.5,247.89,Card
ORD03176,2024-09-05,CUST1952,64.0,Male,Maharashtra,West,electronics,Chair,8,14999,20,95993.6,28189.99,UPI
ORD03177,2024-04-02,CUST1769,28.0,Male,Delhi,North,Office Supplies,Printer Paper,4,499,0,1996.0,152.4,UPI
ORD03178,2025-09-24,CUST1610,20.0,Female,West Bengal,East,Furniture,Chair,7,7999,0,55993.0,-1369.11,Card
ORD03179,2025-10-15,CUST1730,35.0,Female,Tamil Nadu,South,Electronics,Phone,6,199,0,1194.0,222.14,Card
ORD03180,2025-03-26,CUST1580,45.0,Female,Punjab,North,Electronics,Headphones,7,999,20,5594.4,408.81,UPI
ORD03181,2025-10-11,CUST1304,52.0,Male,Delhi,North,Furniture,Chair,8,14999,20,95993.6,-3951.68,UPI
ORD03182,2025-12-12,CUST1411,47.0,Female,Delhi,North,Electronics,Laptop,5,999,15,4245.75,530.49,Net Banking
ORD03183,2024-02-09,CUST1581,27.0,Male,Punjab,North,Electronics,Phone,7,14999,0,104993.0,-1705.96,Net Banking
ORD03184,2024-06-05,CUST1681,31.0,Male,Gujarat,West,Furniture,Chair,8,2499,0,19992.0,-97.41,Cash
ORD03185,2024-11-26,CUST1882,30.0,Male,West Bengal,East,Furniture,Desk,3,2499,15,6372.45,1146.99,Card
ORD03186,2025-05-25,CUST1178,47.0,Male,West Bengal,East,Office Supplies,Pen,8,499,10,3592.8,711.6,UPI
ORD03187,2025-09-19,CUST1248,54.0,Female,Tamil Nadu,South,Office Supplies,Pen,1,499,10,449.1,-17.74,Net Banking
ORD03188,2024-09-11,CUST1599,53.0,Male,Tamil Nadu,South,Furniture,Desk,5,999,5,4745.25,887.67,Cash
ORD03189,2025-07-20,CUST1426,60.0,Female,Gujarat,West,Electronics,Headphones,4,7999,0,31996.0,4593.85,Net Banking
ORD03190,2024-01-04,CUST1961,42.0,Male,Karnataka,South,Furniture,Chair,6,499,5,2844.3,710.82,Card
ORD03191,2025-12-08,CUST1898,26.0,Male,Punjab,North,Furniture,Chair,4,999,0,3996.0,-36.6,Cash
ORD03192,2024-06-24,CUST1818,51.0,Female,Maharashtra,West,Furniture,Sofa,6,499,15,2544.9,61.39,UPI
ORD03193,2025-01-06,CUST1818,63.0,Male,Karnataka,South,Furniture,Desk,1,999,10,899.1,38.86,Cash
ORD03194,2024-09-28,CUST1910,54.0,Female,Tamil Nadu,South,Furniture,Chair,2,199,0,398.0,45.18,Cash
ORD03195,2024-11-02,CUST1183,58.0,Female,Odisha,East,Office Supplies,Pen,3,199,20,477.6,64.96,Net Banking
ORD03196,2025-02-21,CUST1279,49.0,Male,Karnataka,South,Furniture,Chair,3,7999,0,23997.0,-166.64,Cash
ORD03197,2024-07-28,CUST1330,31.0,Female,Gujarat,West,Electronics,Headphones,8,499,10,3592.8,374.82,Cash
ORD03198,2024-09-24,CUST1377,59.0,Male,Punjab,North,Electronics,Laptop,1,2499,10,2249.1,524.79,UPI
ORD03199,2025-07-25,CUST1175,34.0,Female,Odisha,East,Office Supplies,Notebook,4,199,10,716.4,204.35,UPI
ORD03200,2024-11-03,CUST1925,33.0,Female,Delhi,North,Office Supplies,Printer Paper,2,499,10,898.2,82.25,Net Banking
ORD03201,2025-10-09,CUST1425,18.0,Female,Tamil Nadu,South,Electronics,Headphones,1,14999,0,14999.0,4084.54,Net Banking
ORD03202,2025-04-01,CUST1935,37.0,Male,Maharashtra,West,Office Supplies,Notebook,7,7999,15,47594.05,1657.27,UPI
ORD03203,2024-03-20,CUST1869,35.0,Female,Punjab,North,Office Supplies,Printer Paper,1,2499,10,2249.1,-105.41,Card
ORD03204,2024-07-14,CUST1083,44.0,Male,West Bengal,East,Electronics,Laptop,3,999,0,2997.0,-4.26,Card
ORD03205,2025-06-07,CUST1985,32.0,Male,West Bengal,East,Electronics,Phone,3,7999,20,19197.6,2676.08,Card
ORD03206,2024-05-24,CUST1380,20.0,Female,Karnataka,South,Office Supplies,Pen,2,999,20,1598.4,226.65,Net Banking
ORD03207,2024-10-19,CUST1086,35.0,Female,Gujarat,West,Office Supplies,Pen,3,199,0,597.0,105.41,UPI
ORD03208,2025-12-23,CUST1864,52.0,Female,Odisha,East,Electronics,Headphones,8,499,15,3393.2,31.74,Card
ORD03209,2025-09-06,CUST1279,47.0,Female,Odisha,East,Electronics,Headphones,6,14999,20,71995.2,14257.98,Net Banking
ORD03210,2024-11-17,CUST1510,48.0,Female,Maharashtra,West,Furniture,Sofa,3,7999,5,22797.15,-910.74,UPI
ORD03211,2025-08-23,CUST1223,56.0,Female,Gujarat,West,Furniture,Chair,8,999,0,7992.0,-286.7,Card
ORD03212,2025-03-20,CUST1759,19.0,Male,West Bengal,East,Furniture,Chair,1,499,10,449.1,130.5,Cash
ORD03213,2024-11-10,CUST1692,47.0,Female,Gujarat,West,Furniture,Sofa,1,7999,15,6799.15,163.3,Card
ORD03214,2024-05-12,CUST1398,28.0,Male,Gujarat,West,Electronics,Laptop,2,199,0,398.0,49.81,Net Banking
ORD03215,2024-10-27,CUST1062,50.0,Female,Odisha,East,Electronics,Headphones,1,499,10,449.1,31.81,UPI
ORD03216,2025-04-26,CUST1791,47.0,Female,Odisha,East,Furniture,Chair,6,499,10,2694.6,469.72,Card
ORD03217,2024-09-15,CUST1573,65.0,Female,Gujarat,West,Office Supplies,Pen,6,2499,5,14244.3,1709.95,UPI
ORD03218,2025-03-05,CUST1468,55.0,Male,West Bengal,East,Electronics,Laptop,6,14999,20,71995.2,17300.98,Card
ORD03219,2025-07-30,CUST1702,45.0,Female,Gujarat,West,Electronics,Laptop,8,7999,5,60792.4,10177.13,UPI
ORD03220,2025-11-11,CUST1529,39.0,Female,Tamil Nadu,South,Furniture,Desk,1,499,0,499.0,118.25,Card
ORD03221,2024-03-25,CUST1963,26.0,Female,Maharashtra,West,electronics,Headphones,5,199,10,895.5,133.99,UPI
ORD03222,2025-12-25,CUST1206,61.0,Female,Gujarat,West,Furniture,Desk,4,14999,20,47996.8,3323.68,Net Banking
ORD03223,2025-03-20,CUST1765,28.0,Male,Tamil Nadu,South,Electronics,Headphones,5,2499,0,12495.0,740.99,Cash
ORD03224,2025-02-21,CUST1078,22.0,Female,Punjab,North,Electronics,Laptop,7,499,5,3318.35,140.07,Net Banking
ORD03225,2025-09-09,CUST1914,30.0,Male,Tamil Nadu,South,Electronics,Headphones,3,14999,15,38247.45,10161.46,Card
ORD03226,2025-01-28,CUST1049,33.0,Male,West Bengal,East,Office Supplies,Printer Paper,2,2499,0,4998.0,1157.32,UPI
ORD03227,2025-10-30,CUST1823,45.0,Male,Punjab,North,Furniture,Desk,2,7999,10,14398.2,538.93,UPI
ORD03228,2024-06-11,CUST1700,22.0,Male,Delhi,North,Electronics,Laptop,8,7999,20,51193.6,-1694.62,UPI
ORD03229,2025-04-10,CUST1245,44.0,Female,Gujarat,West,Office Supplies,Printer Paper,7,2499,15,14869.05,3332.05,Net Banking
ORD03230,2024-08-01,CUST1256,50.0,Male,Gujarat,West,Furniture,Desk,5,999,20,3996.0,1038.84,Cash
ORD03231,2025-10-01,CUST1209,54.0,Female,West Bengal,East,Furniture,Sofa,2,199,0,398.0,-0.44,Cash
ORD03232,2024-03-25,CUST1210,41.0,Male,Karnataka,South,Electronics,Headphones,3,499,5,1422.15,22.76,Cash
ORD03233,2024-01-18,CUST1442,26.0,Female,Odisha,East,Office Supplies,Notebook,8,199,5,1512.4,123.69,Card
ORD03234,2024-10-31,CUST1313,50.0,Female,Gujarat,West,Furniture,Sofa,2,999,0,1998.0,422.02,Net Banking
ORD03235,2025-04-09,CUST1713,55.0,Female,Karnataka,South,Furniture,Desk,4,14999,10,53996.4,9790.41,UPI
ORD03236,2025-05-04,CUST1940,28.0,Female,Delhi,North,Office Supplies,Pen,1,2499,20,1999.2,128.98,UPI
ORD03237,2025-04-18,CUST1786,25.0,Male,Delhi,North,Electronics,Headphones,6,7999,20,38395.2,851.83,Cash
ORD03238,2024-11-03,CUST1850,56.0,Female,Tamil Nadu,South,Office Supplies,Printer Paper,2,7999,20,12798.4,3632.2,Card
ORD03239,2025-02-07,CUST1672,36.0,Female,Gujarat,West,Office Supplies,Printer Paper,2,14999,20,23998.4,1120.83,Net Banking
ORD03240,2025-01-14,CUST1173,37.0,Male,Odisha,East,Electronics,Laptop,1,199,10,179.1,-4.41,Net Banking
ORD03241,2025-04-26,CUST1780,49.0,Female,Gujarat,West,Furniture,Desk,8,199,0,1592.0,200.17,Card
ORD03242,2024-08-21,CUST1433,49.0,Male,Punjab,North,Furniture,Desk,1,14999,20,11999.2,2251.94,Cash
ORD03243,2025-04-17,CUST1495,63.0,Male,Delhi,North,Office Supplies,Printer Paper,1,199,10,179.1,32.8,Net Banking
ORD03244,2024-04-10,CUST1226,60.0,Female,Tamil Nadu,South,Office Supplies,Pen,1,14999,5,14249.05,-184.58,Card
ORD03245,2024-11-27,CUST1863,29.0,Female,Maharashtra,West,Office Supplies,Printer Paper,2,2499,10,4498.2,326.2,Cash
ORD03246,2025-05-16,CUST1703,50.0,Female,West Bengal,East,Office Supplies,Printer Paper,4,499,20,1596.8,341.8,Card
ORD03247,2024-04-22,CUST1709,38.0,Female,West Bengal,East,Furniture,Desk,2,999,10,1798.2,377.53,Net Banking
ORD03248,2024-09-01,CUST1397,34.0,Female,Maharashtra,West,Furniture,Desk,5,199,20,796.0,26.93,Card
ORD03249,2025-08-24,CUST1342,44.0,Male,Odisha,East,Furniture,Chair,7,199,0,1393.0,37.16,UPI
ORD03250,2024-03-09,CUST1607,26.0,Male,Tamil Nadu,South,Furniture,Chair,3,999,15,2547.45,413.83,UPI
ORD03251,2025-06-22,CUST1493,54.0,Female,Gujarat,West,Office Supplies,Pen,7,7999,15,47594.05,6839.56,UPI
ORD03252,2024-09-23,CUST1725,31.0,Female,Punjab,North,Electronics,Laptop,6,499,15,2544.9,431.21,UPI
ORD03253,2024-01-05,CUST1963,25.0,Male,Tamil Nadu,South,Office Supplies,Printer Paper,2,2499,10,4498.2,-15.29,Net Banking
ORD03254,2024-04-20,CUST1771,56.0,Male,Odisha,East,Office Supplies,Printer Paper,1,199,15,169.15,14.66,Net Banking
ORD03255,2024-08-19,CUST1831,42.0,Male,Tamil Nadu,South,Office Supplies,Printer Paper,1,7999,10,7199.1,1321.57,Net Banking
ORD03256,2024-07-30,CUST1656,65.0,Female,Karnataka,South,Electronics,Laptop,7,499,10,3143.7,301.83,Net Banking
ORD03257,2024-03-07,CUST1001,37.0,Male,Gujarat,West,Furniture,Sofa,5,499,20,1996.0,264.06,Card
ORD03258,2025-06-20,CUST1178,63.0,Female,Karnataka,South,Furniture,Chair,1,499,5,474.05,27.49,Cash
ORD03259,2025-02-27,CUST1082,25.0,Male,Maharashtra,West,Office Supplies,Pen,3,14999,5,42747.15,9638.04,Card
ORD03260,2025-11-08,CUST1068,53.0,Female,Karnataka,South,Office Supplies,Pen,6,7999,15,40794.9,11761.34,UPI
ORD03261,2025-09-09,CUST1030,31.0,Female,Delhi,North,Electronics,Headphones,3,7999,0,23997.0,2719.38,Net Banking
ORD03262,2025-10-27,CUST1252,28.0,Female,Gujarat,West,Electronics,Phone,5,2499,5,11870.25,1513.35,Cash
ORD03263,2024-06-26,CUST1683,60.0,Female,Odisha,East,Electronics,Laptop,4,14999,15,50996.6,8357.77,Card
ORD03264,2024-04-20,CUST1675,30.0,Male,Tamil Nadu,South,Furniture,Chair,6,14999,5,85494.3,15662.82,Cash
ORD03265,2025-08-19,CUST1646,39.0,Male,West Bengal,East,Office Supplies,Pen,6,2499,15,12744.9,3067.23,UPI
ORD03266,2024-03-09,CUST1128,62.0,Female,Punjab,North,Furniture,Sofa,8,7999,0,63992.0,7015.34,Cash
ORD03267,2025-09-05,CUST1979,50.0,Male,Tamil Nadu,South,Office Supplies,Pen,2,7999,10,14398.2,86.26,UPI
ORD03268,2025-02-27,CUST1274,54.0,Male,Delhi,North,Furniture,Chair,5,7999,15,33995.75,3555.99,UPI
ORD03269,2024-06-19,CUST1981,26.0,Female,Maharashtra,West,Furniture,Desk,8,2499,10,17992.8,-32.69,Card
ORD03270,2024-09-26,CUST1594,36.0,Male,Odisha,East,Office Supplies,Printer Paper,1,499,20,399.2,22.64,Cash
ORD03271,2025-07-02,CUST1864,45.0,Female,Odisha,East,Furniture,Desk,7,199,5,1323.35,359.28,Cash
ORD03272,2025-02-13,CUST1762,46.0,Male,Delhi,North,Office Supplies,Printer Paper,2,14999,10,26998.2,4266.21,UPI
ORD03273,2024-10-18,CUST1089,27.0,Female,Tamil Nadu,South,Office Supplies,Notebook,7,199,0,1393.0,212.73,Card
ORD03274,2025-12-23,CUST1543,49.0,Male,Gujarat,West,Electronics,Headphones,6,14999,5,85494.3,7986.61,Net Banking
ORD03275,2025-07-16,CUST1102,22.0,Male,Karnataka,South,Office Supplies,Notebook,1,499,5,474.05,67.65,Card
ORD03276,2024-07-23,CUST1662,46.0,Male,Gujarat,West,Furniture,Desk,4,2499,5,9496.2,2663.59,Cash
ORD03277,2024-04-13,CUST1593,58.0,Male,West Bengal,East,Furniture,Desk,7,2499,0,17493.0,1941.73,Cash
ORD03278,2024-02-04,CUST1325,34.0,Female,Gujarat,West,Furniture,Desk,4,7999,15,27196.6,3296.0,Net Banking
ORD03279,2024-12-15,CUST1277,45.0,Female,Karnataka,South,Electronics,Phone,5,14999,20,59996.0,-2881.42,UPI
ORD03280,2024-06-13,CUST1338,31.0,Male,Punjab,North,Office Supplies,Printer Paper,7,7999,0,55993.0,-1660.38,UPI
ORD03281,2024-02-19,CUST1702,20.0,Female,Tamil Nadu,South,Furniture,Chair,6,999,15,5094.9,1131.45,Card
ORD03282,2025-04-23,CUST1787,64.0,Male,West Bengal,East,Electronics,Phone,7,199,10,1253.7,204.28,Card
ORD03283,2025-06-02,CUST1960,38.0,Female,Delhi,North,Office Supplies,Printer Paper,1,199,15,169.15,3.95,Net Banking
ORD03284,2025-08-09,CUST1237,54.0,Male,Maharashtra,West,Office Supplies,Pen,8,999,5,7592.4,1864.63,Cash
ORD03285,2025-06-20,CUST1224,27.0,Male,Delhi,North,Electronics,Headphones,6,7999,15,40794.9,5068.11,UPI
ORD03286,2024-03-10,CUST1106,23.0,Male,Punjab,North,Furniture,Chair,5,14999,5,71245.25,5376.28,UPI
ORD03287,2024-07-04,CUST1321,54.0,Female,Odisha,East,Office Supplies,Notebook,5,499,20,1996.0,97.69,Card
ORD03288,2025-02-02,CUST1873,45.0,Male,Karnataka,South,Electronics,Headphones,8,14999,15,101993.2,30143.06,Net Banking
ORD03289,2025-04-26,CUST1563,31.0,Female,Tamil Nadu,South,Electronics,Laptop,5,199,5,945.25,139.39,Cash
ORD03290,2024-06-13,CUST1707,54.0,Male,West Bengal,East,Electronics,Headphones,2,7999,5,15198.1,1407.55,Net Banking
ORD03291,2025-04-28,CUST1125,40.0,Female,Delhi,North,Furniture,Desk,4,7999,5,30396.2,7815.17,Card
ORD03292,2024-02-27,CUST1349,46.0,Female,West Bengal,East,Electronics,Laptop,2,199,15,338.3,43.4,Net Banking
ORD03293,2024-05-18,CUST1781,20.0,Male,Gujarat,West,Electronics,Headphones,3,14999,20,35997.6,5163.32,Card
ORD03294,2024-07-09,CUST1243,61.0,Male,Tamil Nadu,South,Furniture,Desk,5,199,10,895.5,113.03,UPI
ORD03295,2025-10-20,CUST1173,35.0,Female,Maharashtra,West,Furniture,Desk,8,7999,15,54393.2,-610.97,UPI
ORD03296,2025-02-28,CUST1488,34.0,Female,Gujarat,West,Furniture,Desk,2,499,15,848.3,41.25,Card
ORD03297,2024-11-03,CUST1995,37.0,Male,Odisha,East,Electronics,Phone,6,499,10,2694.6,283.45,Cash
ORD03298,2025-01-09,CUST1971,24.0,Male,Tamil Nadu,South,Office Supplies,Printer Paper,1,14999,0,14999.0,3535.72,Card
ORD03299,2025-04-15,CUST1438,36.0,Female,Odisha,East,Furniture,Chair,4,7999,10,28796.4,-688.27,Net Banking
ORD03300,2025-07-11,CUST1207,50.0,Male,Punjab,North,Electronics,Headphones,7,7999,0,55993.0,16220.85,Card
ORD03301,2025-03-14,CUST1052,33.0,Female,Tamil Nadu,South,Furniture,Desk,1,499,15,424.15,26.3,Cash
ORD03302,2024-11-03,CUST1638,41.0,Male,Maharashtra,West,Office Supplies,Notebook,4,7999,20,25596.8,70.53,Cash
ORD03303,2025-06-27,CUST1961,58.0,Male,Odisha,East,Electronics,Phone,2,999,10,1798.2,364.79,Net Banking
ORD03304,2025-01-21,CUST1112,60.0,Female,Karnataka,South,Office Supplies,Notebook,3,999,5,2847.15,320.01,UPI
ORD03305,2024-08-08,CUST1647,48.0,Male,Gujarat,West,Office Supplies,Pen,8,2499,5,18992.4,5383.13,UPI
ORD03306,2024-04-08,CUST1584,30.0,Male,Odisha,East,Furniture,Sofa,8,14999,5,113992.4,10786.29,UPI
ORD03307,2025-12-14,CUST1000,43.0,Male,Tamil Nadu,South,Electronics,Headphones,3,14999,5,42747.15,-50.26,Cash
ORD03308,2024-03-06,CUST1863,52.0,Male,Tamil Nadu,South,Office Supplies,Notebook,6,999,10,5394.6,425.2,Cash
ORD03309,2024-01-29,CUST1207,28.0,Male,Karnataka,South,Furniture,Chair,1,499,10,449.1,40.79,Net Banking
ORD03310,2025-04-02,CUST1593,52.0,Female,Maharashtra,West,Furniture,Sofa,5,7999,0,39995.0,2316.63,Cash
ORD03311,2024-05-31,CUST1798,65.0,Female,Maharashtra,West,Furniture,Sofa,7,14999,5,99743.35,-1762.22,Card
ORD03312,2024-08-03,CUST1305,46.0,Female,Maharashtra,West,Office Supplies,Pen,6,2499,10,13494.6,3861.42,Card
ORD03313,2025-06-17,CUST1612,59.0,Female,Karnataka,South,Electronics,Headphones,3,999,20,2397.6,248.82,Net Banking
ORD03314,2025-07-21,CUST1300,42.0,Male,Maharashtra,West,Furniture,Chair,2,2499,5,4748.1,168.23,Card
ORD03315,2024-07-31,CUST1717,43.0,Female,Maharashtra,West,Office Supplies,Pen,3,7999,0,23997.0,779.08,Card
ORD03316,2024-09-02,CUST1260,59.0,Male,Odisha,East,Furniture,Sofa,2,14999,0,29998.0,3047.42,Card
ORD03317,2025-01-19,CUST1441,29.0,Male,Karnataka,South,Electronics,Headphones,2,2499,15,4248.3,136.81,Cash
ORD03318,2025-04-09,CUST1630,42.0,Male,Odisha,East,Furniture,Chair,5,199,20,796.0,137.3,UPI
ORD03319,2024-03-22,CUST1037,42.0,Female,West Bengal,East,Electronics,Headphones,1,7999,10,7199.1,968.04,Card
ORD03320,2024-04-16,CUST1452,34.0,Female,Delhi,North,Furniture,Chair,5,2499,20,9996.0,-438.27,UPI
ORD03321,2025-10-03,CUST1503,52.0,Female,Punjab,North,Electronics,Phone,5,199,0,995.0,95.27,Cash
ORD03322,2025-11-30,CUST1280,27.0,Male,Maharashtra,West,Electronics,Laptop,7,999,0,6993.0,1791.59,UPI
ORD03323,2025-10-19,CUST1947,18.0,Female,Odisha,East,Office Supplies,Pen,1,2499,0,2499.0,574.99,UPI
ORD03324,2025-03-20,CUST1455,24.0,Female,West Bengal,East,Electronics,Laptop,1,999,0,999.0,243.94,Cash
ORD03325,2025-08-11,CUST1778,38.0,Female,Karnataka,South,Office Supplies,Notebook,2,2499,0,4998.0,195.69,Cash
ORD03326,2024-01-06,CUST1840,29.0,Male,Delhi,North,Office Supplies,Printer Paper,3,999,20,2397.6,29.3,Cash
ORD03327,2025-02-05,CUST1560,18.0,Male,Karnataka,South,Office Supplies,Printer Paper,6,499,0,2994.0,735.51,UPI
ORD03328,2024-08-21,CUST1729,26.0,Female,Gujarat,West,Electronics,Phone,1,999,0,999.0,116.91,Card
ORD03329,2024-06-21,CUST1498,34.0,Female,Tamil Nadu,South,Electronics,Laptop,4,14999,5,56996.2,4438.93,UPI
ORD03330,2025-02-06,CUST1363,34.0,Male,Karnataka,South,Office Supplies,Pen,5,199,5,945.25,112.15,Cash
ORD03331,2025-06-19,CUST1420,58.0,Female,Tamil Nadu,South,Office Supplies,Printer Paper,1,499,5,474.05,139.78,Card
ORD03332,2024-01-21,CUST1340,21.0,Female,Odisha,East,Office Supplies,Notebook,3,7999,0,23997.0,3128.48,Net Banking
ORD03333,2024-08-04,CUST1477,49.0,Male,Punjab,North,Office Supplies,Notebook,6,199,20,955.2,-5.88,Card
ORD03334,2024-08-25,CUST1581,24.0,Male,Delhi,North,Furniture,Desk,5,999,15,4245.75,638.29,Net Banking
ORD03335,2024-12-31,CUST1403,51.0,Female,Punjab,North,Furniture,Sofa,1,199,5,189.05,37.53,Net Banking
ORD03336,2025-01-21,CUST1968,18.0,Female,Odisha,East,Electronics,Phone,5,999,20,3996.0,329.38,UPI
ORD03337,2024-05-31,CUST1006,53.0,Male,Tamil Nadu,South,Furniture,Sofa,1,999,15,849.15,35.8,Card
ORD03338,2024-05-15,CUST1809,52.0,Female,Tamil Nadu,South,Office Supplies,Printer Paper,4,7999,5,30396.2,2263.2,Card
ORD03339,2025-02-09,CUST1622,63.0,Female,West Bengal,East,Office Supplies,Notebook,6,199,15,1014.9,-44.27,Net Banking
ORD03340,2025-07-26,CUST1957,21.0,Male,Gujarat,West,Electronics,Headphones,7,2499,20,13994.4,719.09,Card
ORD03341,2025-10-25,CUST1566,22.0,Male,Maharashtra,West,Furniture,Desk,2,2499,10,4498.2,10.41,Cash
ORD03342,2025-09-19,CUST1225,18.0,Male,Tamil Nadu,South,Furniture,Desk,3,7999,20,19197.6,585.78,Cash
ORD03343,2024-12-20,CUST1192,29.0,Female,Tamil Nadu,South,Electronics,Headphones,7,199,20,1114.4,199.16,UPI
ORD03344,2024-11-07,CUST1466,39.0,Female,West Bengal,East,Electronics,Laptop,5,7999,20,31996.0,3874.47,Net Banking
ORD03345,2025-03-03,CUST1469,52.0,Male,Tamil Nadu,South,Furniture,Chair,5,7999,20,31996.0,-1153.52,Cash
ORD03346,2024-04-06,CUST1798,,Male,Odisha,East,Furniture,Sofa,8,2499,5,18992.4,3102.59,Cash
ORD03347,2024-02-22,CUST1531,65.0,Male,Punjab,North,Furniture,Chair,7,7999,20,44794.4,-725.68,Cash
ORD03348,2025-12-31,CUST1933,28.0,Male,Punjab,North,Furniture,Desk,5,499,0,2495.0,289.0,Net Banking
ORD03349,2024-11-23,CUST1518,47.0,Male,Maharashtra,West,Office Supplies,Printer Paper,7,7999,20,44794.4,-658.31,UPI
ORD03350,2024-12-05,CUST1450,53.0,Female,Maharashtra,West,Furniture,Chair,2,199,10,358.2,49.54,Net Banking
ORD03351,2024-03-09,CUST1566,27.0,Male,Delhi,North,Furniture,Desk,8,14999,5,113992.4,16212.67,UPI
ORD03352,2025-02-18,CUST1026,58.0,Female,Gujarat,West,Office Supplies,Notebook,5,7999,20,31996.0,-883.3,Card
ORD03353,2024-10-11,CUST1219,47.0,Female,Odisha,East,Furniture,Chair,8,14999,5,113992.4,-3237.49,UPI
ORD03354,2024-05-06,CUST1445,57.0,Female,Punjab,North,Furniture,Sofa,7,2499,0,17493.0,2144.07,Cash
ORD03355,2024-10-05,CUST1037,46.0,Female,Punjab,North,Office Supplies,Pen,1,199,0,199.0,42.03,Net Banking
ORD03356,2024-02-11,CUST1455,56.0,Female,Delhi,North,Electronics,Laptop,1,14999,15,12749.15,756.31,UPI
ORD03357,2024-07-30,CUST1760,35.0,Female,Maharashtra,West,Electronics,Headphones,6,14999,10,80994.6,312.16,Net Banking
ORD03358,2025-02-21,CUST1646,38.0,Female,Tamil Nadu,South,Electronics,Headphones,8,14999,5,113992.4,26714.89,Net Banking
ORD03359,2024-03-02,CUST1859,62.0,Female,Odisha,East,Office Supplies,Printer Paper,4,14999,15,50996.6,13688.77,UPI
ORD03360,2025-07-25,CUST1331,30.0,Female,Tamil Nadu,South,Office Supplies,Printer Paper,1,2499,15,2124.15,235.48,Card
ORD03361,2024-06-10,CUST1358,42.0,Male,Punjab,North,Furniture,Chair,1,999,0,999.0,286.77,Card
ORD03362,2025-04-21,CUST1360,27.0,Female,West Bengal,East,Electronics,Laptop,7,14999,15,89244.05,21985.53,Card
ORD03363,2024-11-29,CUST1009,44.0,Female,Maharashtra,West,Electronics,Phone,8,199,15,1353.2,135.98,UPI
ORD03364,2025-07-14,CUST1644,24.0,Female,Maharashtra,West,Office Supplies,Printer Paper,1,14999,10,13499.1,320.34,Net Banking
ORD03365,2024-11-15,CUST1252,22.0,Female,Gujarat,West,Electronics,Laptop,8,199,5,1512.4,315.16,UPI
ORD03366,2025-03-04,CUST1055,36.0,Female,Punjab,North,Office Supplies,Pen,7,999,15,5944.05,-34.84,Net Banking
ORD03367,2024-04-20,CUST1327,63.0,Female,Karnataka,South,Office Supplies,Notebook,7,7999,0,55993.0,4858.7,Card
ORD03368,2025-04-27,CUST1231,23.0,Male,Tamil Nadu,South,Electronics,Laptop,5,199,20,796.0,202.82,UPI
ORD03369,2024-01-05,CUST1332,32.0,Male,Punjab,North,Furniture,Desk,7,2499,10,15743.7,791.44,Cash
ORD03370,2024-06-19,CUST1967,50.0,Female,Karnataka,South,Office Supplies,Pen,5,499,10,2245.5,63.51,Card
ORD03371,2024-12-06,CUST1463,32.0,Male,Maharashtra,West,Furniture,Sofa,2,499,20,798.4,-30.97,Card
ORD03372,2025-01-16,CUST1136,44.0,Male,Tamil Nadu,South,Furniture,Sofa,7,999,10,6293.7,417.19,Cash
ORD03373,2024-01-09,CUST1372,28.0,Female,Delhi,North,Furniture,Chair,6,14999,10,80994.6,23781.8,Card
ORD03374,2025-11-20,CUST1600,55.0,Female,Gujarat,West,Furniture,Desk,2,499,5,948.1,66.64,UPI
ORD03375,2024-02-05,CUST1392,59.0,Male,Odisha,East,Office Supplies,Notebook,7,499,10,3143.7,316.92,Cash
ORD03376,2025-01-06,CUST1077,55.0,Male,West Bengal,East,Furniture,Chair,8,7999,15,54393.2,10507.43,Net Banking
ORD03377,2024-09-14,CUST1826,39.0,Male,Odisha,East,Electronics,Laptop,3,2499,5,7122.15,309.75,Card
ORD03378,2024-04-01,CUST1406,35.0,Female,Gujarat,West,Office Supplies,Notebook,2,499,10,898.2,86.14,Card
ORD03379,2024-05-10,CUST1867,61.0,Female,West Bengal,East,Office Supplies,Pen,6,499,5,2844.3,666.54,Net Banking
ORD03380,2025-03-29,CUST1074,57.0,Female,Delhi,North,Electronics,Laptop,5,7999,0,39995.0,349.49,Card
ORD03381,2025-05-14,CUST1772,56.0,Male,West Bengal,East,Furniture,Desk,2,499,15,848.3,110.59,Card
ORD03382,2024-05-03,CUST1274,19.0,Male,Delhi,North,Furniture,Sofa,1,999,20,799.2,-28.27,UPI
ORD03383,2025-12-28,CUST1226,39.0,Female,West Bengal,East,Furniture,Chair,2,14999,0,29998.0,2060.45,Card
ORD03384,2025-03-04,CUST1022,26.0,Male,Karnataka,South,Electronics,Laptop,2,2499,15,4248.3,632.74,UPI
ORD03385,2025-12-23,CUST1701,64.0,Female,Odisha,East,electronics,Desk,5,499,20,1996.0,-19.63,UPI
ORD03386,2024-09-26,CUST1598,62.0,Female,Maharashtra,West,Electronics,Phone,5,7999,20,31996.0,7623.19,Card
ORD03387,2024-09-22,CUST1762,45.0,Female,Tamil Nadu,South,Electronics,Headphones,3,199,5,567.15,16.13,Net Banking
ORD03388,2025-06-08,CUST1646,24.0,Male,Odisha,East,Office Supplies,Notebook,7,2499,10,15743.7,1918.2,Card
ORD03389,2025-02-09,CUST1297,59.0,Male,Odisha,East,Electronics,Phone,4,7999,20,25596.8,4771.1,Net Banking
ORD03390,2024-07-13,CUST1813,26.0,Male,Odisha,East,Electronics,Headphones,7,499,20,2794.4,718.52,UPI
ORD03391,2024-07-09,CUST1423,24.0,Male,Punjab,North,Electronics,Phone,8,2499,10,17992.8,-307.52,Cash
ORD03392,2025-12-05,CUST1330,50.0,Male,Odisha,East,Furniture,Desk,7,199,20,1114.4,235.2,UPI
ORD03393,2025-11-22,CUST1654,48.0,Female,West Bengal,East,Office Supplies,Notebook,6,999,10,5394.6,1317.04,Card
ORD03394,2024-07-01,CUST1379,60.0,Female,Karnataka,South,Furniture,Sofa,7,999,15,5944.05,978.56,UPI
ORD03395,2024-03-25,CUST1825,29.0,Female,Gujarat,West,Office Supplies,Notebook,3,499,15,1272.45,176.37,Cash
ORD03396,2024-12-18,CUST1988,39.0,Female,Tamil Nadu,South,Electronics,Headphones,4,7999,20,25596.8,5024.68,Card
ORD03397,2024-01-28,CUST1430,26.0,Female,Karnataka,South,Office Supplies,Notebook,2,2499,15,4248.3,-92.47,Cash
ORD03398,2025-01-08,CUST1682,31.0,Female,Delhi,North,Office Supplies,Pen,5,999,15,4245.75,119.41,Card
ORD03399,2024-09-01,CUST1753,62.0,Male,West Bengal,East,Office Supplies,Notebook,1,14999,5,14249.05,216.55,Net Banking
ORD03400,2024-09-20,CUST1481,48.0,Male,Gujarat,West,Office Supplies,Printer Paper,1,2499,15,2124.15,369.4,Card
ORD03401,2024-09-13,CUST1252,65.0,Female,Delhi,North,Office Supplies,Notebook,5,199,20,796.0,24.41,UPI
ORD03402,2024-12-20,CUST1659,32.0,Male,Maharashtra,West,Electronics,Headphones,8,2499,15,16993.2,3824.27,Cash
ORD03403,2024-05-11,CUST1368,49.0,Female,Karnataka,South,Furniture,Chair,4,7999,5,30396.2,-94.95,Net Banking
ORD03404,2024-04-19,CUST1674,51.0,Female,Tamil Nadu,South,Furniture,Desk,6,2499,10,13494.6,-448.49,UPI
ORD03405,2025-01-22,CUST1194,51.0,Male,Delhi,North,Furniture,Sofa,5,2499,0,12495.0,369.18,Net Banking
ORD03406,2025-10-02,CUST1708,55.0,Male,Gujarat,West,Electronics,Laptop,5,2499,10,11245.5,2980.91,Cash
ORD03407,2024-06-30,CUST1538,39.0,Male,Odisha,East,Furniture,Chair,7,7999,5,53193.35,10046.33,UPI
ORD03408,2025-12-21,CUST1660,48.0,Female,Delhi,North,Furniture,Desk,7,199,15,1184.05,236.15,Net Banking
ORD03409,2025-03-20,CUST1220,63.0,Female,Gujarat,West,Office Supplies,Printer Paper,2,7999,20,12798.4,1674.97,Card
ORD03410,2025-08-22,CUST1138,63.0,Male,Tamil Nadu,South,Office Supplies,Printer Paper,5,14999,10,67495.5,19732.29,Card
ORD03411,2024-10-14,CUST1471,31.0,Female,Odisha,East,Electronics,Laptop,6,14999,0,89994.0,-1747.27,Net Banking
ORD03412,2024-12-27,CUST1299,54.0,Female,Maharashtra,West,Furniture,Sofa,4,7999,20,25596.8,2116.23,Net Banking
ORD03413,2025-10-22,CUST1126,19.0,Male,Punjab,North,Office Supplies,Printer Paper,3,499,0,1497.0,-51.8,Card
ORD03414,2024-11-23,CUST1087,38.0,Female,West Bengal,East,Office Supplies,Pen,7,7999,0,55993.0,4943.59,Cash
ORD03415,2025-10-09,CUST1714,60.0,Male,West Bengal,East,Furniture,Sofa,1,7999,15,6799.15,719.74,Card
ORD03416,2024-06-27,CUST1495,61.0,Female,Punjab,North,Office Supplies,Pen,8,499,10,3592.8,17.31,Net Banking
ORD03417,2024-07-22,CUST1873,20.0,Female,Gujarat,West,Office Supplies,Printer Paper,3,7999,10,21597.3,5089.17,Card
ORD03418,2025-10-30,CUST1222,34.0,Male,Maharashtra,West,Office Supplies,Pen,3,14999,10,40497.3,-1118.49,UPI
ORD03419,2025-05-24,CUST1454,31.0,Female,West Bengal,East,Furniture,Desk,6,14999,15,76494.9,14376.91,UPI
ORD03420,2024-01-10,CUST1306,63.0,Female,Gujarat,West,Office Supplies,Pen,6,199,5,1134.3,207.54,Card
ORD03421,2024-01-31,CUST1978,44.0,Male,West Bengal,East,Furniture,Desk,2,14999,5,28498.1,7227.35,Card
ORD03422,2024-10-06,CUST1485,27.0,Male,Gujarat,West,Furniture,Desk,7,7999,15,47594.05,11488.43,Net Banking
ORD03423,2024-09-07,CUST1801,65.0,Male,Delhi,North,Furniture,Chair,6,2499,15,12744.9,1595.13,UPI
ORD03424,2024-11-29,CUST1544,46.0,Female,Tamil Nadu,South,Electronics,Phone,6,14999,5,85494.3,22164.57,Net Banking
ORD03425,2025-11-08,CUST1511,29.0,Male,Tamil Nadu,South,Office Supplies,Notebook,8,7999,0,63992.0,13511.35,Cash
ORD03426,2025-01-22,CUST1090,34.0,Male,Gujarat,West,Furniture,Sofa,7,14999,0,104993.0,1490.36,Net Banking
ORD03427,2024-11-01,CUST1261,32.0,Male,Karnataka,South,Office Supplies,Pen,3,2499,10,6747.3,594.18,Cash
ORD03428,2024-07-24,CUST1399,27.0,Male,Punjab,North,Furniture,Desk,4,199,0,796.0,141.83,Card
ORD03429,2025-12-30,CUST1867,59.0,Male,West Bengal,East,Furniture,Desk,1,2499,20,1999.2,223.53,Cash
ORD03430,2025-11-17,CUST1646,33.0,Female,Delhi,North,Electronics,Headphones,6,499,15,2544.9,539.57,Cash
ORD03431,2025-04-16,CUST1480,62.0,Male,Tamil Nadu,South,Office Supplies,Notebook,6,7999,20,38395.2,3355.68,Cash
ORD03432,2025-12-11,CUST1601,56.0,Female,Odisha,East,Office Supplies,Printer Paper,1,2499,0,2499.0,737.18,Card
ORD03433,2024-05-10,CUST1587,33.0,Male,Odisha,East,Office Supplies,Printer Paper,3,2499,0,7497.0,-244.63,Card
ORD03434,2024-06-09,CUST1065,33.0,Female,Karnataka,South,Furniture,Sofa,4,2499,10,8996.4,874.83,Cash
ORD03435,2024-03-10,CUST1538,35.0,Male,Punjab,North,Furniture,Desk,2,14999,5,28498.1,5974.55,Cash
ORD03436,2025-09-06,CUST1160,27.0,Male,Punjab,North,Furniture,Chair,8,2499,10,17992.8,1216.29,Cash
ORD03437,2025-03-23,CUST1199,18.0,Male,West Bengal,East,Office Supplies,Printer Paper,6,7999,15,40794.9,7500.69,UPI
ORD03438,2025-05-24,CUST1106,41.0,Male,Karnataka,South,Electronics,Phone,3,7999,15,20397.45,2743.55,Cash
ORD03439,2025-05-25,CUST1272,44.0,Female,Gujarat,West,Furniture,Chair,7,7999,10,50393.7,12481.13,Cash
ORD03440,2024-01-11,CUST1945,25.0,Female,West Bengal,East,Furniture,Sofa,3,7999,5,22797.15,-320.35,Card
ORD03441,2024-12-12,CUST1555,25.0,Male,Punjab,North,Furniture,Desk,5,999,0,4995.0,1056.5,Cash
ORD03442,2024-09-23,CUST1259,49.0,Female,Delhi,North,Electronics,Headphones,7,2499,20,13994.4,1709.25,Card
ORD03443,2025-10-11,CUST1302,42.0,Female,Tamil Nadu,South,Office Supplies,Printer Paper,7,2499,5,16618.35,3997.16,UPI
ORD03444,2024-08-22,CUST1203,48.0,Male,Karnataka,South,Furniture,Desk,8,999,20,6393.6,594.27,UPI
ORD03445,2025-05-11,CUST1297,31.0,Female,Maharashtra,West,Office Supplies,Notebook,2,999,0,1998.0,26.9,UPI
ORD03446,2024-11-23,CUST1930,58.0,Male,Odisha,East,Electronics,Phone,3,199,20,477.6,24.56,Cash
ORD03447,2025-09-01,CUST1077,35.0,Female,Maharashtra,West,Furniture,Chair,8,14999,20,95993.6,9548.83,Net Banking
ORD03448,2024-11-20,CUST1594,25.0,Male,Maharashtra,West,Furniture,Desk,1,7999,20,6399.2,1362.24,Net Banking
ORD03449,2025-03-27,CUST1661,51.0,Female,Odisha,East,Office Supplies,Notebook,7,2499,10,15743.7,342.35,Net Banking
ORD03450,2025-10-08,CUST1626,52.0,Female,Odisha,East,Office Supplies,Pen,8,199,5,1512.4,-15.68,Cash
ORD03451,2025-05-05,CUST1256,48.0,Female,Odisha,East,Electronics,Phone,4,7999,10,28796.4,385.34,Net Banking
ORD03452,2024-10-07,CUST1527,47.0,Female,West Bengal,East,Furniture,Sofa,3,199,5,567.15,15.76,Cash
ORD03453,2025-11-15,CUST1550,32.0,Male,Maharashtra,West,Office Supplies,Notebook,8,999,10,7192.8,880.91,UPI
ORD03454,2024-04-26,CUST1448,32.0,Female,Delhi,North,Electronics,Phone,1,999,10,899.1,65.4,Cash
ORD03455,2024-07-08,CUST1297,44.0,Male,Odisha,East,Electronics,Phone,2,7999,5,15198.1,714.88,Net Banking
ORD03456,2025-02-20,CUST1344,33.0,Male,Delhi,North,Electronics,Headphones,4,499,0,1996.0,441.46,Cash
ORD03457,2025-02-09,CUST1830,28.0,Male,Tamil Nadu,South,Office Supplies,Pen,6,7999,20,38395.2,-1649.16,Card
ORD03458,2025-05-31,CUST1667,53.0,Male,Maharashtra,West,Office Supplies,Pen,8,14999,10,107992.8,18522.16,Net Banking
ORD03459,2025-08-17,CUST1656,50.0,Male,Tamil Nadu,South,Furniture,Chair,1,7999,15,6799.15,744.37,Net Banking
ORD03460,2025-05-30,CUST1829,38.0,Female,Gujarat,West,Electronics,Headphones,8,14999,20,95993.6,28655.91,Card
ORD03461,2024-06-09,CUST1967,57.0,Male,Punjab,North,Furniture,Desk,1,2499,5,2374.05,380.35,Card
ORD03462,2024-05-31,CUST1459,51.0,Male,Punjab,North,Office Supplies,Notebook,3,14999,5,42747.15,3918.48,Cash
ORD03463,2024-12-25,CUST1435,49.0,Male,Odisha,East,Electronics,Laptop,6,7999,10,43194.6,7980.16,Card
ORD03464,2024-11-19,CUST1566,23.0,Female,Gujarat,West,Furniture,Chair,8,499,10,3592.8,828.29,Card
ORD03465,2025-01-08,CUST1200,65.0,Female,West Bengal,East,Furniture,Desk,6,499,20,2395.2,556.27,Cash
ORD03466,2025-04-09,CUST1758,62.0,Male,Maharashtra,West,Furniture,Sofa,4,7999,10,28796.4,-1104.83,Cash
ORD03467,2024-05-11,CUST1547,24.0,Female,Delhi,North,Electronics,Phone,7,2499,5,16618.35,-453.86,Net Banking
ORD03468,2025-08-05,CUST1898,53.0,Male,Tamil Nadu,South,Electronics,Laptop,8,7999,10,57592.8,1643.59,Card
ORD03469,2024-01-03,CUST1891,45.0,Male,West Bengal,East,Furniture,Chair,4,2499,0,9996.0,1177.58,Card
ORD03470,2025-03-11,CUST1797,51.0,Male,West Bengal,East,Electronics,Phone,5,14999,20,59996.0,1287.88,Net Banking
ORD03471,2024-02-17,CUST1956,43.0,Female,Maharashtra,West,Electronics,Headphones,7,2499,10,15743.7,2886.58,Net Banking
ORD03472,2024-01-04,CUST1326,65.0,Female,Odisha,East,Office Supplies,Pen,8,499,10,3592.8,185.8,Net Banking
ORD03473,2025-06-29,CUST1666,57.0,Male,Tamil Nadu,South,Electronics,Phone,1,499,10,449.1,85.76,Card
ORD03474,2024-10-25,CUST1774,41.0,Female,Odisha,East,Office Supplies,Pen,3,499,10,1347.3,161.07,UPI
ORD03475,2024-03-01,CUST1808,47.0,Female,Delhi,North,Electronics,Phone,2,199,10,358.2,-7.17,UPI
ORD03476,2025-10-12,CUST1375,58.0,Female,Punjab,North,Furniture,Chair,2,2499,0,4998.0,-99.48,Net Banking
ORD03477,2025-11-01,CUST1364,20.0,Male,Delhi,North,Office Supplies,Pen,1,14999,10,13499.1,1406.04,Card
ORD03478,2024-05-13,CUST1641,48.0,Male,Odisha,East,Office Supplies,Pen,1,14999,20,11999.2,1865.95,Net Banking
ORD03479,2025-10-26,CUST1356,65.0,Male,Punjab,North,Furniture,Sofa,5,7999,5,37995.25,2515.73,UPI
ORD03480,2024-06-17,CUST1311,41.0,Female,Maharashtra,West,Office Supplies,Notebook,7,999,15,5944.05,-5.73,Card
ORD03481,2024-10-30,CUST1892,59.0,Male,Maharashtra,West,Office Supplies,Printer Paper,4,499,10,1796.4,-49.19,Cash
ORD03482,2024-02-11,CUST1747,20.0,Female,Odisha,East,Furniture,Sofa,4,14999,20,47996.8,-1808.22,Cash
ORD03483,2024-04-16,CUST1308,18.0,Female,Karnataka,South,Furniture,Sofa,7,2499,5,16618.35,4067.49,Card
ORD03484,2024-01-15,CUST1975,55.0,Male,Maharashtra,West,Office Supplies,Printer Paper,8,499,0,3992.0,495.95,Net Banking
ORD03485,2025-09-09,CUST1111,61.0,Male,Maharashtra,West,Electronics,Laptop,4,14999,20,47996.8,2540.0,Card
ORD03486,2025-01-29,CUST1157,41.0,Female,West Bengal,East,Electronics,Phone,5,999,10,4495.5,1234.55,UPI
ORD03487,2025-08-30,CUST1512,46.0,Female,Delhi,North,Furniture,Chair,7,199,5,1323.35,138.27,UPI
ORD03488,2025-07-22,CUST1061,58.0,Female,Tamil Nadu,South,Furniture,Sofa,5,2499,10,11245.5,869.85,Card
ORD03489,2025-03-10,CUST1037,35.0,Male,Maharashtra,West,Office Supplies,Notebook,2,999,15,1698.3,-29.01,Net Banking
ORD03490,2024-09-28,CUST1268,24.0,Female,Punjab,North,Furniture,Desk,2,2499,10,4498.2,-166.83,UPI
ORD03491,2024-10-19,CUST1745,41.0,Female,Gujarat,West,Furniture,Desk,3,7999,15,20397.45,4252.65,Card
ORD03492,2025-03-14,CUST1138,19.0,Male,Delhi,North,Office Supplies,Pen,1,999,20,799.2,101.57,UPI
ORD03493,2024-06-26,CUST1836,48.0,Female,Maharashtra,West,Office Supplies,Pen,6,14999,5,85494.3,5074.98,Card
ORD03494,2024-10-03,CUST1003,28.0,Female,Gujarat,West,Office Supplies,Printer Paper,2,999,15,1698.3,70.54,Card
ORD03495,2024-03-29,CUST1570,30.0,Male,Tamil Nadu,South,Electronics,Phone,3,999,10,2697.3,187.52,Net Banking
ORD03496,2024-01-10,CUST1589,60.0,Female,Karnataka,South,Electronics,Headphones,5,199,10,895.5,63.26,Cash
ORD03497,2025-07-08,CUST1515,58.0,Male,Tamil Nadu,South,Electronics,Phone,6,199,10,1074.6,97.45,Cash
ORD03498,2024-07-29,CUST1314,20.0,Male,Karnataka,South,Furniture,Chair,8,199,5,1512.4,131.51,UPI
ORD03499,2024-09-10,CUST1249,27.0,Female,Maharashtra,West,Office Supplies,Notebook,3,2499,15,6372.45,34.57,UPI
ORD03500,2024-12-09,CUST1933,50.0,Male,Gujarat,West,Office Supplies,Pen,8,999,15,6793.2,1757.61,Cash
ORD03501,2025-08-11,CUST1296,35.0,Male,Gujarat,West,Office Supplies,Printer Paper,8,999,20,6393.6,1215.41,Card
ORD03502,2024-09-23,CUST1726,56.0,Male,Tamil Nadu,South,Furniture,Desk,8,499,15,3393.2,315.92,Cash
ORD03503,2024-07-10,CUST1032,30.0,Male,Tamil Nadu,South,Office Supplies,Pen,8,14999,20,95993.6,2230.23,Net Banking
ORD03504,2024-11-05,CUST1042,31.0,Male,Delhi,North,Electronics,Phone,8,7999,0,63992.0,4450.02,UPI
ORD03505,2025-02-16,CUST1286,52.0,Male,Karnataka,South,Office Supplies,Pen,2,7999,0,15998.0,-209.73,UPI
ORD03506,2025-06-25,CUST1856,62.0,Female,Tamil Nadu,South,Electronics,Headphones,1,199,20,159.2,4.41,UPI
ORD03507,2024-04-06,CUST1368,49.0,Male,Delhi,North,Furniture,Desk,4,7999,15,27196.6,3820.09,Cash
ORD03508,2024-01-13,CUST1512,44.0,Male,Punjab,North,Office Supplies,Notebook,1,14999,15,12749.15,2820.3,UPI
ORD03509,2025-10-30,CUST1178,27.0,Female,Gujarat,West,Electronics,Phone,7,199,5,1323.35,123.92,Net Banking
ORD03510,2024-09-07,CUST1345,20.0,Female,Karnataka,South,Furniture,Chair,3,2499,0,7497.0,2098.92,UPI
ORD03511,2025-09-20,CUST1911,55.0,Female,Delhi,North,Office Supplies,Pen,1,199,10,179.1,45.36,Card
ORD03512,2025-05-04,CUST1657,40.0,Male,Maharashtra,West,Office Supplies,Printer Paper,2,199,20,318.4,95.39,Net Banking
ORD03513,2025-02-04,CUST1570,61.0,Male,Gujarat,West,Furniture,Chair,4,2499,20,7996.8,-139.7,Card
ORD03514,2025-04-09,CUST1084,35.0,Male,West Bengal,East,Furniture,Chair,8,499,0,3992.0,534.56,Card
ORD03515,2025-11-11,CUST1400,29.0,Female,Karnataka,South,Office Supplies,Notebook,1,199,10,179.1,44.05,Card
ORD03516,2024-11-30,CUST1914,59.0,Female,Maharashtra,West,Office Supplies,Notebook,5,2499,10,11245.5,1459.48,UPI
ORD03517,2024-06-27,CUST1156,56.0,Male,Delhi,North,Electronics,Phone,4,7999,0,31996.0,8364.24,UPI
ORD03518,2024-10-30,CUST1606,60.0,Male,Tamil Nadu,South,Office Supplies,Printer Paper,3,999,10,2697.3,-99.77,Cash
ORD03519,2024-11-14,CUST1369,56.0,Female,Gujarat,West,Furniture,Chair,2,7999,20,,1160.0,Net Banking
ORD03520,2024-08-09,CUST1409,44.0,Male,Delhi,North,Furniture,Sofa,3,14999,10,40497.3,8655.59,Net Banking
ORD03521,2024-12-10,CUST1557,33.0,Female,Odisha,East,Office Supplies,Printer Paper,6,14999,0,89994.0,4324.21,Cash
ORD03522,2024-07-11,CUST1118,46.0,Male,Delhi,North,Office Supplies,Pen,8,199,20,1273.6,195.33,Card
ORD03523,2024-04-22,CUST1825,41.0,Female,Delhi,North,Furniture,Sofa,1,999,5,949.05,22.13,Net Banking
ORD03524,2025-09-24,CUST1693,30.0,Male,West Bengal,East,Electronics,Laptop,2,999,15,1698.3,-66.49,Cash
ORD03525,2024-07-31,CUST1079,42.0,Female,Karnataka,South,Furniture,Chair,3,2499,0,7497.0,1426.69,UPI
ORD03526,2025-07-16,CUST1976,27.0,Male,Gujarat,West,Electronics,Laptop,2,2499,0,4998.0,262.36,Card
ORD03527,2024-10-29,CUST1324,47.0,Female,Delhi,North,Furniture,Chair,8,199,20,1273.6,290.23,Card
ORD03528,2025-12-27,CUST1011,18.0,Female,West Bengal,East,Office Supplies,Printer Paper,6,199,20,955.2,-23.15,Net Banking
ORD03529,2025-01-12,CUST1089,48.0,Female,Maharashtra,West,Office Supplies,Pen,3,2499,5,7122.15,553.25,UPI
ORD03530,2024-07-09,CUST1825,51.0,Female,West Bengal,East,Furniture,Chair,4,14999,0,59996.0,151.51,Net Banking
ORD03531,2024-10-28,CUST1595,28.0,Male,Delhi,North,Furniture,Desk,6,14999,15,76494.9,-3243.71,Cash
ORD03532,2025-01-11,CUST1482,23.0,Female,Gujarat,West,Furniture,Desk,2,14999,10,26998.2,4130.5,Cash
ORD03533,2025-05-20,CUST1710,61.0,Female,Karnataka,South,Electronics,Headphones,8,14999,20,95993.6,26445.17,UPI
ORD03534,2025-06-20,CUST1609,63.0,Male,Maharashtra,West,Furniture,Sofa,8,7999,20,51193.6,10039.03,Net Banking
ORD03535,2024-06-15,CUST1740,34.0,Male,Karnataka,South,Furniture,Chair,6,199,0,1194.0,-31.83,UPI
ORD03536,2025-11-19,CUST1957,31.0,Female,Odisha,East,Furniture,Desk,7,2499,5,16618.35,-398.39,Card
ORD03537,2024-11-24,CUST1317,38.0,Male,Gujarat,West,Electronics,Headphones,1,14999,15,12749.15,1157.63,Cash
ORD03538,2025-02-16,CUST1904,23.0,Female,Maharashtra,West,Electronics,Phone,1,199,0,199.0,55.04,Card
ORD03539,2025-04-07,CUST1218,52.0,Male,Maharashtra,West,Electronics,Headphones,1,199,0,199.0,36.86,Card
ORD03540,2025-01-01,CUST1977,45.0,Female,Punjab,North,Electronics,Laptop,4,999,15,3396.6,528.16,Card
ORD03541,2024-02-28,CUST1726,46.0,Male,Delhi,North,Office Supplies,Notebook,6,999,5,5694.3,1272.11,Cash
ORD03542,2025-11-07,CUST1724,22.0,Male,Delhi,North,Furniture,Desk,4,999,5,3796.2,212.72,Cash
ORD03543,2025-06-24,CUST1149,26.0,Male,Gujarat,West,Furniture,Sofa,7,2499,5,16618.35,767.15,Card
ORD03544,2024-09-24,CUST1409,21.0,Male,Gujarat,West,Electronics,Headphones,2,199,15,338.3,92.08,Cash
ORD03545,2024-05-30,CUST1066,49.0,Female,Punjab,North,Office Supplies,Notebook,4,999,15,3396.6,294.89,Net Banking
ORD03546,2024-11-18,CUST1009,45.0,Male,Odisha,East,Electronics,Laptop,2,2499,10,4498.2,688.99,Cash
ORD03547,2025-10-19,CUST1690,36.0,Female,West Bengal,East,Electronics,Headphones,4,2499,0,9996.0,2758.62,UPI
ORD03548,2025-08-13,CUST1855,61.0,Female,Delhi,North,Furniture,Sofa,1,14999,15,12749.15,1752.18,Net Banking
ORD03549,2025-11-20,CUST1330,58.0,Female,Maharashtra,West,Electronics,Headphones,4,199,10,716.4,-9.12,Cash
ORD03550,2025-11-01,CUST1849,59.0,Female,Gujarat,West,Furniture,Chair,4,999,5,3796.2,303.29,UPI
ORD03551,2025-01-06,CUST1856,33.0,Male,Gujarat,West,Electronics,Laptop,7,7999,10,50393.7,235.99,Net Banking
ORD03552,2024-04-28,CUST1530,38.0,Female,West Bengal,East,Furniture,Chair,4,2499,0,9996.0,-210.79,Net Banking
ORD03553,2025-11-03,CUST1960,40.0,Male,West Bengal,East,Office Supplies,Printer Paper,6,499,20,2395.2,-101.95,Cash
ORD03554,2025-06-01,CUST1050,43.0,Male,Maharashtra,West,Office Supplies,Notebook,5,2499,5,11870.25,1029.15,UPI
ORD03555,2024-10-02,CUST1036,62.0,Female,West Bengal,East,Furniture,Sofa,2,199,20,318.4,22.67,UPI
ORD03556,2024-04-01,CUST1780,25.0,Male,Maharashtra,West,Office Supplies,Printer Paper,1,2499,20,1999.2,459.16,Card
ORD03557,2024-03-24,CUST1189,39.0,Female,Gujarat,West,Office Supplies,Notebook,3,499,5,1422.15,49.06,Net Banking
ORD03558,2025-03-15,CUST1126,45.0,Male,Maharashtra,West,Furniture,Chair,4,7999,10,28796.4,8063.17,Net Banking
ORD03559,2025-05-21,CUST1193,27.0,Male,Punjab,North,Electronics,Laptop,5,499,15,2120.75,378.44,Cash
ORD03560,2024-11-12,CUST1739,27.0,Male,Maharashtra,West,Office Supplies,Pen,5,499,0,2495.0,465.77,Cash
ORD03561,2025-10-27,CUST1520,47.0,Male,Karnataka,South,Furniture,Sofa,4,2499,10,8996.4,-97.37,Cash
ORD03562,2024-12-03,CUST1231,59.0,Male,Tamil Nadu,South,Electronics,Headphones,6,7999,5,45594.3,8301.86,Cash
ORD03563,2024-07-05,CUST1500,31.0,Female,Odisha,East,Furniture,Sofa,4,2499,10,8996.4,1664.26,Cash
ORD03564,2024-06-01,CUST1087,33.0,Female,Maharashtra,West,Electronics,Headphones,2,2499,0,4998.0,-26.58,Card
ORD03565,2024-12-02,CUST1192,41.0,Male,Delhi,North,Electronics,Headphones,4,199,0,796.0,-31.61,UPI
ORD03566,2024-05-22,CUST1842,64.0,Male,Odisha,East,Office Supplies,Pen,5,14999,0,74995.0,726.38,UPI
ORD03567,2025-12-21,CUST1880,48.0,Male,Karnataka,South,Electronics,Headphones,8,499,20,3193.6,681.56,Cash
ORD03568,2025-03-26,CUST1981,51.0,Male,Karnataka,South,Electronics,Phone,1,7999,10,7199.1,1055.75,Net Banking
ORD03569,2025-01-19,CUST1665,21.0,Male,Karnataka,South,Electronics,Laptop,7,14999,20,83994.4,1262.55,UPI
ORD03570,2024-11-04,CUST1276,63.0,Male,Maharashtra,West,Furniture,Chair,4,199,15,676.6,165.67,Card
ORD03571,2024-04-08,CUST1228,31.0,Female,Tamil Nadu,South,Office Supplies,Pen,8,14999,5,113992.4,15993.75,Card
ORD03572,2025-03-26,CUST1876,49.0,Male,Odisha,East,Furniture,Chair,5,999,10,4495.5,260.76,Card
ORD03573,2024-04-13,CUST1683,25.0,Male,West Bengal,East,Furniture,Desk,3,499,10,1347.3,192.82,UPI
ORD03574,2025-07-20,CUST1782,28.0,Female,Tamil Nadu,South,Electronics,Laptop,5,2499,15,10620.75,1667.94,Net Banking
ORD03575,2024-08-28,CUST1221,65.0,Male,West Bengal,East,Furniture,Chair,6,2499,10,13494.6,-200.93,Net Banking
ORD03576,2024-08-26,CUST1092,24.0,Male,Punjab,North,Furniture,Desk,8,199,15,1353.2,33.3,Net Banking
ORD03577,2024-09-07,CUST1501,31.0,Male,Delhi,North,Office Supplies,Pen,6,14999,5,85494.3,-3509.83,UPI
ORD03578,2024-01-09,CUST1792,31.0,Female,West Bengal,East,Electronics,Phone,8,7999,0,63992.0,18582.35,UPI
ORD03579,2025-01-14,CUST1529,26.0,Male,Punjab,North,Electronics,Headphones,3,199,0,597.0,30.08,Net Banking
ORD03580,2025-03-17,CUST1572,35.0,Female,Karnataka,South,Furniture,Chair,5,2499,10,11245.5,-62.5,UPI
ORD03581,2025-09-12,CUST1024,39.0,Male,Tamil Nadu,South,Furniture,Chair,7,999,5,6643.35,1006.05,Net Banking
ORD03582,2025-05-03,CUST1561,60.0,Male,Maharashtra,West,Electronics,Laptop,8,499,0,3992.0,668.62,UPI
ORD03583,2025-02-28,CUST1552,65.0,Female,Odisha,East,Electronics,Headphones,2,7999,20,12798.4,2735.47,Cash
ORD03584,2025-04-02,CUST1269,36.0,Male,Odisha,East,Furniture,Sofa,8,14999,20,95993.6,21399.55,Card
ORD03585,2025-11-12,CUST1333,44.0,Female,Odisha,East,Electronics,Headphones,6,199,10,1074.6,293.51,Cash
ORD03586,2025-09-07,CUST1753,56.0,Male,Delhi,North,Electronics,Laptop,7,14999,15,89244.05,20491.53,Card
ORD03587,2025-10-06,CUST1551,21.0,Female,Delhi,North,Electronics,Phone,2,999,0,1998.0,144.24,Net Banking
ORD03588,2024-01-06,CUST1999,21.0,Male,Delhi,North,Furniture,Desk,7,999,10,6293.7,828.89,Card
ORD03589,2025-04-18,CUST1394,51.0,Male,West Bengal,East,Electronics,Phone,7,999,10,6293.7,240.24,Cash
ORD03590,2025-07-18,CUST1594,56.0,Male,Gujarat,West,Electronics,Phone,7,199,10,1253.7,373.27,Cash
ORD03591,2024-07-16,CUST1543,20.0,Female,Gujarat,West,Electronics,Phone,8,2499,0,19992.0,-417.74,Cash
ORD03592,2025-01-28,CUST1361,29.0,Female,Delhi,North,Office Supplies,Notebook,3,14999,0,44997.0,10233.08,Card
ORD03593,2024-01-23,CUST1449,22.0,Female,Punjab,North,Office Supplies,Pen,1,999,5,949.05,-11.3,Cash
ORD03594,2024-04-13,CUST1640,20.0,Male,Punjab,North,Office Supplies,Pen,8,2499,15,16993.2,4372.91,UPI
ORD03595,2024-11-10,CUST1986,42.0,Male,Karnataka,South,Office Supplies,Pen,7,2499,0,17493.0,118.19,Net Banking
ORD03596,2025-10-21,CUST1517,56.0,Male,Odisha,East,Furniture,Desk,7,999,10,6293.7,1361.82,Cash
ORD03597,2024-03-09,CUST1887,23.0,Male,West Bengal,East,Office Supplies,Printer Paper,4,499,20,1596.8,420.21,Net Banking
ORD03598,2024-06-09,CUST1799,55.0,Female,Tamil Nadu,South,Office Supplies,Printer Paper,5,2499,20,9996.0,2358.63,Cash
ORD03599,2024-11-12,CUST1393,39.0,Female,Punjab,North,Furniture,Sofa,5,199,0,995.0,150.3,Net Banking
ORD03600,2024-01-19,CUST1659,48.0,Male,Karnataka,South,Office Supplies,Printer Paper,5,7999,20,31996.0,3936.02,Net Banking
ORD03601,2024-11-25,CUST1254,35.0,Male,Gujarat,West,Furniture,Desk,8,499,15,3393.2,461.12,Cash
ORD03602,2025-08-08,CUST1457,37.0,Female,Delhi,North,Office Supplies,Pen,2,2499,5,4748.1,1169.64,Net Banking
ORD03603,2024-05-03,CUST1615,30.0,Female,Gujarat,West,Furniture,Sofa,7,199,20,1114.4,-23.89,UPI
ORD03604,2025-08-16,CUST1508,18.0,Female,Gujarat,West,Electronics,Phone,4,199,15,676.6,69.24,Net Banking
ORD03605,2025-03-22,CUST1751,31.0,Female,Gujarat,West,Office Supplies,Notebook,1,14999,10,13499.1,3320.78,Net Banking
ORD03606,2024-12-29,CUST1824,46.0,Female,Punjab,North,Furniture,Desk,8,2499,0,19992.0,901.48,Card
ORD03607,2024-09-19,CUST1632,36.0,Male,Tamil Nadu,South,Office Supplies,Notebook,2,999,10,1798.2,515.99,Cash
ORD03608,2024-09-30,CUST1956,65.0,Female,Gujarat,West,Electronics,Phone,7,14999,5,99743.35,12140.16,Cash
ORD03609,2024-12-12,CUST1706,35.0,Male,Odisha,East,Office Supplies,Printer Paper,8,2499,15,16993.2,402.44,Card
ORD03610,2025-04-26,CUST1133,51.0,Male,West Bengal,East,Office Supplies,Pen,4,199,15,676.6,4.19,Net Banking
ORD03611,2024-10-06,CUST1861,28.0,Female,Gujarat,West,Office Supplies,Printer Paper,8,199,20,1273.6,195.34,Net Banking
ORD03612,2025-03-21,CUST1697,37.0,Female,Delhi,North,Furniture,Desk,1,14999,5,14249.05,3166.91,UPI
ORD03613,2025-02-11,CUST1821,24.0,Female,West Bengal,East,Office Supplies,Pen,1,199,15,169.15,27.25,Cash
ORD03614,2025-03-06,CUST1294,54.0,Male,Tamil Nadu,South,Furniture,Desk,5,499,10,2245.5,273.59,Card
ORD03615,2024-12-17,CUST1621,29.0,Female,Maharashtra,West,Office Supplies,Pen,6,199,15,1014.9,234.43,Card
ORD03616,2024-03-04,CUST1491,57.0,Male,Punjab,North,Office Supplies,Notebook,6,2499,20,11995.2,1400.45,UPI
ORD03617,2024-11-11,CUST1844,65.0,Male,Punjab,North,Office Supplies,Notebook,1,7999,0,7999.0,150.68,UPI
ORD03618,2024-06-28,CUST1776,35.0,Female,Tamil Nadu,South,Furniture,Chair,3,2499,20,5997.6,1506.36,Card
ORD03619,2025-10-22,CUST1710,29.0,Female,Delhi,North,Office Supplies,Pen,6,7999,20,38395.2,-336.42,Net Banking
ORD03620,2025-09-05,CUST1927,24.0,Female,West Bengal,East,Electronics,Laptop,2,7999,5,15198.1,2183.27,Net Banking
ORD03621,2025-07-30,CUST1833,65.0,Male,Odisha,East,Electronics,Laptop,3,199,5,567.15,135.68,Cash
ORD03622,2024-10-24,CUST1846,30.0,Male,Gujarat,West,Office Supplies,Pen,5,499,5,2370.25,357.64,Net Banking
ORD03623,2025-05-05,CUST1247,37.0,Female,Odisha,East,Electronics,Headphones,5,2499,5,11870.25,1375.95,Card
ORD03624,2024-03-22,CUST1464,54.0,Male,Karnataka,South,Office Supplies,Notebook,8,2499,5,18992.4,3595.73,Card
ORD03625,2025-03-30,CUST1632,56.0,Male,Maharashtra,West,Furniture,Chair,6,999,5,5694.3,30.06,Cash
ORD03626,2025-12-25,CUST1499,55.0,Male,West Bengal,East,Office Supplies,Pen,3,2499,20,5997.6,1208.78,Cash
ORD03627,2024-09-20,CUST1509,52.0,Female,Delhi,North,Office Supplies,Pen,8,499,20,3193.6,385.33,Card
ORD03628,2025-09-27,CUST1980,42.0,Female,Punjab,North,Electronics,Phone,7,14999,5,99743.35,15847.51,UPI
ORD03629,2024-02-21,CUST1144,19.0,Female,West Bengal,East,Office Supplies,Pen,8,499,0,3992.0,730.54,Card
ORD03630,2025-09-01,CUST1794,35.0,Male,West Bengal,East,Office Supplies,Notebook,8,199,20,1273.6,-32.9,UPI
ORD03631,2024-10-25,CUST1635,43.0,Male,Maharashtra,West,Electronics,Phone,6,2499,20,11995.2,3275.97,Cash
ORD03632,2025-11-08,CUST1081,19.0,Male,West Bengal,East,Electronics,Headphones,4,999,5,3796.2,1009.5,Cash
ORD03633,2025-12-12,CUST1047,64.0,Male,Odisha,East,Furniture,Desk,4,199,5,756.2,88.48,Net Banking
ORD03634,2024-08-26,CUST1006,29.0,Male,West Bengal,East,Electronics,Phone,6,2499,0,14994.0,3458.64,Net Banking
ORD03635,2024-01-06,CUST1100,60.0,Female,Tamil Nadu,South,Electronics,Laptop,8,14999,0,119992.0,-2495.88,UPI
ORD03636,2024-01-01,CUST1425,22.0,Male,Maharashtra,West,Electronics,Headphones,3,499,10,1347.3,-60.03,Net Banking
ORD03637,2025-10-27,CUST1320,23.0,Female,Odisha,East,Office Supplies,Printer Paper,7,2499,0,17493.0,172.74,UPI
ORD03638,2024-02-01,CUST1805,20.0,Female,West Bengal,East,Furniture,Desk,2,199,20,318.4,63.34,Cash
ORD03639,2024-12-01,CUST1625,58.0,Female,Delhi,North,Furniture,Sofa,4,199,0,796.0,119.61,Card
ORD03640,2025-05-21,CUST1496,56.0,Female,Tamil Nadu,South,Furniture,Sofa,4,14999,10,53996.4,12356.64,Net Banking
ORD03641,2024-12-24,CUST1008,35.0,Male,Punjab,North,Furniture,Sofa,6,2499,5,14244.3,867.31,UPI
ORD03642,2025-12-09,CUST1512,44.0,Male,Odisha,East,Furniture,Chair,7,7999,10,50393.7,9172.85,Net Banking
ORD03643,2024-04-28,CUST1307,53.0,Male,Odisha,East,Electronics,Headphones,3,2499,15,6372.45,-74.69,Net Banking
ORD03644,2024-12-04,CUST1362,49.0,Male,Punjab,North,Office Supplies,Notebook,2,7999,15,13598.3,2514.43,UPI
ORD03645,2024-10-23,CUST1093,37.0,Female,Gujarat,West,Office Supplies,Printer Paper,7,999,0,6993.0,293.21,UPI
ORD03646,2024-03-03,CUST1716,40.0,Male,West Bengal,East,Office Supplies,Pen,8,14999,0,119992.0,16260.38,Card
ORD03647,2025-09-24,CUST1970,46.0,Male,West Bengal,East,Electronics,Phone,7,499,15,2969.05,381.36,Cash
ORD03648,2024-01-06,CUST1455,,Male,Tamil Nadu,South,Electronics,Phone,2,999,5,1898.1,485.79,Net Banking
ORD03649,2025-08-13,CUST1483,27.0,Male,Delhi,North,Furniture,Sofa,2,999,5,1898.1,188.06,Net Banking
ORD03650,2025-04-15,CUST1802,23.0,Female,Gujarat,West,Office Supplies,Notebook,1,999,10,899.1,-6.72,Card
ORD03651,2024-04-23,CUST1727,65.0,Male,Punjab,North,Furniture,Chair,2,14999,15,25498.3,1829.56,Card
ORD03652,2025-01-06,CUST1467,45.0,Male,Gujarat,West,Office Supplies,Pen,3,7999,10,21597.3,6282.04,Net Banking
ORD03653,2025-09-10,CUST1743,28.0,Male,Gujarat,West,Electronics,Phone,7,2499,5,16618.35,3171.12,UPI
ORD03654,2024-04-23,CUST1371,28.0,Female,West Bengal,East,Furniture,Chair,1,14999,20,11999.2,2741.13,UPI
ORD03655,2024-10-14,CUST1803,62.0,Male,Odisha,East,Office Supplies,Notebook,4,2499,15,8496.6,2286.07,Card
ORD03656,2025-02-04,CUST1605,65.0,Male,Karnataka,South,Furniture,Sofa,5,999,15,4245.75,721.0,Card
ORD03657,2024-04-08,CUST1760,18.0,Male,Karnataka,South,Furniture,Desk,3,199,20,477.6,12.26,UPI
ORD03658,2025-10-31,CUST1407,63.0,Male,Odisha,East,Office Supplies,Notebook,2,2499,5,4748.1,955.27,Net Banking
ORD03659,2025-02-04,CUST1448,42.0,Male,Delhi,North,Furniture,Desk,6,7999,0,47994.0,2942.7,Net Banking
ORD03660,2024-07-16,CUST1395,21.0,Male,Maharashtra,West,Office Supplies,Pen,6,7999,15,40794.9,11148.93,Cash
ORD03661,2024-07-01,CUST1334,35.0,Female,Tamil Nadu,South,Office Supplies,Pen,4,499,0,1996.0,332.51,Card
ORD03662,2025-04-19,CUST1839,31.0,Female,Punjab,North,Office Supplies,Pen,1,7999,15,6799.15,990.65,Card
ORD03663,2024-11-26,CUST1552,36.0,Female,Tamil Nadu,South,Electronics,Laptop,1,14999,0,14999.0,1544.24,UPI
ORD03664,2024-11-16,CUST1856,59.0,Female,Karnataka,South,Electronics,Phone,7,199,5,1323.35,258.78,Card
ORD03665,2024-01-06,CUST1291,36.0,Female,Maharashtra,West,Furniture,Desk,4,2499,10,8996.4,1514.42,Card
ORD03666,2025-06-26,CUST1590,19.0,Male,West Bengal,East,Electronics,Phone,8,199,5,1512.4,183.0,Net Banking
ORD03667,2025-10-07,CUST1814,21.0,Male,Gujarat,West,Furniture,Chair,4,199,0,796.0,49.53,Cash
ORD03668,2025-07-08,CUST1289,29.0,Female,Gujarat,West,Furniture,Desk,4,7999,20,25596.8,5661.49,Cash
ORD03669,2025-03-31,CUST1167,40.0,Female,Punjab,North,Electronics,Headphones,3,7999,10,21597.3,4846.87,UPI
ORD03670,2025-01-13,CUST1919,21.0,Male,Karnataka,South,Furniture,Sofa,3,7999,10,21597.3,-528.31,UPI
ORD03671,2025-04-30,CUST1688,40.0,Male,West Bengal,East,Furniture,Desk,2,199,15,338.3,48.55,Cash
ORD03672,2024-01-26,CUST1367,65.0,Male,Delhi,North,Office Supplies,Printer Paper,2,7999,10,14398.2,-277.49,Cash
ORD03673,2024-02-12,CUST1281,65.0,Female,Delhi,North,Electronics,Headphones,1,2499,10,2249.1,385.01,Card
ORD03674,2025-12-17,CUST1639,27.0,Female,Odisha,East,Office Supplies,Printer Paper,4,499,5,1896.2,218.99,Cash
ORD03675,2025-11-21,CUST1378,29.0,Male,Maharashtra,West,Office Supplies,Pen,4,199,20,636.8,176.7,Card
ORD03676,2024-06-01,CUST1308,25.0,Male,Maharashtra,West,Furniture,Desk,4,2499,0,9996.0,1035.87,Net Banking
ORD03677,2024-03-12,CUST1581,32.0,Female,Tamil Nadu,South,Office Supplies,Notebook,3,14999,10,40497.3,5561.12,Net Banking
ORD03678,2024-07-18,CUST1086,60.0,Female,West Bengal,East,Furniture,Desk,4,2499,10,8996.4,1684.99,Cash
ORD03679,2025-08-20,CUST1327,24.0,Female,Odisha,East,Furniture,Sofa,2,999,0,1998.0,427.48,Net Banking
ORD03680,2025-11-20,CUST1777,20.0,Male,Karnataka,South,Office Supplies,Pen,8,2499,5,18992.4,644.77,UPI
ORD03681,2024-09-02,CUST1106,60.0,Female,Punjab,North,Electronics,Laptop,4,499,20,1596.8,213.66,Card
ORD03682,2024-01-25,CUST1796,37.0,Male,Tamil Nadu,South,Electronics,Headphones,3,2499,0,7497.0,303.46,Net Banking
ORD03683,2025-02-02,CUST1043,65.0,Male,Gujarat,West,Office Supplies,Pen,8,199,15,1353.2,241.29,Net Banking
ORD03684,2024-01-30,CUST1365,31.0,Female,Odisha,East,Office Supplies,Printer Paper,7,2499,5,16618.35,1573.16,UPI
ORD03685,2025-09-15,CUST1816,55.0,Male,Delhi,North,Electronics,Laptop,1,7999,15,6799.15,-269.65,Cash
ORD03686,2025-02-09,CUST1141,24.0,Male,Gujarat,West,Electronics,Headphones,8,999,0,7992.0,1065.12,Net Banking
ORD03687,2025-07-11,CUST1970,54.0,Female,Tamil Nadu,South,Furniture,Sofa,3,7999,0,23997.0,6185.85,Card
ORD03688,2024-11-15,CUST1744,28.0,Female,Punjab,North,Furniture,Sofa,2,499,15,848.3,132.16,UPI
ORD03689,2025-11-24,CUST1460,56.0,Male,Odisha,East,Furniture,Sofa,1,2499,20,1999.2,443.19,UPI
ORD03690,2024-05-06,CUST1042,53.0,Male,West Bengal,East,Office Supplies,Printer Paper,8,7999,15,54393.2,-2559.97,UPI
ORD03691,2025-06-27,CUST1466,53.0,Male,West Bengal,East,Office Supplies,Printer Paper,6,14999,10,80994.6,3247.4,Cash
ORD03692,2025-04-13,CUST1937,65.0,Male,Karnataka,South,Furniture,Desk,6,7999,15,40794.9,11066.77,Net Banking
ORD03693,2025-03-08,CUST1720,45.0,Female,Delhi,North,Electronics,Laptop,2,14999,20,23998.4,4576.74,Cash
ORD03694,2024-01-25,CUST1543,49.0,Male,Punjab,North,Office Supplies,Printer Paper,8,14999,10,107992.8,3012.96,UPI
ORD03695,2025-06-22,CUST1540,49.0,Male,Maharashtra,West,Office Supplies,Pen,4,2499,0,9996.0,-56.45,Cash
ORD03696,2024-03-20,CUST1290,28.0,Male,Punjab,North,Furniture,Desk,2,499,15,848.3,17.05,Net Banking
ORD03697,2024-09-15,CUST1252,30.0,Male,Odisha,East,Electronics,Phone,8,7999,20,51193.6,2377.44,Net Banking
ORD03698,2025-03-21,CUST1138,20.0,Female,Tamil Nadu,South,Electronics,Headphones,1,999,20,799.2,93.63,Card
ORD03699,2025-04-04,CUST1301,44.0,Female,Gujarat,West,Office Supplies,Pen,5,199,0,995.0,65.89,UPI
ORD03700,2024-11-19,CUST1924,39.0,Female,Punjab,North,Office Supplies,Printer Paper,6,2499,10,13494.6,2306.15,UPI
ORD03701,2025-08-09,CUST1621,21.0,Female,Odisha,East,Office Supplies,Pen,7,2499,5,16618.35,2717.87,UPI
ORD03702,2024-04-11,CUST1321,34.0,Male,Tamil Nadu,South,Furniture,Sofa,5,199,15,845.75,154.92,UPI
ORD03703,2024-08-30,CUST1630,26.0,Male,Tamil Nadu,South,Office Supplies,Notebook,7,14999,20,83994.4,11252.31,Net Banking
ORD03704,2024-07-10,CUST1576,44.0,Female,Karnataka,South,Furniture,Sofa,5,2499,20,,2087.91,Card
ORD03705,2024-02-23,CUST1572,37.0,Male,Delhi,North,Furniture,Desk,6,2499,10,13494.6,2354.79,Net Banking
ORD03706,2025-01-09,CUST1004,59.0,Female,Punjab,North,Office Supplies,Notebook,7,499,15,2969.05,92.44,Card
ORD03707,2024-02-07,CUST1599,45.0,Male,Delhi,North,Electronics,Phone,7,999,15,5944.05,1027.39,Cash
ORD03708,2025-11-12,CUST1607,,Female,Delhi,North,Electronics,Laptop,2,2499,15,4248.3,316.36,Cash
ORD03709,2025-02-13,CUST1133,59.0,Female,West Bengal,East,Electronics,Laptop,2,2499,20,3998.4,1016.6,Cash
ORD03710,2025-11-21,CUST1563,54.0,Female,Karnataka,South,Office Supplies,Pen,3,14999,5,42747.15,2947.68,UPI
ORD03711,2025-02-13,CUST1583,24.0,Male,Punjab,North,Electronics,Laptop,2,2499,15,4248.3,342.97,Net Banking
ORD03712,2024-09-15,CUST1000,58.0,Male,Punjab,North,Electronics,Laptop,8,199,5,1512.4,278.48,Cash
ORD03713,2024-09-20,CUST1251,37.0,Female,Delhi,North,Furniture,Desk,3,499,15,1272.45,379.04,Net Banking
ORD03714,2024-10-18,CUST1511,49.0,Female,West Bengal,East,Furniture,Sofa,6,199,10,1074.6,312.28,Card
ORD03715,2024-07-15,CUST1734,53.0,Female,Punjab,North,Electronics,Laptop,6,14999,20,71995.2,18504.62,Cash
ORD03716,2025-11-20,CUST1352,38.0,Male,Odisha,East,Furniture,Sofa,3,199,10,537.3,109.22,UPI
ORD03717,2025-11-05,CUST1252,58.0,Male,Karnataka,South,Electronics,Phone,5,14999,5,71245.25,-3051.81,Net Banking
ORD03718,2024-05-28,CUST1607,62.0,Female,Gujarat,West,Furniture,Sofa,5,499,5,2370.25,525.0,Cash
ORD03719,2025-04-28,CUST1965,,Male,Gujarat,West,Furniture,Sofa,5,14999,0,74995.0,3991.78,Cash
ORD03720,2024-10-29,CUST1105,54.0,Male,Gujarat,West,Office Supplies,Pen,3,14999,20,35997.6,859.67,Net Banking
ORD03721,2024-06-26,CUST1628,50.0,Male,Maharashtra,West,Electronics,Laptop,8,7999,10,57592.8,2997.62,UPI
ORD03722,2025-03-09,CUST1364,50.0,Female,Punjab,North,Office Supplies,Pen,3,199,5,567.15,71.44,Net Banking
ORD03723,2025-04-25,CUST1577,54.0,Male,Delhi,North,Furniture,Sofa,2,199,10,358.2,62.73,Cash
ORD03724,2025-10-28,CUST1150,32.0,Female,West Bengal,East,Furniture,Sofa,6,2499,10,13494.6,3865.4,UPI
ORD03725,2024-01-21,CUST1424,59.0,Male,Odisha,East,Electronics,Headphones,8,14999,0,119992.0,15591.68,Card
ORD03726,2025-07-06,CUST1767,59.0,Female,Tamil Nadu,South,Office Supplies,Printer Paper,5,499,10,2245.5,620.96,Cash
ORD03727,2025-10-14,CUST1103,22.0,Male,Punjab,North,Electronics,Headphones,2,499,20,798.4,5.78,Net Banking
ORD03728,2025-05-22,CUST1998,53.0,Male,West Bengal,East,Electronics,Headphones,2,999,10,1798.2,75.35,Net Banking
ORD03729,2025-01-14,CUST1969,59.0,Male,Maharashtra,West,Furniture,Chair,6,199,15,1014.9,-41.82,Net Banking
ORD03730,2024-09-18,CUST1730,60.0,Male,Tamil Nadu,South,Office Supplies,Notebook,3,2499,15,6372.45,81.29,UPI
ORD03731,2024-09-18,CUST1756,49.0,Male,Gujarat,West,Furniture,Chair,1,2499,20,1999.2,267.59,Net Banking
ORD03732,2025-10-29,CUST1195,57.0,Female,Tamil Nadu,South,Office Supplies,Printer Paper,8,2499,10,17992.8,127.37,UPI
ORD03733,2025-11-26,CUST1825,55.0,Male,Maharashtra,West,Office Supplies,Pen,6,999,10,5394.6,-66.51,Cash
ORD03734,2025-03-05,CUST1822,,Male,Maharashtra,West,Office Supplies,Notebook,7,499,20,2794.4,-122.26,Cash
ORD03735,2025-01-04,CUST1658,39.0,Male,West Bengal,East,Furniture,Desk,8,7999,15,54393.2,15513.46,UPI
ORD03736,2025-05-21,CUST1337,42.0,Male,Karnataka,South,Office Supplies,Pen,4,199,5,756.2,131.88,Net Banking
ORD03737,2024-01-21,CUST1804,20.0,Male,Punjab,North,Furniture,Desk,1,499,0,499.0,115.23,Net Banking
ORD03738,2024-01-06,CUST1359,25.0,Male,Gujarat,West,Office Supplies,Printer Paper,6,7999,15,40794.9,-1234.44,Cash
ORD03739,2024-12-04,CUST1921,31.0,Female,Karnataka,South,Office Supplies,Pen,4,199,20,636.8,124.22,Net Banking
ORD03740,2025-12-01,CUST1171,63.0,Female,Karnataka,South,Office Supplies,Printer Paper,8,14999,20,95993.6,25668.9,Cash
ORD03741,2024-12-22,CUST1167,60.0,Female,Maharashtra,West,Electronics,Phone,8,999,5,7592.4,-143.52,UPI
ORD03742,2024-04-09,CUST1317,59.0,Female,Maharashtra,West,Office Supplies,Notebook,8,999,15,6793.2,1093.07,Cash
ORD03743,2025-11-25,CUST1588,59.0,Female,West Bengal,East,Office Supplies,Printer Paper,7,14999,10,94493.7,5712.23,UPI
ORD03744,2025-04-02,CUST1963,60.0,Male,West Bengal,East,Office Supplies,Pen,1,7999,5,7599.05,1659.79,Cash
ORD03745,2025-03-31,CUST1060,38.0,Male,Maharashtra,West,Office Supplies,Printer Paper,7,7999,10,50393.7,-2421.98,UPI
ORD03746,2025-03-20,CUST1463,26.0,Male,West Bengal,East,Office Supplies,Notebook,1,499,0,499.0,89.1,Net Banking
ORD03747,2024-03-20,CUST1634,44.0,Female,West Bengal,East,Furniture,Desk,6,2499,15,12744.9,3606.07,Net Banking
ORD03748,2024-01-02,CUST1787,23.0,Male,Maharashtra,West,Electronics,Headphones,6,199,10,1074.6,34.5,UPI
ORD03749,2025-03-05,CUST1864,59.0,Female,Gujarat,West,Furniture,Desk,7,14999,10,94493.7,10536.36,Cash
ORD03750,2024-03-01,CUST1345,18.0,Female,Maharashtra,West,Office Supplies,Notebook,8,2499,10,17992.8,-373.24,Cash
ORD03751,2025-03-12,CUST1779,62.0,Male,Delhi,North,Electronics,Laptop,1,7999,10,7199.1,1885.59,Card
ORD03752,2024-12-08,CUST1225,47.0,Male,Odisha,East,Office Supplies,Notebook,7,199,15,1184.05,334.81,Card
ORD03753,2025-03-03,CUST1152,55.0,Male,West Bengal,East,Furniture,Chair,1,2499,20,1999.2,-50.77,Card
ORD03754,2024-05-04,CUST1406,56.0,Male,Maharashtra,West,Furniture,Chair,8,199,0,1592.0,161.02,UPI
ORD03755,2025-11-03,CUST1860,54.0,Female,Gujarat,West,Electronics,Phone,1,999,0,999.0,-8.12,Net Banking
ORD03756,2025-09-28,CUST1396,61.0,Male,Maharashtra,West,Electronics,Headphones,5,2499,15,10620.75,-411.05,Net Banking
ORD03757,2025-06-09,CUST1685,49.0,Female,Odisha,East,Electronics,Laptop,3,7999,20,19197.6,511.53,Net Banking
ORD03758,2025-06-27,CUST1758,43.0,Female,Maharashtra,West,Furniture,Chair,8,999,20,6393.6,582.74,UPI
ORD03759,2025-03-26,CUST1066,38.0,Female,Gujarat,West,Office Supplies,Notebook,4,199,0,796.0,118.97,Net Banking
ORD03760,2024-06-04,CUST1744,60.0,Male,Odisha,East,Electronics,Laptop,4,499,15,1696.6,183.77,Card
ORD03761,2025-07-01,CUST1186,36.0,Female,Odisha,East,Furniture,Sofa,2,999,0,1998.0,274.72,Cash
ORD03762,2025-11-17,CUST1655,28.0,Male,Delhi,North,Furniture,Chair,7,999,0,6993.0,1040.31,Card
ORD03763,2024-04-30,CUST1903,59.0,Male,Odisha,East,Office Supplies,Notebook,8,7999,0,63992.0,14635.44,Cash
ORD03764,2025-03-26,CUST1608,21.0,Female,Delhi,North,Office Supplies,Notebook,7,7999,0,55993.0,-2283.58,Net Banking
ORD03765,2024-04-10,CUST1619,32.0,Female,Odisha,East,Office Supplies,Pen,1,999,20,799.2,-21.8,UPI
ORD03766,2025-07-01,CUST1610,21.0,Male,Maharashtra,West,Office Supplies,Printer Paper,2,7999,5,15198.1,1548.77,Net Banking
ORD03767,2025-10-16,CUST1436,64.0,Female,Punjab,North,Office Supplies,Notebook,5,999,0,4995.0,500.07,Card
ORD03768,2024-01-03,CUST1419,48.0,Male,Punjab,North,Furniture,Sofa,3,7999,10,21597.3,153.71,Card
ORD03769,2025-10-25,CUST1491,49.0,Female,Odisha,East,Office Supplies,Notebook,5,14999,0,74995.0,2942.12,Net Banking
ORD03770,2024-03-07,CUST1764,51.0,Female,Tamil Nadu,South,Electronics,Laptop,4,199,5,756.2,-15.71,Card
ORD03771,2025-09-17,CUST1311,58.0,Female,Gujarat,West,Office Supplies,Printer Paper,7,499,5,3318.35,631.12,Net Banking
ORD03772,2025-01-06,CUST1077,56.0,Male,West Bengal,East,Office Supplies,Pen,6,7999,5,45594.3,611.07,Card
ORD03773,2024-05-28,CUST1453,49.0,Female,Delhi,North,Furniture,Chair,4,999,20,3196.8,774.49,Card
ORD03774,2025-11-05,CUST1761,41.0,Female,Odisha,East,Office Supplies,Notebook,7,7999,5,53193.35,1711.54,Cash
ORD03775,2024-01-05,CUST1120,25.0,Female,Tamil Nadu,South,Furniture,Sofa,3,199,5,567.15,75.38,Cash
ORD03776,2024-04-15,CUST1215,57.0,Female,Gujarat,West,Office Supplies,Pen,2,14999,10,26998.2,6871.94,Cash
ORD03777,2025-09-16,CUST1506,33.0,Male,Karnataka,South,Electronics,Phone,6,199,20,955.2,205.69,Net Banking
ORD03778,2025-12-16,CUST1148,24.0,Male,West Bengal,East,Furniture,Chair,4,499,10,1796.4,57.76,Cash
ORD03779,2024-08-16,CUST1382,19.0,Male,Gujarat,West,Furniture,Desk,3,7999,0,23997.0,2922.62,Net Banking
ORD03780,2024-10-26,CUST1042,48.0,Male,Odisha,East,Furniture,Sofa,1,999,20,799.2,7.79,Net Banking
ORD03781,2025-04-07,CUST1023,45.0,Male,Tamil Nadu,South,Office Supplies,Pen,8,14999,5,113992.4,17302.8,Cash
ORD03782,2025-11-23,CUST1139,44.0,Male,Maharashtra,West,Furniture,Chair,1,999,10,899.1,124.5,UPI
ORD03783,2024-05-18,CUST1651,46.0,Male,Punjab,North,Furniture,Desk,1,199,0,199.0,15.83,UPI
ORD03784,2025-07-11,CUST1521,62.0,Female,West Bengal,East,Furniture,Desk,8,999,15,6793.2,1684.13,UPI
ORD03785,2025-12-07,CUST1994,39.0,Male,Maharashtra,West,Electronics,Phone,8,199,20,1273.6,-49.85,UPI
ORD03786,2024-12-04,CUST1463,62.0,Female,Delhi,North,Office Supplies,Notebook,4,14999,20,47996.8,4157.54,UPI
ORD03787,2025-01-27,CUST1158,28.0,Male,Gujarat,West,Furniture,Desk,6,199,5,1134.3,191.91,Card
ORD03788,2025-01-30,CUST1124,31.0,Male,Tamil Nadu,South,Furniture,Desk,5,499,20,1996.0,295.45,Net Banking
ORD03789,2024-07-26,CUST1619,56.0,Female,Punjab,North,Electronics,Headphones,7,7999,20,44794.4,10262.67,Cash
ORD03790,2024-03-13,CUST1390,27.0,Female,Delhi,North,Furniture,Sofa,4,7999,5,30396.2,5037.36,Card
ORD03791,2024-04-18,CUST1768,21.0,Male,West Bengal,East,Furniture,Sofa,6,14999,15,76494.9,17459.76,Net Banking
ORD03792,2024-11-19,CUST1641,20.0,Female,Karnataka,South,Furniture,Desk,6,14999,15,76494.9,20616.94,Cash
ORD03793,2025-08-19,CUST1691,18.0,Female,Delhi,North,Electronics,Phone,3,7999,20,19197.6,2710.79,Card
ORD03794,2024-07-28,CUST1720,43.0,Male,Delhi,North,Electronics,Phone,2,999,20,1598.4,336.61,UPI
ORD03795,2024-10-05,CUST1214,49.0,Male,Maharashtra,West,Office Supplies,Printer Paper,6,7999,20,38395.2,1926.34,Card
ORD03796,2025-07-26,CUST1800,32.0,Male,Karnataka,South,Furniture,Sofa,8,2499,15,16993.2,413.7,Card
ORD03797,2025-08-28,CUST1480,54.0,Female,Punjab,North,Electronics,Headphones,5,14999,5,71245.25,-2398.83,Cash
ORD03798,2025-06-22,CUST1868,65.0,Female,Gujarat,West,Electronics,Laptop,2,7999,0,15998.0,-431.99,Cash
ORD03799,2025-01-30,CUST1365,57.0,Female,Maharashtra,West,Office Supplies,Notebook,4,199,0,796.0,4.63,Cash
ORD03800,2024-03-14,CUST1501,51.0,Male,Maharashtra,West,Electronics,Laptop,3,14999,5,42747.15,-538.15,Net Banking
ORD03801,2025-06-22,CUST1557,53.0,Male,Punjab,North,Electronics,Headphones,4,499,15,1696.6,423.48,Card
ORD03802,2024-12-18,CUST1133,47.0,Male,West Bengal,East,Electronics,Phone,4,199,10,716.4,-6.65,Net Banking
ORD03803,2024-01-20,CUST1996,22.0,Female,Delhi,North,Electronics,Headphones,6,499,0,2994.0,829.23,UPI
ORD03804,2024-01-19,CUST1076,31.0,Female,West Bengal,East,Electronics,Phone,3,499,5,1422.15,199.28,Card
ORD03805,2024-10-10,CUST1397,57.0,Female,Karnataka,South,Office Supplies,Printer Paper,2,7999,10,14398.2,-695.29,Card
ORD03806,2025-10-09,CUST1760,36.0,Female,Tamil Nadu,South,Electronics,Phone,8,499,15,3393.2,16.46,Card
ORD03807,2025-01-06,CUST1027,25.0,Female,Punjab,North,Office Supplies,Notebook,6,499,5,2844.3,814.06,UPI
ORD03808,2024-05-02,CUST1496,33.0,Male,Maharashtra,West,Furniture,Chair,1,999,20,799.2,36.15,Cash
ORD03809,2025-02-09,CUST1453,30.0,Male,Punjab,North,Electronics,Laptop,4,14999,5,56996.2,-2264.95,UPI
ORD03810,2025-10-08,CUST1696,44.0,Female,West Bengal,East,Furniture,Desk,2,14999,5,28498.1,1946.1,Cash
ORD03811,2025-06-13,CUST1978,41.0,Female,Karnataka,South,Office Supplies,Notebook,4,2499,5,9496.2,1721.92,Cash
ORD03812,2024-01-29,CUST1814,53.0,Female,Karnataka,South,Office Supplies,Notebook,6,7999,0,47994.0,9402.01,Card
ORD03813,2024-11-13,CUST1440,51.0,Male,Maharashtra,West,Office Supplies,Pen,8,999,0,7992.0,-140.8,Card
ORD03814,2025-10-10,CUST1925,41.0,Female,Odisha,East,Furniture,Chair,1,499,20,399.2,15.76,Cash
ORD03815,2025-10-23,CUST1936,56.0,Male,Gujarat,West,Office Supplies,Notebook,1,199,20,159.2,-2.08,UPI
ORD03816,2025-07-14,CUST1953,56.0,Male,Karnataka,South,Electronics,Laptop,7,999,0,6993.0,1118.99,Net Banking
ORD03817,2025-08-15,CUST1947,28.0,Female,Delhi,North,Furniture,Desk,1,2499,10,2249.1,-18.01,Net Banking
ORD03818,2025-11-08,CUST1148,61.0,Female,Gujarat,West,Electronics,Phone,7,199,15,1184.05,209.13,UPI
ORD03819,2024-01-04,CUST1263,53.0,Female,Gujarat,West,Furniture,Sofa,8,499,0,3992.0,-0.94,Card
ORD03820,2024-10-29,CUST1090,34.0,Female,Delhi,North,Furniture,Sofa,6,499,10,2694.6,325.4,UPI
ORD03821,2024-10-30,CUST1372,55.0,Female,Maharashtra,West,Office Supplies,Printer Paper,8,999,10,7192.8,188.88,Cash
ORD03822,2025-04-26,CUST1200,38.0,Female,Delhi,North,Electronics,Laptop,1,2499,20,1999.2,145.01,Cash
ORD03823,2024-02-08,CUST1976,57.0,Male,Tamil Nadu,South,Office Supplies,Notebook,5,499,15,2120.75,360.99,UPI
ORD03824,2025-03-28,CUST1042,27.0,Male,Odisha,East,Electronics,Headphones,2,999,15,1698.3,310.37,Net Banking
ORD03825,2024-06-26,CUST1371,28.0,Female,Punjab,North,Furniture,Chair,8,199,15,1353.2,-61.62,Cash
ORD03826,2024-07-10,CUST1559,19.0,Female,Karnataka,South,Electronics,Phone,2,2499,15,4248.3,64.86,Cash
ORD03827,2025-04-04,CUST1628,20.0,Female,Punjab,North,Furniture,Desk,1,199,15,169.15,6.18,Cash
ORD03828,2025-09-25,CUST1645,24.0,Male,Karnataka,South,Furniture,Chair,4,499,20,1596.8,335.35,UPI
ORD03829,2024-10-11,CUST1738,44.0,Female,Gujarat,West,Furniture,Chair,3,199,15,507.45,25.23,Net Banking
ORD03830,2025-07-22,CUST1267,40.0,Male,Odisha,East,Office Supplies,Pen,7,499,10,3143.7,831.94,Card
ORD03831,2025-08-17,CUST1592,28.0,Female,West Bengal,East,Office Supplies,Printer Paper,3,999,15,2547.45,659.73,Card
ORD03832,2025-11-23,CUST1878,27.0,Female,Delhi,North,Office Supplies,Pen,6,199,10,1074.6,35.94,Cash
ORD03833,2024-05-05,CUST1881,54.0,Male,Karnataka,South,Electronics,Laptop,7,999,20,5594.4,-49.02,Cash
ORD03834,2025-05-15,CUST1224,18.0,Male,Karnataka,South,Office Supplies,Notebook,6,499,0,2994.0,867.56,Card
ORD03835,2025-02-15,CUST1606,27.0,Male,Tamil Nadu,South,Electronics,Laptop,7,14999,15,89244.05,10028.48,Card
ORD03836,2024-12-28,CUST1496,36.0,Female,Punjab,North,Electronics,Phone,2,7999,15,13598.3,-513.32,Cash
ORD03837,2025-03-20,CUST1482,31.0,Female,West Bengal,East,Furniture,Sofa,2,999,5,1898.1,243.8,UPI
ORD03838,2025-09-05,CUST1936,47.0,Male,Punjab,North,Office Supplies,Pen,7,2499,15,14869.05,2422.16,Net Banking
ORD03839,2024-08-21,CUST1500,20.0,Male,Tamil Nadu,South,Electronics,Laptop,8,499,5,3792.4,1088.99,Card
ORD03840,2024-09-28,CUST1064,61.0,Male,Punjab,North,Furniture,Desk,6,14999,0,89994.0,24601.85,Cash
ORD03841,2025-03-30,CUST1393,62.0,Male,Karnataka,South,Furniture,Desk,4,499,20,1596.8,356.18,Net Banking
ORD03842,2024-01-08,CUST1163,61.0,Female,Punjab,North,Office Supplies,Printer Paper,2,7999,0,15998.0,1836.2,UPI
ORD03843,2025-06-30,CUST1046,22.0,Male,Tamil Nadu,South,Office Supplies,Notebook,8,999,5,7592.4,849.39,Card
ORD03844,2025-03-23,CUST1767,53.0,Male,West Bengal,East,Furniture,Chair,4,999,15,3396.6,681.06,Net Banking
ORD03845,2024-06-23,CUST1025,46.0,Male,Delhi,North,Electronics,Headphones,5,2499,15,10620.75,2908.18,Cash
ORD03846,2024-11-27,CUST1954,40.0,Female,Gujarat,West,Electronics,Headphones,6,999,0,5994.0,288.91,Cash
ORD03847,2025-08-29,CUST1180,43.0,Female,Maharashtra,West,Electronics,Headphones,2,2499,20,3998.4,547.09,UPI
ORD03848,2024-05-07,CUST1305,53.0,Female,Maharashtra,West,Electronics,Headphones,5,499,20,1996.0,35.97,Net Banking
ORD03849,2025-11-25,CUST1811,34.0,Male,Punjab,North,Furniture,Desk,1,7999,20,6399.2,1848.04,Card
ORD03850,2025-03-18,CUST1067,47.0,Male,Tamil Nadu,South,Furniture,Desk,3,7999,20,19197.6,4292.81,Cash
ORD03851,2025-07-31,CUST1199,62.0,Male,Maharashtra,West,Office Supplies,Pen,4,2499,5,9496.2,-214.92,Card
ORD03852,2024-01-07,CUST1665,32.0,Male,Tamil Nadu,South,Electronics,Laptop,4,7999,0,31996.0,1821.7,UPI
ORD03853,2025-08-17,CUST1189,64.0,Female,West Bengal,East,Office Supplies,Notebook,7,999,15,5944.05,560.8,UPI
ORD03854,2024-06-14,CUST1650,49.0,Male,Maharashtra,West,Electronics,Laptop,8,14999,5,113992.4,29731.28,Card
ORD03855,2024-02-04,CUST1954,29.0,Male,Odisha,East,Electronics,Headphones,3,999,20,2397.6,329.01,UPI
ORD03856,2024-11-14,CUST1074,64.0,Female,Gujarat,West,Electronics,Phone,1,14999,5,14249.05,506.17,Net Banking
ORD03857,2025-04-28,CUST1163,44.0,Female,Maharashtra,West,Electronics,Headphones,8,999,20,6393.6,1904.87,Card
ORD03858,2025-07-03,CUST1076,29.0,Male,Punjab,North,Office Supplies,Notebook,4,7999,0,31996.0,3075.04,Net Banking
ORD03859,2024-07-07,CUST1806,46.0,Male,Tamil Nadu,South,Office Supplies,Printer Paper,4,199,20,636.8,167.14,Cash
ORD03860,2024-06-01,CUST1248,29.0,Male,Gujarat,West,Electronics,Headphones,6,499,15,2544.9,398.33,Net Banking
ORD03861,2025-11-19,CUST1851,28.0,Male,Tamil Nadu,South,Office Supplies,Pen,2,14999,0,29998.0,2076.8,Card
ORD03862,2025-05-18,CUST1038,23.0,Female,Gujarat,West,Office Supplies,Notebook,2,14999,20,23998.4,1147.21,Card
ORD03863,2025-07-29,CUST1206,44.0,Male,Karnataka,South,Furniture,Desk,8,199,5,1512.4,-55.96,Cash
ORD03864,2025-07-11,CUST1662,53.0,Female,Gujarat,West,Office Supplies,Pen,7,499,5,3318.35,782.13,Card
ORD03865,2024-07-11,CUST1625,59.0,Female,Maharashtra,West,Electronics,Phone,8,2499,0,19992.0,3922.91,Card
ORD03866,2024-10-25,CUST1076,62.0,Female,Tamil Nadu,South,Office Supplies,Printer Paper,1,2499,10,2249.1,495.73,Cash
ORD03867,2025-01-15,CUST1426,23.0,Female,Tamil Nadu,South,Furniture,Sofa,4,14999,5,56996.2,6638.32,Cash
ORD03868,2025-01-05,CUST1576,26.0,Female,Tamil Nadu,South,Furniture,Desk,8,14999,15,101993.2,26642.52,Cash
ORD03869,2025-08-02,CUST1925,28.0,Male,Tamil Nadu,South,Electronics,Headphones,4,2499,10,8996.4,532.76,Net Banking
ORD03870,2025-02-03,CUST1508,58.0,Male,Punjab,North,Electronics,Phone,5,999,0,4995.0,69.16,UPI
ORD03871,2024-03-14,CUST1935,43.0,Male,Punjab,North,Office Supplies,Notebook,6,7999,20,38395.2,5425.05,Card
ORD03872,2024-08-16,CUST1854,50.0,Male,Tamil Nadu,South,Office Supplies,Pen,4,499,20,1596.8,83.21,Cash
ORD03873,2025-07-16,CUST1960,18.0,Female,Tamil Nadu,South,Furniture,Chair,3,2499,20,5997.6,1572.43,Cash
ORD03874,2025-04-18,CUST1939,18.0,Female,West Bengal,East,Electronics,Headphones,7,199,20,1114.4,266.27,UPI
ORD03875,2025-01-10,CUST1602,36.0,Male,Karnataka,South,Electronics,Laptop,5,199,5,945.25,176.47,Cash
ORD03876,2024-11-04,CUST1533,42.0,Male,Delhi,North,Furniture,Desk,8,999,10,7192.8,444.3,UPI
ORD03877,2025-02-07,CUST1060,39.0,Female,Delhi,North,Office Supplies,Printer Paper,8,14999,0,119992.0,26935.29,Net Banking
ORD03878,2025-01-23,CUST1847,25.0,Female,Tamil Nadu,South,Electronics,Laptop,7,199,0,1393.0,294.24,Card
ORD03879,2024-06-17,CUST1300,36.0,Female,West Bengal,East,Electronics,Phone,7,2499,0,17493.0,4050.98,Net Banking
ORD03880,2025-01-31,CUST1887,57.0,Female,Maharashtra,West,Office Supplies,Notebook,5,499,5,2370.25,511.27,Cash
ORD03881,2024-10-01,CUST1793,29.0,Female,Gujarat,West,Furniture,Desk,7,199,15,1184.05,171.46,Card
ORD03882,2025-08-25,CUST1975,45.0,Female,West Bengal,East,Electronics,Headphones,3,14999,10,40497.3,6592.97,Net Banking
ORD03883,2024-04-20,CUST1296,58.0,Male,Delhi,North,Office Supplies,Pen,6,7999,20,38395.2,-1433.33,UPI
ORD03884,2025-02-03,CUST1123,54.0,Male,Maharashtra,West,Furniture,Sofa,8,999,10,7192.8,-94.55,Net Banking
ORD03885,2024-10-25,CUST1301,31.0,Male,Delhi,North,Electronics,Headphones,4,199,20,636.8,112.27,UPI
ORD03886,2025-09-02,CUST1031,20.0,Female,Delhi,North,Furniture,Sofa,6,999,15,5094.9,827.06,UPI
ORD03887,2025-10-18,CUST1214,44.0,Female,Odisha,East,Furniture,Sofa,8,499,5,3792.4,-113.43,Net Banking
ORD03888,2024-08-29,CUST1408,49.0,Female,Tamil Nadu,South,Office Supplies,Notebook,6,199,0,1194.0,59.33,Net Banking
ORD03889,2024-05-15,CUST1277,56.0,Female,Gujarat,West,Office Supplies,Pen,4,14999,5,56996.2,11503.52,Net Banking
ORD03890,2025-04-07,CUST1596,25.0,Male,Tamil Nadu,South,Electronics,Headphones,7,2499,10,15743.7,1022.59,Card
ORD03891,2025-12-05,CUST1284,37.0,Male,Odisha,East,Furniture,Sofa,1,499,20,399.2,78.52,UPI
ORD03892,2025-01-31,CUST1498,35.0,Female,Gujarat,West,Furniture,Sofa,5,199,5,945.25,176.08,Net Banking
ORD03893,2024-10-31,CUST1125,52.0,Male,Punjab,North,Office Supplies,Pen,4,7999,0,31996.0,9452.12,Cash
ORD03894,2024-07-09,CUST1469,21.0,Female,Punjab,North,Office Supplies,Notebook,5,999,10,4495.5,509.17,UPI
ORD03895,2024-03-03,CUST1616,39.0,Female,Odisha,East,Furniture,Desk,3,2499,20,5997.6,564.9,Net Banking
ORD03896,2024-09-08,CUST1625,25.0,Female,Tamil Nadu,South,Furniture,Chair,8,999,0,7992.0,2039.79,Net Banking
ORD03897,2025-02-27,CUST1535,56.0,Male,Delhi,North,Furniture,Sofa,3,7999,0,23997.0,718.37,Card
ORD03898,2024-04-18,CUST1195,54.0,Male,Odisha,East,Furniture,Desk,1,14999,15,12749.15,961.03,UPI
ORD03899,2025-02-07,CUST1834,33.0,Male,Odisha,East,Furniture,Sofa,8,14999,10,107992.8,23825.28,Net Banking
ORD03900,2025-06-24,CUST1421,22.0,Female,Maharashtra,West,Office Supplies,Pen,3,2499,15,6372.45,1312.03,UPI
ORD03901,2024-05-25,CUST1762,44.0,Male,Tamil Nadu,South,Electronics,Headphones,2,499,0,998.0,277.9,Cash
ORD03902,2024-10-10,CUST1580,49.0,Female,Gujarat,West,Electronics,Headphones,5,2499,15,10620.75,830.47,Card
ORD03903,2025-10-27,CUST1344,36.0,Male,West Bengal,East,Furniture,Desk,5,499,10,,646.78,UPI
ORD03904,2025-12-18,CUST1180,51.0,Male,Punjab,North,Furniture,Chair,1,7999,0,7999.0,1973.72,Cash
ORD03905,2025-01-29,CUST1329,19.0,Female,Karnataka,South,Electronics,Headphones,3,199,10,537.3,19.41,Cash
ORD03906,2024-08-11,CUST1192,23.0,Female,Gujarat,West,Office Supplies,Pen,1,199,0,199.0,31.92,UPI
ORD03907,2025-12-07,CUST1273,62.0,Male,West Bengal,East,Furniture,Chair,6,14999,15,76494.9,4931.55,Net Banking
ORD03908,2025-08-07,CUST1760,30.0,Male,Gujarat,West,Electronics,Headphones,3,2499,15,6372.45,1497.27,UPI
ORD03909,2024-10-01,CUST1262,38.0,Female,Tamil Nadu,South,Furniture,Sofa,5,499,0,2495.0,-42.94,Net Banking
ORD03910,2025-02-28,CUST1288,22.0,Male,Maharashtra,West,Furniture,Sofa,3,7999,10,21597.3,-678.86,UPI
ORD03911,2025-01-12,CUST1846,26.0,Male,Punjab,North,Electronics,Headphones,8,499,5,3792.4,657.81,Cash
ORD03912,2025-11-05,CUST1819,21.0,Male,Gujarat,West,Office Supplies,Pen,5,2499,0,12495.0,-67.27,Cash
ORD03913,2024-03-18,CUST1893,56.0,Male,Gujarat,West,Office Supplies,Notebook,7,999,10,6293.7,1171.91,Card
ORD03914,2024-12-17,CUST1644,63.0,Female,West Bengal,East,Furniture,Chair,6,14999,10,80994.6,19353.09,UPI
ORD03915,2025-12-29,CUST1465,39.0,Male,Maharashtra,West,Furniture,Sofa,2,499,20,798.4,39.36,UPI
ORD03916,2024-11-20,CUST1018,41.0,Male,West Bengal,East,Furniture,Sofa,5,7999,0,39995.0,5041.24,Cash
ORD03917,2024-03-01,CUST1411,57.0,Male,Punjab,North,Office Supplies,Pen,5,2499,10,11245.5,-254.96,Net Banking
ORD03918,2025-03-26,CUST1159,39.0,Male,Delhi,North,Office Supplies,Printer Paper,6,7999,15,40794.9,1080.4,Card
ORD03919,2025-09-02,CUST1801,34.0,Female,Karnataka,South,Furniture,Sofa,5,2499,10,11245.5,334.72,UPI
ORD03920,2024-08-03,CUST1110,54.0,Female,Punjab,North,Furniture,Sofa,1,199,20,159.2,47.19,Card
ORD03921,2024-02-08,CUST1245,35.0,Male,Gujarat,West,Electronics,Laptop,6,14999,5,85494.3,13135.36,UPI
ORD03922,2025-01-11,CUST1723,40.0,Female,Tamil Nadu,South,Electronics,Laptop,6,14999,10,80994.6,17749.18,UPI
ORD03923,2024-08-12,CUST1854,32.0,Male,Odisha,East,Furniture,Desk,6,14999,15,76494.9,10803.21,Cash
ORD03924,2024-12-27,CUST1780,46.0,Female,Karnataka,South,Electronics,Headphones,6,199,20,955.2,120.93,UPI
ORD03925,2024-01-13,CUST1698,22.0,Female,Punjab,North,Furniture,Chair,4,7999,15,27196.6,3575.03,Cash
ORD03926,2025-03-05,CUST1161,60.0,Female,Odisha,East,Office Supplies,Printer Paper,1,2499,10,2249.1,156.35,Net Banking
ORD03927,2025-06-03,CUST1457,40.0,Female,Maharashtra,West,Electronics,Laptop,8,199,20,1273.6,296.15,Cash
ORD03928,2025-11-09,CUST1928,26.0,Male,Delhi,North,Office Supplies,Notebook,1,2499,10,2249.1,585.05,Cash
ORD03929,2024-09-22,CUST1941,52.0,Female,Maharashtra,West,Furniture,Desk,4,7999,0,31996.0,5486.53,Net Banking
ORD03930,2024-09-18,CUST1844,35.0,Male,Maharashtra,West,Office Supplies,Notebook,1,499,10,449.1,76.43,Net Banking
ORD03931,2024-01-01,CUST1123,22.0,Male,Karnataka,South,Office Supplies,Pen,2,7999,20,12798.4,2715.18,Card
ORD03932,2025-10-07,CUST1258,26.0,Female,Tamil Nadu,South,Furniture,Chair,2,14999,15,25498.3,4243.8,Card
ORD03933,2025-05-15,CUST1711,54.0,Male,Gujarat,West,Office Supplies,Pen,5,2499,0,12495.0,3709.19,Cash
ORD03934,2024-04-18,CUST1976,61.0,Male,Tamil Nadu,South,Furniture,Desk,6,499,0,2994.0,420.05,Card
ORD03935,2024-04-02,CUST1338,28.0,Male,Delhi,North,Office Supplies,Pen,2,14999,20,23998.4,658.09,Card
ORD03936,2024-02-08,CUST1563,42.0,Male,Gujarat,West,Electronics,Headphones,7,2499,10,15743.7,374.36,Cash
ORD03937,2024-11-03,CUST1391,65.0,Female,Karnataka,South,Electronics,Phone,8,499,5,3792.4,-16.13,Cash
ORD03938,2025-10-21,CUST1242,49.0,Female,Maharashtra,West,Electronics,Phone,1,2499,0,2499.0,251.2,UPI
ORD03939,2025-09-14,CUST1026,50.0,Female,Punjab,North,Electronics,Headphones,2,199,0,398.0,44.06,Net Banking
ORD03940,2024-10-04,CUST1476,58.0,Female,Delhi,North,Office Supplies,Notebook,8,199,10,1432.8,313.19,Cash
ORD03941,2025-04-17,CUST1891,64.0,Female,Odisha,East,Furniture,Desk,1,499,5,474.05,42.41,Cash
ORD03942,2025-07-06,CUST1733,43.0,Female,Maharashtra,West,Electronics,Headphones,4,14999,15,50996.6,6896.72,UPI
ORD03943,2024-08-05,CUST1025,34.0,Male,Karnataka,South,Office Supplies,Notebook,5,999,5,4745.25,84.27,Card
ORD03944,2024-09-25,CUST1457,40.0,Male,Maharashtra,West,Electronics,Laptop,3,2499,15,6372.45,460.92,Net Banking
ORD03945,2024-05-24,CUST1839,58.0,Male,West Bengal,East,Furniture,Chair,3,999,0,2997.0,-40.66,Card
ORD03946,2024-08-18,CUST1701,33.0,Male,Tamil Nadu,South,Office Supplies,Notebook,2,2499,5,4748.1,1394.26,Card
ORD03947,2025-01-11,CUST1514,19.0,Female,West Bengal,East,Office Supplies,Printer Paper,7,14999,0,104993.0,-1306.11,Cash
ORD03948,2024-05-16,CUST1455,24.0,Female,Karnataka,South,Furniture,Desk,8,2499,5,18992.4,-333.04,Card
ORD03949,2024-05-11,CUST1087,39.0,Male,Delhi,North,Office Supplies,Pen,7,2499,5,16618.35,4478.66,Net Banking
ORD03950,2024-01-07,CUST1958,43.0,Female,Maharashtra,West,Office Supplies,Pen,2,199,0,398.0,43.06,Net Banking
ORD03951,2024-12-24,CUST1895,56.0,Female,Odisha,East,Office Supplies,Pen,2,999,15,1698.3,441.95,Net Banking
ORD03952,2025-04-15,CUST1454,42.0,Female,West Bengal,East,Office Supplies,Pen,5,499,10,2245.5,23.21,Net Banking
ORD03953,2025-11-15,CUST1666,33.0,Female,Tamil Nadu,South,Electronics,Phone,7,199,5,1323.35,269.7,Card
ORD03954,2024-03-04,CUST1695,46.0,Male,Punjab,North,Office Supplies,Printer Paper,1,7999,10,7199.1,1435.28,Cash
ORD03955,2024-11-10,CUST1499,49.0,Male,Punjab,North,Office Supplies,Printer Paper,4,499,5,1896.2,-56.35,Cash
ORD03956,2024-12-18,CUST1703,61.0,Male,Maharashtra,West,Office Supplies,Notebook,6,14999,20,71995.2,21010.59,UPI
ORD03957,2025-06-05,CUST1089,38.0,Female,West Bengal,East,Furniture,Chair,1,2499,5,2374.05,336.26,Net Banking
ORD03958,2024-08-08,CUST1269,30.0,Female,Delhi,North,Electronics,Headphones,1,999,0,999.0,173.44,UPI
ORD03959,2025-09-22,CUST1644,33.0,Female,Maharashtra,West,Furniture,Desk,1,14999,20,11999.2,1494.75,Net Banking
ORD03960,2024-05-27,CUST1096,52.0,Female,Tamil Nadu,South,Office Supplies,Pen,2,14999,15,25498.3,2863.91,Cash
ORD03961,2025-10-17,CUST1205,26.0,Female,Karnataka,South,Office Supplies,Pen,5,2499,10,11245.5,-48.7,UPI
ORD03962,2025-11-19,CUST1172,53.0,Male,Odisha,East,Electronics,Headphones,3,7999,10,21597.3,-291.85,Cash
ORD03963,2024-07-29,CUST1228,24.0,Male,Odisha,East,Office Supplies,Notebook,7,499,15,2969.05,347.0,Cash
ORD03964,2024-01-08,CUST1262,24.0,Female,Delhi,North,Office Supplies,Printer Paper,8,2499,15,16993.2,476.31,Cash
ORD03965,2025-09-17,CUST1410,51.0,Female,Odisha,East,Furniture,Desk,3,499,10,1347.3,121.7,Card
ORD03966,2025-01-15,CUST1704,60.0,Male,Maharashtra,West,Electronics,Phone,6,199,15,1014.9,-13.69,Cash
ORD03967,2024-01-24,CUST1362,46.0,Female,Odisha,East,Office Supplies,Pen,1,14999,10,13499.1,-641.39,Cash
ORD03968,2024-04-27,CUST1231,52.0,Male,Punjab,North,Furniture,Desk,5,7999,15,33995.75,4459.56,Card
ORD03969,2025-09-13,CUST1293,52.0,Male,Tamil Nadu,South,Furniture,Chair,8,7999,5,60792.4,1141.54,UPI
ORD03970,2025-01-08,CUST1826,33.0,Female,Odisha,East,Electronics,Phone,2,2499,0,4998.0,910.51,Card
ORD03971,2024-04-11,CUST1105,59.0,Male,Gujarat,West,Office Supplies,Pen,5,2499,0,12495.0,2906.26,Card
ORD03972,2025-08-13,CUST1518,59.0,Male,Punjab,North,Office Supplies,Pen,4,7999,0,31996.0,5448.1,Cash
ORD03973,2025-05-01,CUST1075,26.0,Female,Odisha,East,Office Supplies,Printer Paper,1,14999,0,14999.0,-42.99,Net Banking
ORD03974,2025-08-27,CUST1098,61.0,Female,Punjab,North,Furniture,Sofa,6,499,20,2395.2,-115.99,Cash
ORD03975,2024-01-30,CUST1812,52.0,Male,Odisha,East,Office Supplies,Pen,1,7999,0,7999.0,1439.47,UPI
ORD03976,2024-02-03,CUST1158,62.0,Male,Punjab,North,Furniture,Chair,7,999,20,5594.4,1186.56,Net Banking
ORD03977,2024-05-12,CUST1537,18.0,Male,Gujarat,West,Furniture,Chair,7,14999,10,94493.7,13633.94,UPI
ORD03978,2025-01-08,CUST1593,52.0,Male,Gujarat,West,Furniture,Chair,7,199,0,1393.0,200.66,Card
ORD03979,2025-04-12,CUST1550,27.0,Female,Delhi,North,Office Supplies,Notebook,1,199,10,179.1,49.2,Net Banking
ORD03980,2025-07-09,CUST1064,45.0,Male,Karnataka,South,Electronics,Laptop,1,2499,0,2499.0,-71.23,UPI
ORD03981,2024-03-11,CUST1356,62.0,Male,Tamil Nadu,South,Furniture,Sofa,7,499,0,3493.0,273.14,Card
ORD03982,2024-06-19,CUST1851,62.0,Female,Maharashtra,West,Office Supplies,Notebook,8,14999,5,113992.4,19022.79,UPI
ORD03983,2025-02-03,CUST1205,53.0,Female,Maharashtra,West,Furniture,Sofa,4,999,20,3196.8,27.57,Cash
ORD03984,2024-08-23,CUST1962,33.0,Female,Odisha,East,Office Supplies,Notebook,1,7999,5,7599.05,1671.31,Cash
ORD03985,2025-10-25,CUST1528,56.0,Male,Odisha,East,Electronics,Headphones,4,999,15,3396.6,608.6,Net Banking
ORD03986,2025-10-13,CUST1153,55.0,Female,Delhi,North,Furniture,Desk,8,999,5,7592.4,-330.32,Card
ORD03987,2024-12-01,CUST1642,60.0,Male,West Bengal,East,Office Supplies,Printer Paper,5,199,15,845.75,96.25,Card
ORD03988,2025-07-08,CUST1082,22.0,Male,Tamil Nadu,South,Office Supplies,Printer Paper,2,999,10,1798.2,445.56,Net Banking
ORD03989,2024-09-20,CUST1043,20.0,Male,Tamil Nadu,South,Furniture,Sofa,5,7999,15,33995.75,1518.16,Net Banking
ORD03990,2024-02-27,CUST1570,58.0,Male,Tamil Nadu,South,Furniture,Sofa,1,2499,5,2374.05,701.65,Cash
ORD03991,2025-11-04,CUST1680,38.0,Female,Maharashtra,West,Electronics,Headphones,8,999,5,7592.4,2183.18,Cash
ORD03992,2025-12-20,CUST1704,53.0,Female,Karnataka,South,Furniture,Desk,6,14999,15,76494.9,9567.7,Net Banking
ORD03993,2024-06-05,CUST1279,,Male,Delhi,North,Electronics,Phone,2,499,5,948.1,78.75,Cash
ORD03994,2025-12-10,CUST1040,43.0,Female,Odisha,East,Office Supplies,Notebook,1,499,10,449.1,-4.21,UPI
ORD03995,2024-10-21,CUST1545,48.0,Female,Odisha,East,Furniture,Chair,6,2499,15,12744.9,3366.42,Cash
ORD03996,2025-07-03,CUST1617,19.0,Male,Gujarat,West,Electronics,Laptop,4,999,15,3396.6,-12.87,Card
ORD03997,2024-09-27,CUST1910,26.0,Male,Punjab,North,Electronics,Phone,8,999,0,7992.0,1012.68,UPI
ORD03998,2025-03-19,CUST1568,59.0,Male,Karnataka,South,electronics,Phone,8,999,15,6793.2,252.82,Net Banking
ORD03999,2025-02-27,CUST1570,38.0,Female,Gujarat,West,Furniture,Desk,6,999,5,5694.3,376.69,Cash
ORD04000,2024-11-13,CUST1895,50.0,Female,Punjab,North,Furniture,Desk,8,7999,5,60792.4,10957.52,Card
ORD04001,2025-10-18,CUST1271,39.0,Male,Karnataka,South,Electronics,Laptop,3,999,10,2697.3,111.72,UPI
ORD04002,2025-10-03,CUST1999,50.0,Female,Odisha,East,Office Supplies,Printer Paper,6,499,20,2395.2,102.82,Cash
ORD04003,2025-01-29,CUST1217,30.0,Female,Maharashtra,West,Furniture,Chair,5,999,0,4995.0,325.32,Card
ORD04004,2025-10-25,CUST1123,30.0,Female,Gujarat,West,Office Supplies,Notebook,2,7999,0,15998.0,2506.7,Cash
ORD04005,2024-04-15,CUST1681,30.0,Male,Odisha,East,Office Supplies,Pen,3,499,20,1197.6,159.97,UPI
ORD04006,2024-01-06,CUST1881,24.0,Female,West Bengal,East,Office Supplies,Printer Paper,8,2499,0,19992.0,-432.96,Net Banking
ORD04007,2024-01-03,CUST1886,55.0,Female,Gujarat,West,Electronics,Phone,1,999,20,799.2,134.51,UPI
ORD04008,2025-09-10,CUST1210,58.0,Female,Maharashtra,West,Furniture,Chair,7,7999,10,50393.7,5775.88,Net Banking
ORD04009,2024-04-02,CUST1717,51.0,Female,Maharashtra,West,Office Supplies,Printer Paper,7,199,15,1184.05,202.65,Net Banking
ORD04010,2025-09-25,CUST1424,58.0,Female,Gujarat,West,Office Supplies,Pen,1,7999,10,7199.1,116.4,UPI
ORD04011,2024-07-17,CUST1679,22.0,Male,Punjab,North,Office Supplies,Printer Paper,1,14999,0,14999.0,3762.34,Net Banking
ORD04012,2025-10-05,CUST1818,52.0,Female,Punjab,North,Furniture,Sofa,8,999,0,7992.0,-8.16,Cash
ORD04013,2024-04-06,CUST1655,28.0,Female,Odisha,East,Furniture,Sofa,6,999,20,4795.2,1222.0,Card
ORD04014,2025-06-16,CUST1711,62.0,Male,Karnataka,South,Furniture,Sofa,4,2499,5,9496.2,-111.88,Cash
ORD04015,2024-06-25,CUST1206,,Female,West Bengal,East,Electronics,Headphones,4,14999,10,53996.4,3494.85,Card
ORD04016,2024-07-02,CUST1830,62.0,Female,Tamil Nadu,South,Furniture,Desk,8,199,0,1592.0,347.14,Cash
ORD04017,2025-05-22,CUST1717,21.0,Male,Tamil Nadu,South,Electronics,Phone,3,7999,15,20397.45,416.24,UPI
ORD04018,2024-02-15,CUST1985,42.0,Male,Punjab,North,Furniture,Sofa,1,499,20,399.2,83.94,Net Banking
ORD04019,2024-01-03,CUST1185,59.0,Female,Maharashtra,West,Furniture,Desk,4,499,10,1796.4,337.55,UPI
ORD04020,2025-08-29,CUST1824,53.0,Female,Tamil Nadu,South,Furniture,Desk,2,14999,15,25498.3,4421.69,Card
ORD04021,2025-10-17,CUST1979,64.0,Male,Tamil Nadu,South,Electronics,Laptop,6,14999,0,89994.0,3972.73,Cash
ORD04022,2025-01-09,CUST1044,34.0,Female,Punjab,North,Electronics,Headphones,4,14999,15,50996.6,13924.42,Cash
ORD04023,2025-11-01,CUST1481,27.0,Male,Tamil Nadu,South,Electronics,Headphones,3,14999,5,42747.15,2856.81,Cash
ORD04024,2024-04-28,CUST1231,57.0,Male,Punjab,North,Office Supplies,Pen,4,199,15,676.6,178.08,Card
ORD04025,2024-06-18,CUST1201,35.0,Male,Odisha,East,Office Supplies,Printer Paper,3,2499,10,6747.3,1659.67,Net Banking
ORD04026,2025-01-01,CUST1411,33.0,Female,Punjab,North,Furniture,Sofa,4,499,10,1796.4,140.29,Card
ORD04027,2025-08-16,CUST1573,20.0,Male,Tamil Nadu,South,Electronics,Headphones,8,999,20,6393.6,1448.61,Cash
ORD04028,2024-05-08,CUST1415,58.0,Female,Odisha,East,Office Supplies,Notebook,4,7999,0,31996.0,3561.07,Card
ORD04029,2024-11-18,CUST1015,39.0,Female,West Bengal,East,Furniture,Desk,8,999,0,7992.0,-112.64,Net Banking
ORD04030,2025-02-10,CUST1888,55.0,Female,Odisha,East,Office Supplies,Printer Paper,1,14999,15,12749.15,804.17,UPI
ORD04031,2024-03-03,CUST1408,33.0,Male,Karnataka,South,Electronics,Phone,3,199,10,537.3,18.31,Card
ORD04032,2024-09-04,CUST1348,55.0,Male,Punjab,North,Office Supplies,Pen,2,14999,5,28498.1,2383.31,Card
ORD04033,2024-08-09,CUST1161,53.0,Female,West Bengal,East,Electronics,Laptop,7,199,5,1323.35,311.66,Card
ORD04034,2024-09-24,CUST1755,56.0,Male,West Bengal,East,Office Supplies,Notebook,5,999,10,4495.5,-10.22,UPI
ORD04035,2024-02-27,CUST1015,19.0,Male,West Bengal,East,Electronics,Laptop,4,14999,5,56996.2,12590.41,UPI
ORD04036,2024-08-29,CUST1340,21.0,Female,Tamil Nadu,South,Office Supplies,Printer Paper,3,7999,5,22797.15,972.64,Card
ORD04037,2025-05-11,CUST1420,29.0,Female,Tamil Nadu,South,Electronics,Laptop,6,2499,0,14994.0,2589.11,Cash
ORD04038,2025-04-14,CUST1593,41.0,Male,Gujarat,West,Furniture,Desk,1,7999,20,6399.2,1624.57,Net Banking
ORD04039,2024-02-25,CUST1401,33.0,Male,Punjab,North,Electronics,Headphones,4,199,15,676.6,-24.42,Net Banking
ORD04040,2024-06-16,CUST1431,22.0,Female,Delhi,North,Furniture,Chair,2,14999,10,26998.2,2647.85,UPI
ORD04041,2025-08-08,CUST1481,63.0,Female,Maharashtra,West,Office Supplies,Notebook,5,999,20,3996.0,735.18,Net Banking
ORD04042,2025-03-18,CUST1170,56.0,Male,Karnataka,South,Office Supplies,Pen,4,7999,5,30396.2,-838.64,UPI
ORD04043,2024-11-29,CUST1180,64.0,Male,Karnataka,South,Office Supplies,Notebook,4,7999,0,31996.0,604.63,UPI
ORD04044,2025-12-23,CUST1298,20.0,Male,West Bengal,East,Furniture,Chair,8,14999,0,119992.0,26397.5,Cash
ORD04045,2024-06-07,CUST1257,41.0,Female,West Bengal,East,Electronics,Phone,6,499,5,2844.3,445.39,Net Banking
ORD04046,2025-02-28,CUST1930,28.0,Male,Delhi,North,Office Supplies,Printer Paper,4,14999,10,53996.4,-2045.82,UPI
ORD04047,2024-08-27,CUST1212,63.0,Female,Gujarat,West,Electronics,Phone,4,999,20,3196.8,756.52,Cash
ORD04048,2025-05-08,CUST1370,54.0,Female,Delhi,North,Furniture,Chair,1,7999,10,7199.1,497.44,Card
ORD04049,2025-05-08,CUST1004,53.0,Female,Tamil Nadu,South,Furniture,Chair,4,499,5,1896.2,-85.51,Card
ORD04050,2025-10-07,CUST1771,40.0,Male,Gujarat,West,Office Supplies,Pen,7,14999,15,89244.05,4443.91,Card
ORD04051,2025-01-25,CUST1585,26.0,Male,West Bengal,East,Office Supplies,Pen,7,999,0,6993.0,1011.18,Net Banking
ORD04052,2024-04-15,CUST1815,25.0,Male,Delhi,North,Furniture,Chair,6,14999,10,80994.6,21245.59,Cash
ORD04053,2025-02-21,CUST1456,44.0,Male,Odisha,East,Electronics,Headphones,5,199,5,945.25,92.62,Cash
ORD04054,2025-03-10,CUST1841,35.0,Male,Punjab,North,Office Supplies,Pen,5,2499,0,12495.0,461.37,Cash
ORD04055,2024-08-18,CUST1143,44.0,Male,West Bengal,East,Office Supplies,Notebook,1,2499,10,2249.1,100.6,Cash
ORD04056,2025-12-29,CUST1272,30.0,Male,Tamil Nadu,South,Electronics,Headphones,4,2499,0,9996.0,708.02,Card
ORD04057,2025-01-08,CUST1246,64.0,Male,Punjab,North,Office Supplies,Pen,4,14999,0,59996.0,10000.35,UPI
ORD04058,2025-03-24,CUST1562,47.0,Male,Tamil Nadu,South,Electronics,Headphones,7,999,20,5594.4,590.07,Net Banking
ORD04059,2024-08-26,CUST1037,47.0,Male,Gujarat,West,Furniture,Desk,3,7999,15,20397.45,3458.17,Net Banking
ORD04060,2024-10-23,CUST1536,18.0,Female,Delhi,North,Office Supplies,Notebook,1,199,5,189.05,10.02,Net Banking
ORD04061,2024-01-27,CUST1286,34.0,Male,West Bengal,East,Electronics,Laptop,8,999,20,6393.6,1141.38,Card
ORD04062,2024-10-27,CUST1939,54.0,Male,Punjab,North,Electronics,Headphones,4,14999,0,59996.0,12370.45,Card
ORD04063,2024-03-28,CUST1133,22.0,Male,West Bengal,East,Electronics,Headphones,7,999,0,6993.0,1824.21,Net Banking
ORD04064,2024-01-10,CUST1222,23.0,Female,Punjab,North,Office Supplies,Notebook,2,199,10,358.2,28.54,Net Banking
ORD04065,2025-01-01,CUST1663,25.0,Female,West Bengal,East,Furniture,Desk,1,2499,15,2124.15,612.46,Card
ORD04066,2024-05-03,CUST1272,64.0,Male,West Bengal,East,Furniture,Chair,6,2499,0,14994.0,2224.85,Net Banking
ORD04067,2024-04-27,CUST1107,39.0,Male,Maharashtra,West,Office Supplies,Notebook,2,999,5,1898.1,263.76,Card
ORD04068,2025-01-13,CUST1631,30.0,Female,Punjab,North,Electronics,Headphones,8,199,10,1432.8,32.57,Card
ORD04069,2025-12-15,CUST1894,49.0,Male,Punjab,North,Electronics,Headphones,7,999,0,6993.0,1196.72,Cash
ORD04070,2024-03-17,CUST1191,27.0,Male,West Bengal,East,Electronics,Headphones,1,2499,5,2374.05,296.14,Net Banking
ORD04071,2024-01-21,CUST1561,51.0,Female,Tamil Nadu,South,Office Supplies,Notebook,5,999,5,4745.25,262.05,Card
ORD04072,2024-01-16,CUST1944,55.0,Male,Maharashtra,West,Furniture,Chair,4,2499,0,9996.0,-152.97,Card
ORD04073,2025-12-25,CUST1113,55.0,Male,Punjab,North,Electronics,Laptop,2,499,20,798.4,86.29,UPI
ORD04074,2024-09-20,CUST1637,27.0,Female,Gujarat,West,Office Supplies,Notebook,6,14999,20,71995.2,18160.56,Cash
ORD04075,2025-10-22,CUST1177,48.0,Male,Tamil Nadu,South,Office Supplies,Pen,1,499,15,424.15,42.09,Net Banking
ORD04076,2024-06-24,CUST1579,58.0,Male,Gujarat,West,Furniture,Sofa,2,199,0,398.0,26.66,Net Banking
ORD04077,2025-06-13,CUST1239,60.0,Female,Tamil Nadu,South,Electronics,Laptop,7,2499,15,14869.05,1846.59,Net Banking
ORD04078,2024-02-25,CUST1515,57.0,Male,Maharashtra,West,Electronics,Phone,1,7999,5,7599.05,288.81,Cash
ORD04079,2024-02-26,CUST1575,29.0,Male,Delhi,North,Electronics,Headphones,2,999,15,1698.3,257.66,Net Banking
ORD04080,2024-06-03,CUST1603,38.0,Male,Maharashtra,West,Office Supplies,Pen,3,199,0,597.0,63.39,UPI
ORD04081,2024-03-30,CUST1871,19.0,Female,Gujarat,West,Electronics,Headphones,7,7999,15,47594.05,10544.92,Card
ORD04082,2025-05-10,CUST1221,44.0,Male,Karnataka,South,Office Supplies,Printer Paper,3,14999,15,38247.45,3322.87,Net Banking
ORD04083,2025-02-18,CUST1658,49.0,Female,Karnataka,South,Electronics,Headphones,6,199,15,1014.9,88.16,Card
ORD04084,2024-02-19,CUST1695,56.0,Male,Odisha,East,Electronics,Headphones,1,14999,0,14999.0,1033.67,UPI
ORD04085,2025-08-27,CUST1779,50.0,Male,Punjab,North,Office Supplies,Printer Paper,3,999,0,2997.0,575.86,Cash
ORD04086,2024-03-10,CUST1864,,Female,Odisha,East,Furniture,Desk,2,7999,20,12798.4,2714.32,UPI
ORD04087,2025-08-21,CUST1624,20.0,Female,Maharashtra,West,Furniture,Chair,6,199,5,1134.3,179.99,Net Banking
ORD04088,2025-07-03,CUST1215,44.0,Female,Delhi,North,Office Supplies,Printer Paper,2,14999,10,26998.2,4426.48,Cash
ORD04089,2025-12-13,CUST1095,25.0,Female,Delhi,North,Electronics,Laptop,8,2499,10,17992.8,2648.94,Net Banking
ORD04090,2024-12-13,CUST1657,30.0,Male,Gujarat,West,Furniture,Chair,1,999,5,949.05,226.83,Cash
ORD04091,2025-07-05,CUST1253,53.0,Female,Gujarat,West,Office Supplies,Printer Paper,3,499,20,1197.6,75.19,Card
ORD04092,2025-01-03,CUST1903,43.0,Female,Karnataka,South,Electronics,Phone,8,999,20,6393.6,641.1,Cash
ORD04093,2025-09-04,CUST1956,26.0,Female,Tamil Nadu,South,Electronics,Phone,4,999,15,3396.6,168.33,Card
ORD04094,2025-07-06,CUST1091,18.0,Male,Delhi,North,Electronics,Phone,1,14999,0,14999.0,339.29,Card
ORD04095,2025-02-18,CUST1009,56.0,Male,Karnataka,South,Electronics,Headphones,3,499,10,1347.3,360.16,Net Banking
ORD04096,2025-07-30,CUST1018,49.0,Female,Odisha,East,Office Supplies,Printer Paper,6,199,15,1014.9,90.84,Cash
ORD04097,2025-11-18,CUST1723,43.0,Male,Odisha,East,Office Supplies,Notebook,5,499,20,1996.0,102.05,Net Banking
ORD04098,2024-04-17,CUST1019,39.0,Female,Karnataka,South,Office Supplies,Notebook,8,14999,15,101993.2,-379.23,Card
ORD04099,2025-02-26,CUST1364,64.0,Female,Tamil Nadu,South,Electronics,Headphones,3,7999,10,21597.3,5356.11,UPI
ORD04100,2024-08-10,CUST1870,30.0,Female,Punjab,North,Furniture,Sofa,7,999,20,5594.4,848.37,Cash
ORD04101,2025-07-23,CUST1451,44.0,Male,West Bengal,East,Office Supplies,Notebook,1,499,5,474.05,66.07,Cash
ORD04102,2025-01-21,CUST1789,59.0,Male,Odisha,East,Electronics,Headphones,4,14999,15,50996.6,13585.44,Card
ORD04103,2024-08-09,CUST1107,51.0,Male,Odisha,East,Furniture,Chair,8,7999,10,57592.8,6045.83,Cash
ORD04104,2025-07-04,CUST1959,39.0,Male,Karnataka,South,Electronics,Laptop,5,7999,5,37995.25,6641.5,UPI
ORD04105,2024-06-12,CUST1114,45.0,Female,Odisha,East,Office Supplies,Printer Paper,2,999,0,1998.0,452.19,Net Banking
ORD04106,2025-06-01,CUST1906,57.0,Female,Punjab,North,Electronics,Laptop,1,2499,15,2124.15,543.35,UPI
ORD04107,2025-08-13,CUST1223,53.0,Female,West Bengal,East,Office Supplies,Pen,7,999,20,5594.4,-23.62,Cash
ORD04108,2025-07-17,CUST1408,30.0,Male,Punjab,North,Office Supplies,Pen,6,199,5,1134.3,293.15,Cash
ORD04109,2025-02-04,CUST1044,26.0,Female,Gujarat,West,Office Supplies,Notebook,2,999,10,1798.2,292.22,Cash
ORD04110,2024-07-25,CUST1022,48.0,Male,Karnataka,South,Office Supplies,Printer Paper,4,199,10,716.4,130.37,Net Banking
ORD04111,2024-03-18,CUST1367,21.0,Male,Delhi,North,Furniture,Sofa,8,7999,15,54393.2,15248.29,UPI
ORD04112,2024-03-30,CUST1520,31.0,Male,Odisha,East,Electronics,Laptop,3,7999,10,21597.3,1543.6,Net Banking
ORD04113,2024-11-11,CUST1227,51.0,Male,Punjab,North,Office Supplies,Pen,5,499,10,2245.5,-93.7,Card
ORD04114,2025-04-02,CUST1887,39.0,Female,Tamil Nadu,South,Office Supplies,Notebook,1,2499,20,1999.2,199.38,Card
ORD04115,2025-10-29,CUST1225,43.0,Female,Punjab,North,Electronics,Headphones,6,2499,15,12744.9,2543.15,UPI
ORD04116,2024-12-30,CUST1782,23.0,Female,Tamil Nadu,South,Electronics,Phone,3,999,15,2547.45,123.03,UPI
ORD04117,2025-12-08,CUST1160,62.0,Female,Tamil Nadu,South,Furniture,Desk,2,14999,10,26998.2,3453.25,UPI
ORD04118,2025-04-05,CUST1697,41.0,Female,Gujarat,West,Office Supplies,Pen,2,2499,20,3998.4,26.74,Net Banking
ORD04119,2025-11-16,CUST1261,23.0,Female,Karnataka,South,Furniture,Chair,5,2499,0,12495.0,-274.78,Cash
ORD04120,2024-07-26,CUST1926,61.0,Female,Delhi,North,Electronics,Headphones,3,999,15,2547.45,475.89,Net Banking
ORD04121,2024-09-23,CUST1000,26.0,Male,Tamil Nadu,South,Office Supplies,Notebook,8,2499,15,16993.2,1424.86,Cash
ORD04122,2024-01-07,CUST1798,26.0,Male,Maharashtra,West,Furniture,Desk,2,499,15,848.3,38.51,Net Banking
ORD04123,2025-02-01,CUST1183,47.0,Female,Odisha,East,Furniture,Chair,4,14999,15,50996.6,5994.0,Cash
ORD04124,2025-08-09,CUST1252,56.0,Female,Odisha,East,Electronics,Laptop,5,7999,20,31996.0,6866.18,Cash
ORD04125,2024-02-20,CUST1876,55.0,Female,Odisha,East,Electronics,Phone,5,14999,5,71245.25,956.18,Net Banking
ORD04126,2025-12-26,CUST1715,30.0,Male,Punjab,North,Furniture,Desk,8,2499,10,17992.8,2276.35,Card
ORD04127,2024-09-02,CUST1523,52.0,Female,Gujarat,West,Office Supplies,Printer Paper,3,2499,0,7497.0,340.33,UPI
ORD04128,2024-05-14,CUST1842,55.0,Female,Maharashtra,West,Furniture,Sofa,4,999,10,3596.4,103.03,UPI
ORD04129,2024-09-22,CUST1839,52.0,Male,Odisha,East,Furniture,Chair,5,199,5,945.25,156.3,Cash
ORD04130,2024-09-18,CUST1960,60.0,Male,Gujarat,West,Office Supplies,Printer Paper,1,7999,15,6799.15,613.28,Net Banking
ORD04131,2025-04-12,CUST1198,48.0,Male,Tamil Nadu,South,Furniture,Desk,2,199,10,358.2,37.93,Cash
ORD04132,2025-04-30,CUST1865,23.0,Male,Maharashtra,West,Furniture,Chair,2,14999,15,,613.74,Net Banking
ORD04133,2024-04-30,CUST1407,45.0,Female,Karnataka,South,Furniture,Chair,4,199,20,636.8,122.13,Card
ORD04134,2025-08-14,CUST1658,64.0,Female,Maharashtra,West,Furniture,Sofa,7,7999,20,44794.4,5955.52,Net Banking
ORD04135,2025-10-06,CUST1645,29.0,Male,Maharashtra,West,Office Supplies,Notebook,3,499,10,1347.3,151.65,Cash
ORD04136,2025-04-11,CUST1104,43.0,Female,Gujarat,West,Office Supplies,Printer Paper,7,2499,0,17493.0,5167.71,Card
ORD04137,2025-12-09,CUST1176,30.0,Female,Odisha,East,Furniture,Sofa,3,999,15,2547.45,351.22,UPI
ORD04138,2024-09-01,CUST1257,39.0,Female,Delhi,North,Office Supplies,Notebook,5,199,5,945.25,209.9,UPI
ORD04139,2024-07-04,CUST1971,22.0,Male,Odisha,East,Electronics,Laptop,6,999,20,4795.2,1424.92,Cash
ORD04140,2025-04-28,CUST1668,45.0,Male,Punjab,North,Electronics,Headphones,1,2499,0,2499.0,255.33,Card
ORD04141,2025-02-13,CUST1911,36.0,Male,Karnataka,South,Furniture,Desk,6,499,20,2395.2,44.92,Cash
ORD04142,2024-03-31,CUST1033,24.0,Male,West Bengal,East,Electronics,Phone,4,499,5,1896.2,446.31,Cash
ORD04143,2025-09-11,CUST1366,54.0,Female,Odisha,East,Furniture,Desk,2,999,20,1598.4,249.46,Net Banking
ORD04144,2025-11-04,CUST1742,26.0,Female,Delhi,North,Electronics,Headphones,8,199,10,1432.8,143.29,UPI
ORD04145,2024-07-16,CUST1804,43.0,Female,Karnataka,South,Electronics,Phone,4,999,10,3596.4,287.04,UPI
ORD04146,2025-08-16,CUST1519,25.0,Male,Gujarat,West,Electronics,Phone,5,14999,10,67495.5,13618.88,Net Banking
ORD04147,2025-01-21,CUST1840,63.0,Male,Karnataka,South,Furniture,Desk,4,7999,5,30396.2,5222.54,Cash
ORD04148,2024-06-28,CUST1272,46.0,Female,Tamil Nadu,South,Electronics,Headphones,3,199,0,597.0,98.49,UPI
ORD04149,2025-08-15,CUST1755,31.0,Female,West Bengal,East,Furniture,Sofa,8,7999,5,60792.4,-1768.23,UPI
ORD04150,2025-09-21,CUST1517,30.0,Male,Delhi,North,Electronics,Laptop,4,7999,5,30396.2,6175.09,Card
ORD04151,2025-05-16,CUST1436,23.0,Female,West Bengal,East,Office Supplies,Printer Paper,6,7999,10,43194.6,12054.82,Card
ORD04152,2024-11-30,CUST1698,62.0,Female,Maharashtra,West,Electronics,Laptop,5,14999,0,74995.0,-3588.79,Net Banking
ORD04153,2025-03-02,CUST1000,40.0,Female,Delhi,North,Office Supplies,Notebook,2,999,5,1898.1,514.72,Cash
ORD04154,2024-12-06,CUST1634,58.0,Male,Karnataka,South,Electronics,Headphones,2,199,10,358.2,15.45,Card
ORD04155,2024-10-26,CUST1067,49.0,Female,Maharashtra,West,Office Supplies,Pen,1,7999,0,7999.0,257.81,Cash
ORD04156,2024-01-26,CUST1922,54.0,Male,Karnataka,South,Furniture,Sofa,5,7999,5,37995.25,8555.07,Card
ORD04157,2025-03-02,CUST1018,57.0,Female,Maharashtra,West,Electronics,Laptop,6,14999,5,85494.3,25349.93,Cash
ORD04158,2025-05-19,CUST1212,26.0,Male,Tamil Nadu,South,Furniture,Sofa,4,14999,10,53996.4,14211.9,Card
ORD04159,2024-01-30,CUST1367,32.0,Male,Maharashtra,West,Electronics,Phone,4,999,5,3796.2,878.57,Cash
ORD04160,2024-09-28,CUST1421,35.0,Female,Maharashtra,West,Furniture,Sofa,1,999,20,799.2,98.63,Cash
ORD04161,2024-12-06,CUST1913,58.0,Female,West Bengal,East,Office Supplies,Pen,4,499,10,1796.4,-69.96,Cash
ORD04162,2025-10-03,CUST1001,33.0,Male,Delhi,North,Office Supplies,Printer Paper,4,999,5,3796.2,563.29,Net Banking
ORD04163,2025-06-03,CUST1935,39.0,Female,Gujarat,West,Furniture,Sofa,1,7999,10,7199.1,31.03,Card
ORD04164,2025-06-11,CUST1693,60.0,Male,West Bengal,East,Office Supplies,Pen,3,7999,0,23997.0,-925.12,Cash
ORD04165,2025-04-08,CUST1482,31.0,Male,Odisha,East,Office Supplies,Notebook,1,499,15,424.15,-17.69,UPI
ORD04166,2024-07-29,CUST1708,21.0,Female,Punjab,North,Office Supplies,Printer Paper,7,7999,10,50393.7,6640.71,Cash
ORD04167,2025-10-31,CUST1120,35.0,Male,Maharashtra,West,Electronics,Phone,1,14999,20,11999.2,866.06,Cash
ORD04168,2024-02-04,CUST1002,20.0,Female,Delhi,North,Office Supplies,Notebook,4,14999,15,50996.6,-1211.79,Cash
ORD04169,2025-06-02,CUST1947,24.0,Male,West Bengal,East,Office Supplies,Printer Paper,3,14999,5,42747.15,7818.64,Cash
ORD04170,2024-11-26,CUST1862,41.0,Female,West Bengal,East,Furniture,Desk,4,14999,20,47996.8,4070.87,Card
ORD04171,2024-02-29,CUST1626,30.0,Male,Odisha,East,Electronics,Laptop,8,199,0,1592.0,428.24,Card
ORD04172,2024-04-08,CUST1906,37.0,Male,West Bengal,East,Office Supplies,Pen,2,2499,15,4248.3,-49.47,UPI
ORD04173,2024-05-14,CUST1126,42.0,Female,West Bengal,East,Office Supplies,Pen,6,499,15,2544.9,597.23,Cash
ORD04174,2025-12-13,CUST1023,25.0,Female,Delhi,North,Electronics,Laptop,2,499,5,948.1,25.35,Net Banking
ORD04175,2024-07-10,CUST1226,53.0,Male,Gujarat,West,Furniture,Sofa,7,14999,15,89244.05,23827.21,Net Banking
ORD04176,2024-06-28,CUST1821,50.0,Male,West Bengal,East,Furniture,Chair,5,999,15,4245.75,1111.64,Net Banking
ORD04177,2025-09-21,CUST1781,64.0,Female,West Bengal,East,Furniture,Chair,1,999,20,799.2,62.76,UPI
ORD04178,2025-05-18,CUST1183,23.0,Male,Punjab,North,Office Supplies,Notebook,7,499,10,3143.7,890.98,Net Banking
ORD04179,2024-12-24,CUST1758,47.0,Male,Tamil Nadu,South,Furniture,Chair,1,999,20,799.2,-17.7,Cash
ORD04180,2025-01-11,CUST1171,57.0,Female,Odisha,East,Electronics,Headphones,5,7999,10,35995.5,7248.2,Cash
ORD04181,2024-11-08,CUST1144,34.0,Female,Tamil Nadu,South,Electronics,Laptop,2,2499,5,4748.1,-24.33,UPI
ORD04182,2025-01-28,CUST1321,24.0,Male,Delhi,North,Electronics,Laptop,2,14999,15,25498.3,7551.19,Cash
ORD04183,2024-09-07,CUST1109,36.0,Female,Karnataka,South,Furniture,Sofa,6,2499,20,11995.2,2563.71,Net Banking
ORD04184,2024-03-07,CUST1224,19.0,Male,Tamil Nadu,South,Electronics,Laptop,4,199,5,756.2,36.46,Card
ORD04185,2024-10-15,CUST1254,47.0,Female,Delhi,North,Electronics,Phone,7,999,10,6293.7,92.64,Card
ORD04186,2025-04-30,CUST1024,60.0,Male,Odisha,East,Office Supplies,Printer Paper,3,14999,5,42747.15,11201.79,Net Banking
ORD04187,2025-06-14,CUST1959,46.0,Male,Punjab,North,Office Supplies,Pen,7,7999,15,47594.05,7824.52,Cash
ORD04188,2025-04-03,CUST1707,45.0,Female,Gujarat,West,Office Supplies,Pen,2,199,5,378.1,27.1,Net Banking
ORD04189,2025-06-02,CUST1026,20.0,Female,Maharashtra,West,Office Supplies,Pen,7,499,5,3318.35,489.98,Card
ORD04190,2024-05-11,CUST1046,24.0,Male,Punjab,North,Furniture,Desk,1,14999,10,13499.1,2325.21,UPI
ORD04191,2024-08-16,CUST1241,59.0,Male,Maharashtra,West,Office Supplies,Pen,3,499,10,1347.3,372.09,UPI
ORD04192,2025-02-19,CUST1756,57.0,Female,Punjab,North,Electronics,Laptop,2,2499,0,4998.0,504.71,Cash
ORD04193,2025-06-23,CUST1826,63.0,Female,Odisha,East,Office Supplies,Pen,1,2499,0,2499.0,-26.98,Card
ORD04194,2024-07-20,CUST1506,25.0,Female,Delhi,North,Furniture,Desk,8,499,5,3792.4,584.08,Cash
ORD04195,2024-07-01,CUST1741,37.0,Female,Maharashtra,West,Electronics,Phone,5,499,5,2370.25,215.98,Cash
ORD04196,2024-01-27,CUST1531,60.0,Male,Maharashtra,West,Furniture,Chair,5,2499,20,9996.0,1238.53,Cash
ORD04197,2024-03-02,CUST1159,64.0,Female,Maharashtra,West,Electronics,Phone,5,14999,10,67495.5,3218.37,Cash
ORD04198,2025-02-19,CUST1399,45.0,Male,West Bengal,East,Furniture,Desk,4,2499,20,7996.8,1911.36,Cash
ORD04199,2025-02-20,CUST1069,51.0,Male,Odisha,East,Office Supplies,Pen,2,199,20,318.4,42.48,Net Banking
ORD04200,2025-06-14,CUST1758,36.0,Female,Maharashtra,West,Furniture,Desk,8,999,20,6393.6,614.86,UPI
ORD04201,2025-06-16,CUST1107,38.0,Female,Maharashtra,West,Office Supplies,Notebook,2,14999,20,23998.4,5767.67,Net Banking
ORD04202,2025-03-24,CUST1611,47.0,Male,Odisha,East,Electronics,Laptop,6,999,10,5394.6,378.87,Net Banking
ORD04203,2024-08-03,CUST1027,19.0,Male,Punjab,North,Furniture,Sofa,1,999,10,899.1,61.22,Net Banking
ORD04204,2025-08-24,CUST1179,24.0,Male,Karnataka,South,Furniture,Chair,3,2499,5,7122.15,2040.77,Cash
ORD04205,2025-10-23,CUST1937,58.0,Male,Gujarat,West,Office Supplies,Notebook,5,199,10,895.5,69.95,Cash
ORD04206,2025-10-27,CUST1413,37.0,Male,Punjab,North,Furniture,Desk,6,2499,10,13494.6,62.14,Cash
ORD04207,2024-02-22,CUST1281,22.0,Male,Tamil Nadu,South,Furniture,Chair,3,499,0,1497.0,22.0,Net Banking
ORD04208,2024-03-04,CUST1976,61.0,Male,Odisha,East,Electronics,Phone,3,2499,10,6747.3,31.95,Cash
ORD04209,2025-01-17,CUST1034,21.0,Male,Gujarat,West,Electronics,Headphones,7,2499,5,16618.35,1723.2,UPI
ORD04210,2024-01-02,CUST1432,64.0,Female,Punjab,North,Furniture,Sofa,4,499,0,1996.0,161.81,Card
ORD04211,2025-11-16,CUST1359,26.0,Male,Gujarat,West,Office Supplies,Notebook,6,7999,20,38395.2,1485.76,Net Banking
ORD04212,2025-08-06,CUST1384,49.0,Female,Odisha,East,Electronics,Laptop,1,199,5,189.05,-7.26,Card
ORD04213,2024-05-02,CUST1713,47.0,Female,West Bengal,East,Furniture,Chair,4,499,0,1996.0,484.58,Card
ORD04214,2024-12-28,CUST1239,23.0,Female,Gujarat,West,Office Supplies,Notebook,7,199,10,1253.7,166.81,UPI
ORD04215,2025-12-02,CUST1046,47.0,Female,West Bengal,East,Electronics,Laptop,8,199,10,1432.8,37.18,UPI
ORD04216,2025-06-02,CUST1580,30.0,Female,Karnataka,South,Office Supplies,Pen,5,7999,20,31996.0,8147.18,Net Banking
ORD04217,2025-02-05,CUST1907,62.0,Female,West Bengal,East,Office Supplies,Printer Paper,7,199,0,1393.0,167.37,Net Banking
ORD04218,2024-06-25,CUST1703,55.0,Male,Karnataka,South,Electronics,Laptop,2,499,0,998.0,178.16,UPI
ORD04219,2024-10-03,CUST1293,51.0,Male,Tamil Nadu,South,Electronics,Laptop,4,2499,15,8496.6,572.66,Net Banking
ORD04220,2024-10-12,CUST1864,25.0,Male,Karnataka,South,Furniture,Desk,7,7999,10,50393.7,4707.61,Net Banking
ORD04221,2025-08-22,CUST1253,30.0,Female,Punjab,North,Office Supplies,Printer Paper,6,999,10,5394.6,-24.66,Card
ORD04222,2024-02-05,CUST1319,48.0,Female,Karnataka,South,Furniture,Sofa,7,199,15,1184.05,194.69,Card
ORD04223,2024-02-15,CUST1775,34.0,Male,Delhi,North,Office Supplies,Pen,6,999,10,5394.6,-113.88,Net Banking
ORD04224,2024-07-29,CUST1329,44.0,Male,Maharashtra,West,Electronics,Headphones,7,2499,0,17493.0,1146.7,UPI
ORD04225,2025-07-04,CUST1778,40.0,Male,Maharashtra,West,Furniture,Desk,5,999,15,4245.75,-198.01,Card
ORD04226,2025-05-11,CUST1619,22.0,Male,Punjab,North,Furniture,Desk,4,499,5,1896.2,352.03,Card
ORD04227,2024-07-01,CUST1815,55.0,Male,Gujarat,West,Electronics,Laptop,6,7999,5,45594.3,8596.78,Net Banking
ORD04228,2024-03-13,CUST1565,46.0,Female,West Bengal,East,Electronics,Laptop,3,999,5,2847.15,402.01,Net Banking
ORD04229,2025-11-16,CUST1264,41.0,Male,Maharashtra,West,Furniture,Desk,6,14999,15,76494.9,507.07,Net Banking
ORD04230,2024-07-24,CUST1750,30.0,Female,Maharashtra,West,Furniture,Sofa,4,499,10,1796.4,-59.86,UPI
ORD04231,2025-01-26,CUST1659,51.0,Male,Maharashtra,West,Furniture,Sofa,3,2499,15,6372.45,846.62,Card
ORD04232,2024-05-26,CUST1496,41.0,Male,Gujarat,West,Furniture,Desk,4,199,0,796.0,-26.02,UPI
ORD04233,2024-08-28,CUST1916,32.0,Female,Maharashtra,West,Furniture,Desk,1,7999,5,7599.05,1110.3,Card
ORD04234,2024-06-29,CUST1510,54.0,Male,West Bengal,East,Office Supplies,Notebook,4,2499,10,8996.4,965.77,UPI
ORD04235,2025-05-25,CUST1842,44.0,Male,Tamil Nadu,South,Office Supplies,Printer Paper,5,7999,10,35995.5,1476.19,UPI
ORD04236,2025-04-27,CUST1178,50.0,Male,Tamil Nadu,South,Office Supplies,Printer Paper,4,499,10,1796.4,-71.1,Cash
ORD04237,2024-02-01,CUST1614,52.0,Male,Punjab,North,Electronics,Headphones,1,7999,20,6399.2,1514.06,Cash
ORD04238,2024-11-05,CUST1337,26.0,Male,Delhi,North,Electronics,Phone,3,2499,5,7122.15,2124.87,Net Banking
ORD04239,2025-12-28,CUST1723,48.0,Male,Odisha,East,Electronics,Phone,8,499,5,3792.4,725.59,UPI
ORD04240,2024-04-08,CUST1401,57.0,Male,Karnataka,South,Furniture,Desk,4,499,10,1796.4,-58.27,UPI
ORD04241,2025-12-20,CUST1799,22.0,Female,Gujarat,West,Furniture,Chair,2,14999,15,25498.3,1743.78,Card
ORD04242,2025-03-11,CUST1436,64.0,Male,Maharashtra,West,Furniture,Sofa,6,199,5,1134.3,22.41,Cash
ORD04243,2025-05-05,CUST1067,61.0,Male,Gujarat,West,Electronics,Headphones,7,2499,10,15743.7,4209.33,Card
ORD04244,2024-05-01,CUST1596,63.0,Male,Karnataka,South,Office Supplies,Notebook,8,499,5,3792.4,788.39,Cash
ORD04245,2025-11-11,CUST1878,50.0,Female,Gujarat,West,Furniture,Chair,7,499,15,2969.05,454.57,Card
ORD04246,2025-08-17,CUST1077,56.0,Female,Gujarat,West,Office Supplies,Pen,6,999,20,4795.2,798.55,Net Banking
ORD04247,2024-11-09,CUST1585,63.0,Female,Gujarat,West,Electronics,Headphones,3,499,5,1422.15,117.16,Card
ORD04248,2025-11-27,CUST1257,27.0,Female,West Bengal,East,Furniture,Sofa,1,14999,10,13499.1,256.29,Card
ORD04249,2024-10-05,CUST1725,35.0,Male,Maharashtra,West,Furniture,Chair,2,2499,15,4248.3,485.5,UPI
ORD04250,2025-08-27,CUST1861,48.0,Male,Karnataka,South,Electronics,Headphones,5,499,0,2495.0,582.66,Card
ORD04251,2024-02-02,CUST1677,29.0,Female,Delhi,North,Furniture,Desk,4,199,15,676.6,43.53,UPI
ORD04252,2024-01-25,CUST1305,38.0,Male,West Bengal,East,Office Supplies,Printer Paper,4,499,5,1896.2,219.74,Cash
ORD04253,2025-12-26,CUST1301,32.0,Male,Delhi,North,Furniture,Sofa,7,14999,5,99743.35,29389.0,Net Banking
ORD04254,2024-03-28,CUST1718,40.0,Female,Delhi,North,Furniture,Chair,4,999,10,3596.4,381.88,UPI
ORD04255,2024-05-24,CUST1705,61.0,Male,Karnataka,South,Furniture,Desk,2,2499,15,4248.3,597.22,Card
ORD04256,2024-06-26,CUST1951,50.0,Female,Maharashtra,West,Office Supplies,Printer Paper,5,999,20,3996.0,762.09,Cash
ORD04257,2025-11-10,CUST1659,50.0,Male,Maharashtra,West,Office Supplies,Printer Paper,7,7999,0,55993.0,12026.44,Net Banking
ORD04258,2025-03-04,CUST1346,24.0,Male,Tamil Nadu,South,Furniture,Sofa,4,199,10,716.4,44.98,UPI
ORD04259,2024-03-24,CUST1441,24.0,Female,Maharashtra,West,Electronics,Phone,8,14999,10,107992.8,26679.19,Card
ORD04260,2025-11-15,CUST1812,62.0,Male,Odisha,East,Electronics,Laptop,8,14999,0,119992.0,14331.24,Net Banking
ORD04261,2025-01-18,CUST1986,33.0,Male,Maharashtra,West,Electronics,Phone,5,2499,0,12495.0,1201.54,UPI
ORD04262,2025-04-06,CUST1143,56.0,Female,Punjab,North,Office Supplies,Printer Paper,5,199,15,845.75,141.77,Net Banking
ORD04263,2025-09-22,CUST1774,24.0,Female,Karnataka,South,Furniture,Chair,7,499,20,2794.4,51.37,Net Banking
ORD04264,2024-09-21,CUST1014,25.0,Male,Gujarat,West,Office Supplies,Printer Paper,7,14999,10,94493.7,11527.26,Cash
ORD04265,2024-04-15,CUST1444,25.0,Female,West Bengal,East,Electronics,Phone,6,999,0,5994.0,246.8,UPI
ORD04266,2024-10-15,CUST1353,46.0,Female,West Bengal,East,Electronics,Headphones,8,499,15,3393.2,396.56,Card
ORD04267,2025-02-05,CUST1201,44.0,Male,West Bengal,East,Furniture,Chair,6,14999,0,89994.0,14919.14,UPI
ORD04268,2024-06-01,CUST1632,57.0,Female,Odisha,East,Electronics,Headphones,3,499,0,1497.0,417.95,Net Banking
ORD04269,2025-09-13,CUST1474,47.0,Female,Tamil Nadu,South,Electronics,Phone,6,7999,20,38395.2,-467.46,UPI
ORD04270,2025-12-15,CUST1276,32.0,Female,Odisha,East,Office Supplies,Printer Paper,3,499,10,1347.3,268.68,Net Banking
ORD04271,2024-04-28,CUST1988,45.0,Female,Tamil Nadu,South,Furniture,Chair,8,199,0,1592.0,177.52,UPI
ORD04272,2025-08-04,CUST1533,57.0,Female,Odisha,East,Furniture,Chair,5,999,0,4995.0,493.24,UPI
ORD04273,2024-11-29,CUST1711,58.0,Female,Odisha,East,Electronics,Laptop,8,14999,5,113992.4,15067.32,Card
ORD04274,2025-08-02,CUST1721,25.0,Female,Maharashtra,West,Office Supplies,Printer Paper,5,499,0,2495.0,147.91,UPI
ORD04275,2025-02-02,CUST1150,37.0,Male,Punjab,North,Furniture,Desk,1,7999,15,6799.15,760.92,Cash
ORD04276,2025-12-09,CUST1496,58.0,Female,Gujarat,West,Electronics,Phone,1,999,5,949.05,199.88,Card
ORD04277,2025-04-08,CUST1808,60.0,Female,Tamil Nadu,South,Furniture,Desk,7,2499,5,16618.35,-540.14,Net Banking
ORD04278,2025-11-02,CUST1362,24.0,Female,West Bengal,East,Office Supplies,Printer Paper,1,7999,0,7999.0,706.56,Card
ORD04279,2024-10-05,CUST1121,63.0,Male,Maharashtra,West,Electronics,Phone,7,199,10,1253.7,256.05,Net Banking
ORD04280,2024-11-21,CUST1090,62.0,Male,Delhi,North,Office Supplies,Notebook,3,199,20,477.6,0.11,Card
ORD04281,2024-04-05,CUST1311,46.0,Female,Delhi,North,Office Supplies,Printer Paper,6,199,0,1194.0,267.54,Net Banking
ORD04282,2025-05-31,CUST1192,62.0,Male,Karnataka,South,Office Supplies,Pen,6,999,5,5694.3,194.88,Cash
ORD04283,2024-10-16,CUST1290,26.0,Female,Gujarat,West,Furniture,Sofa,5,999,15,4245.75,1167.12,UPI
ORD04284,2025-08-07,CUST1940,20.0,Male,Karnataka,South,Electronics,Headphones,5,14999,15,63745.75,4457.57,Cash
ORD04285,2025-03-08,CUST1813,21.0,Female,Karnataka,South,Office Supplies,Notebook,5,199,5,945.25,-33.65,Cash
ORD04286,2025-11-30,CUST1495,65.0,Male,West Bengal,East,Electronics,Phone,4,999,0,3996.0,1150.12,UPI
ORD04287,2024-06-04,CUST1851,24.0,Male,West Bengal,East,Office Supplies,Printer Paper,1,14999,15,12749.15,-142.02,Card
ORD04288,2024-03-09,CUST1540,42.0,Female,Maharashtra,West,Furniture,Sofa,4,7999,5,30396.2,8710.15,Card
ORD04289,2025-02-12,CUST1591,61.0,Female,Delhi,North,Office Supplies,Notebook,3,499,20,1197.6,173.64,Card
ORD04290,2024-10-03,CUST1675,22.0,Male,Tamil Nadu,South,Furniture,Sofa,6,499,10,2694.6,264.29,UPI
ORD04291,2025-08-02,CUST1718,43.0,Male,Odisha,East,Furniture,Sofa,3,7999,15,20397.45,757.86,Cash
ORD04292,2024-03-13,CUST1486,58.0,Female,Delhi,North,Electronics,Headphones,5,7999,5,37995.25,-1134.04,Card
ORD04293,2025-09-29,CUST1691,41.0,Female,Odisha,East,Electronics,Headphones,1,7999,0,7999.0,1433.53,UPI
ORD04294,2025-05-07,CUST1231,32.0,Male,Maharashtra,West,Office Supplies,Pen,4,7999,0,31996.0,-1324.78,UPI
ORD04295,2025-12-09,CUST1307,54.0,Female,Gujarat,West,Furniture,Chair,5,7999,0,39995.0,10026.18,Net Banking
ORD04296,2024-01-28,CUST1075,18.0,Male,Karnataka,South,Office Supplies,Pen,6,14999,10,80994.6,16901.76,Cash
ORD04297,2025-04-02,CUST1277,21.0,Female,Odisha,East,Furniture,Sofa,5,2499,20,9996.0,-5.78,Card
ORD04298,2025-04-07,CUST1467,39.0,Male,Maharashtra,West,Electronics,Headphones,3,499,0,1497.0,303.74,UPI
ORD04299,2024-08-01,CUST1180,18.0,Female,Odisha,East,Office Supplies,Printer Paper,4,7999,0,31996.0,-1308.03,Card
ORD04300,2024-06-02,CUST1930,56.0,Female,Delhi,North,Office Supplies,Pen,3,7999,0,23997.0,-739.67,UPI
ORD04301,2024-02-27,CUST1659,21.0,Female,Odisha,East,Furniture,Desk,2,499,15,848.3,21.3,Net Banking
ORD04302,2025-01-31,CUST1439,45.0,Male,Karnataka,South,Office Supplies,Notebook,3,499,10,1347.3,-18.57,Card
ORD04303,2025-01-08,CUST1590,63.0,Female,Tamil Nadu,South,Furniture,Desk,3,199,5,567.15,14.14,UPI
ORD04304,2025-09-04,CUST1957,64.0,Female,Odisha,East,Furniture,Desk,3,199,20,477.6,135.66,Card
ORD04305,2025-03-13,CUST1866,30.0,Female,Odisha,East,Electronics,Phone,8,999,5,7592.4,1642.63,UPI
ORD04306,2025-05-24,CUST1447,44.0,Female,Odisha,East,Furniture,Sofa,6,7999,15,40794.9,10949.81,Cash
ORD04307,2025-01-09,CUST1963,21.0,Female,Gujarat,West,electronics,Notebook,6,199,20,955.2,88.25,Net Banking
ORD04308,2024-11-16,CUST1631,26.0,Female,Gujarat,West,Furniture,Chair,2,999,20,1598.4,278.77,Net Banking
ORD04309,2025-05-26,CUST1632,40.0,Male,Maharashtra,West,Furniture,Chair,7,999,15,5944.05,1694.65,Card
ORD04310,2024-07-06,CUST1516,41.0,Male,Odisha,East,Furniture,Chair,7,499,20,2794.4,548.94,Cash
ORD04311,2025-09-21,CUST1161,29.0,Female,Punjab,North,Electronics,Phone,6,199,5,1134.3,-45.76,UPI
ORD04312,2024-10-15,CUST1271,62.0,Female,Delhi,North,Electronics,Headphones,1,499,20,399.2,94.19,UPI
ORD04313,2025-08-27,CUST1873,48.0,Male,Gujarat,West,Electronics,Phone,2,999,20,1598.4,179.68,Cash
ORD04314,2025-07-27,CUST1612,33.0,Female,Delhi,North,Office Supplies,Printer Paper,6,999,10,5394.6,1153.51,UPI
ORD04315,2025-09-09,CUST1698,57.0,Male,Tamil Nadu,South,Office Supplies,Printer Paper,5,7999,20,31996.0,5425.25,Net Banking
ORD04316,2025-04-29,CUST1667,61.0,Female,West Bengal,East,Furniture,Sofa,6,499,5,2844.3,405.44,Card
ORD04317,2025-11-14,CUST1309,54.0,Female,Karnataka,South,Office Supplies,Printer Paper,1,199,20,159.2,-2.96,UPI
ORD04318,2024-01-27,CUST1578,52.0,Male,Delhi,North,Electronics,Phone,7,499,5,3318.35,326.1,Card
ORD04319,2024-04-14,CUST1633,59.0,Female,West Bengal,East,Furniture,Sofa,6,7999,15,40794.9,7028.51,Cash
ORD04320,2025-11-19,CUST1297,40.0,Female,Delhi,North,Office Supplies,Pen,8,999,20,6393.6,145.63,UPI
ORD04321,2024-04-01,CUST1897,50.0,Male,Delhi,North,Office Supplies,Pen,3,199,20,477.6,127.37,Net Banking
ORD04322,2024-12-02,CUST1035,63.0,Female,Odisha,East,Office Supplies,Notebook,8,7999,15,54393.2,594.19,Cash
ORD04323,2025-04-03,CUST1777,47.0,Male,Punjab,North,Electronics,Headphones,1,7999,5,7599.05,838.2,Net Banking
ORD04324,2024-04-25,CUST1216,41.0,Male,Maharashtra,West,Office Supplies,Pen,2,14999,15,25498.3,3963.36,UPI
ORD04325,2025-07-05,CUST1992,28.0,Female,West Bengal,East,Furniture,Sofa,6,999,20,4795.2,1152.86,Net Banking
ORD04326,2025-11-03,CUST1113,41.0,Female,Punjab,North,Office Supplies,Printer Paper,3,499,15,1272.45,203.17,Cash
ORD04327,2024-01-12,CUST1173,63.0,Male,Punjab,North,Electronics,Headphones,3,2499,15,6372.45,-41.13,Cash
ORD04328,2025-01-27,CUST1597,,Female,Delhi,North,Electronics,Headphones,5,999,20,3996.0,791.07,Net Banking
ORD04329,2025-11-07,CUST1433,30.0,Male,Tamil Nadu,South,Office Supplies,Pen,4,7999,10,28796.4,7906.11,Net Banking
ORD04330,2025-12-24,CUST1541,49.0,Male,Odisha,East,Office Supplies,Printer Paper,2,499,20,798.4,165.6,Card
ORD04331,2025-11-15,CUST1958,28.0,Male,Delhi,North,Electronics,Headphones,4,499,15,1696.6,277.46,UPI
ORD04332,2025-04-21,CUST1899,24.0,Male,Punjab,North,Electronics,Laptop,5,199,15,845.75,-38.6,Net Banking
ORD04333,2024-03-11,CUST1196,61.0,Male,Gujarat,West,Electronics,Laptop,8,7999,0,63992.0,15651.66,UPI
ORD04334,2024-09-01,CUST1882,38.0,Male,Delhi,North,Electronics,Laptop,5,999,20,3996.0,211.03,Net Banking
ORD04335,2024-02-05,CUST1820,36.0,Male,Punjab,North,electronics,Sofa,6,2499,0,14994.0,3465.01,Cash
ORD04336,2024-10-08,CUST1783,24.0,Female,Delhi,North,Office Supplies,Printer Paper,3,7999,10,21597.3,160.29,Card
ORD04337,2024-08-02,CUST1263,20.0,Male,Delhi,North,Office Supplies,Notebook,4,2499,15,8496.6,1585.36,Card
ORD04338,2024-08-16,CUST1251,40.0,Male,Odisha,East,Office Supplies,Notebook,6,14999,0,89994.0,11186.73,UPI
ORD04339,2025-09-19,CUST1978,62.0,Female,Maharashtra,West,Electronics,Laptop,2,14999,10,26998.2,6745.08,Net Banking
ORD04340,2024-01-09,CUST1649,21.0,Female,Odisha,East,Furniture,Chair,2,199,15,338.3,95.93,UPI
ORD04341,2025-11-03,CUST1386,45.0,Female,Delhi,North,Electronics,Laptop,5,199,15,845.75,206.29,Cash
ORD04342,2024-12-06,CUST1044,58.0,Male,Tamil Nadu,South,Electronics,Headphones,3,199,5,567.15,148.04,Card
ORD04343,2025-08-27,CUST1135,54.0,Male,Tamil Nadu,South,Furniture,Sofa,7,7999,20,44794.4,2874.82,Cash
ORD04344,2024-12-26,CUST1301,47.0,Male,Odisha,East,Furniture,Sofa,5,14999,20,59996.0,6222.32,Card
ORD04345,2025-01-04,CUST1421,32.0,Female,Odisha,East,Furniture,Desk,3,14999,0,44997.0,4802.03,Card
ORD04346,2025-12-11,CUST1820,41.0,Female,Odisha,East,Furniture,Chair,5,999,10,4495.5,255.37,Cash
ORD04347,2025-06-07,CUST1774,50.0,Female,Punjab,North,Office Supplies,Pen,3,999,5,2847.15,558.49,Cash
ORD04348,2024-03-25,CUST1487,53.0,Female,Gujarat,West,Electronics,Headphones,4,199,10,716.4,23.91,UPI
ORD04349,2025-05-26,CUST1348,34.0,Male,Delhi,North,Office Supplies,Notebook,4,2499,20,7996.8,1328.34,UPI
ORD04350,2024-09-14,CUST1855,27.0,Male,Gujarat,West,Furniture,Chair,8,14999,0,119992.0,35940.36,Cash
ORD04351,2024-04-10,CUST1190,36.0,Female,Delhi,North,Furniture,Chair,4,7999,5,30396.2,1406.4,UPI
ORD04352,2025-09-05,CUST1494,40.0,Male,Karnataka,South,Furniture,Chair,1,2499,10,2249.1,607.03,Net Banking
ORD04353,2025-09-10,CUST1570,60.0,Female,Delhi,North,Furniture,Chair,3,499,20,1197.6,324.5,Net Banking
ORD04354,2025-06-26,CUST1193,58.0,Female,Karnataka,South,Furniture,Chair,2,199,20,318.4,22.13,Cash
ORD04355,2025-01-13,CUST1900,24.0,Male,West Bengal,East,Furniture,Chair,3,199,20,477.6,77.02,Cash
ORD04356,2025-12-28,CUST1573,33.0,Female,Delhi,North,Electronics,Headphones,5,499,20,1996.0,-15.89,UPI
ORD04357,2024-11-22,CUST1347,30.0,Female,Punjab,North,Furniture,Chair,4,14999,20,47996.8,10118.81,UPI
ORD04358,2025-03-31,CUST1130,58.0,Male,Tamil Nadu,South,Office Supplies,Printer Paper,8,14999,0,119992.0,26281.69,Cash
ORD04359,2024-02-02,CUST1886,19.0,Male,Delhi,North,Electronics,Phone,3,999,5,2847.15,682.7,Net Banking
ORD04360,2024-01-04,CUST1673,51.0,Female,Karnataka,South,Furniture,Chair,4,499,10,1796.4,317.57,UPI
ORD04361,2024-05-01,CUST1917,26.0,Male,Odisha,East,Furniture,Sofa,4,7999,0,31996.0,8734.17,UPI
ORD04362,2024-11-06,CUST1871,25.0,Male,Odisha,East,Office Supplies,Printer Paper,7,7999,0,55993.0,-1822.71,Net Banking
ORD04363,2025-08-07,CUST1596,58.0,Male,Tamil Nadu,South,Furniture,Sofa,6,499,0,2994.0,312.06,Cash
ORD04364,2024-04-19,CUST1436,43.0,Female,Karnataka,South,Electronics,Laptop,8,2499,20,15993.6,2426.1,Card
ORD04365,2025-04-22,CUST1448,42.0,Male,Delhi,North,Electronics,Phone,5,999,0,4995.0,1063.93,Card
ORD04366,2024-01-26,CUST1034,19.0,Male,Karnataka,South,Electronics,Phone,3,999,15,2547.45,200.64,Net Banking
ORD04367,2024-08-30,CUST1561,35.0,Female,Gujarat,West,Furniture,Desk,4,7999,15,27196.6,8099.27,Card
ORD04368,2024-04-19,CUST1178,55.0,Male,Odisha,East,Office Supplies,Notebook,7,499,0,3493.0,957.29,UPI
ORD04369,2025-09-02,CUST1679,51.0,Male,Tamil Nadu,South,Electronics,Phone,3,999,0,2997.0,-51.91,UPI
ORD04370,2024-02-07,CUST1392,47.0,Female,Delhi,North,Electronics,Phone,3,499,15,1272.45,-52.65,UPI
ORD04371,2025-02-06,CUST1344,63.0,Female,West Bengal,East,Electronics,Headphones,3,999,10,2697.3,666.51,Net Banking
ORD04372,2025-09-01,CUST1975,21.0,Male,Maharashtra,West,Electronics,Phone,2,999,10,1798.2,132.82,Net Banking
ORD04373,2024-09-18,CUST1447,45.0,Female,West Bengal,East,Furniture,Sofa,5,499,5,2370.25,247.31,Net Banking
ORD04374,2025-10-21,CUST1450,55.0,Male,Karnataka,South,Furniture,Sofa,8,2499,0,19992.0,2450.09,Cash
ORD04375,2025-01-03,CUST1611,45.0,Female,Odisha,East,Electronics,Laptop,5,14999,5,71245.25,13695.43,UPI
ORD04376,2024-03-26,CUST1632,59.0,Female,Odisha,East,Office Supplies,Pen,1,2499,10,2249.1,68.13,Card
ORD04377,2024-02-17,CUST1125,40.0,Female,Tamil Nadu,South,Office Supplies,Printer Paper,8,499,0,3992.0,-47.97,Cash
ORD04378,2024-07-06,CUST1261,18.0,Male,Tamil Nadu,South,Electronics,Laptop,2,14999,10,26998.2,1295.53,Cash
ORD04379,2025-03-01,CUST1857,53.0,Male,Punjab,North,Electronics,Headphones,8,7999,0,63992.0,12562.38,UPI
ORD04380,2025-10-10,CUST1575,46.0,Female,Odisha,East,Furniture,Sofa,4,2499,10,8996.4,559.94,Net Banking
ORD04381,2024-02-29,CUST1748,37.0,Male,Gujarat,West,Electronics,Phone,5,499,20,1996.0,352.88,Net Banking
ORD04382,2025-06-24,CUST1335,21.0,Female,Tamil Nadu,South,Furniture,Desk,5,7999,15,33995.75,8844.72,Net Banking
ORD04383,2024-01-06,CUST1556,43.0,Female,Maharashtra,West,Furniture,Chair,1,7999,0,7999.0,533.87,Cash
ORD04384,2025-02-26,CUST1493,22.0,Male,West Bengal,East,Electronics,Headphones,4,14999,5,56996.2,13178.15,Net Banking
ORD04385,2025-09-29,CUST1984,41.0,Female,West Bengal,East,Electronics,Phone,2,199,0,398.0,80.93,UPI
ORD04386,2024-07-04,CUST1042,54.0,Male,West Bengal,East,Office Supplies,Pen,6,2499,0,14994.0,1172.27,Net Banking
ORD04387,2025-02-21,CUST1280,24.0,Female,Delhi,North,Office Supplies,Printer Paper,1,199,10,179.1,10.59,UPI
ORD04388,2024-01-15,CUST1396,54.0,Male,West Bengal,East,Office Supplies,Notebook,4,2499,15,8496.6,550.9,UPI
ORD04389,2024-09-11,CUST1972,63.0,Female,West Bengal,East,Electronics,Laptop,8,199,5,1512.4,392.66,Card
ORD04390,2025-04-21,CUST1487,62.0,Male,Maharashtra,West,Office Supplies,Pen,7,2499,20,13994.4,-420.17,Net Banking
ORD04391,2025-05-17,CUST1316,44.0,Male,Karnataka,South,Furniture,Sofa,3,2499,10,6747.3,1102.28,Card
ORD04392,2025-08-31,CUST1705,47.0,Male,Delhi,North,Furniture,Sofa,8,2499,10,17992.8,-575.09,Card
ORD04393,2025-01-21,CUST1096,18.0,Female,Karnataka,South,Furniture,Sofa,7,2499,0,17493.0,2457.11,UPI
ORD04394,2024-06-02,CUST1768,26.0,Male,Maharashtra,West,Electronics,Phone,1,199,0,199.0,-9.52,Card
ORD04395,2024-02-06,CUST1124,22.0,Male,Tamil Nadu,South,Office Supplies,Notebook,1,999,0,999.0,245.46,Net Banking
ORD04396,2025-03-22,CUST1630,51.0,Female,Tamil Nadu,South,Office Supplies,Printer Paper,2,199,15,338.3,91.53,Card
ORD04397,2025-03-11,CUST1234,29.0,Male,Delhi,North,Furniture,Sofa,5,199,0,995.0,225.88,UPI
ORD04398,2025-06-03,CUST1646,42.0,Male,West Bengal,East,Office Supplies,Pen,5,499,20,1996.0,554.71,Net Banking
ORD04399,2024-09-16,CUST1874,37.0,Female,Maharashtra,West,Electronics,Laptop,8,199,5,1512.4,354.6,Cash
ORD04400,2024-03-26,CUST1864,51.0,Male,West Bengal,East,Electronics,Headphones,5,14999,5,71245.25,18906.17,Cash
ORD04401,2024-12-02,CUST1002,28.0,Female,West Bengal,East,Furniture,Sofa,8,999,20,6393.6,1553.6,UPI
ORD04402,2025-11-06,CUST1474,58.0,Female,West Bengal,East,Furniture,Chair,4,999,5,3796.2,111.99,Cash
ORD04403,2025-02-14,CUST1092,62.0,Male,Gujarat,West,Electronics,Headphones,4,499,0,1996.0,8.18,UPI
ORD04404,2025-04-18,CUST1286,37.0,Male,Delhi,North,Electronics,Headphones,7,2499,15,14869.05,3584.86,UPI
ORD04405,2024-08-23,CUST1032,62.0,Female,Maharashtra,West,Furniture,Chair,1,199,10,179.1,29.42,Net Banking
ORD04406,2025-12-27,CUST1623,45.0,Female,Gujarat,West,Furniture,Chair,7,199,5,1323.35,372.61,Card
ORD04407,2025-09-01,CUST1335,34.0,Female,Punjab,North,Office Supplies,Pen,2,2499,10,4498.2,1068.81,Cash
ORD04408,2025-10-10,CUST1461,25.0,Female,Odisha,East,Furniture,Desk,8,14999,0,119992.0,4294.64,UPI
ORD04409,2025-04-20,CUST1788,31.0,Male,West Bengal,East,Furniture,Sofa,4,14999,5,56996.2,7545.93,UPI
ORD04410,2024-05-11,CUST1511,37.0,Female,Gujarat,West,Furniture,Desk,5,14999,20,59996.0,10262.38,Net Banking
ORD04411,2024-06-08,CUST1658,24.0,Female,Odisha,East,Office Supplies,Pen,1,499,0,499.0,100.81,UPI
ORD04412,2025-07-20,CUST1176,31.0,Male,Gujarat,West,Furniture,Sofa,5,999,5,4745.25,683.05,UPI
ORD04413,2024-06-14,CUST1135,51.0,Female,Odisha,East,Office Supplies,Notebook,4,999,15,3396.6,326.18,Cash
ORD04414,2024-08-14,CUST1861,62.0,Male,Gujarat,West,Furniture,Sofa,3,14999,0,44997.0,13076.94,Card
ORD04415,2025-01-09,CUST1688,47.0,Female,Karnataka,South,Office Supplies,Pen,7,199,20,1114.4,-25.3,Card
ORD04416,2025-01-24,CUST1857,27.0,Male,Punjab,North,Electronics,Laptop,2,999,20,1598.4,-19.53,Card
ORD04417,2025-07-12,CUST1473,64.0,Female,West Bengal,East,Office Supplies,Pen,3,7999,0,23997.0,-249.47,Cash
ORD04418,2025-03-25,CUST1839,65.0,Male,Delhi,North,Furniture,Chair,8,14999,10,107992.8,-4542.39,Card
ORD04419,2024-09-28,CUST1301,32.0,Male,West Bengal,East,Electronics,Headphones,2,199,0,398.0,69.87,Card
ORD04420,2025-08-02,CUST1296,27.0,Female,Tamil Nadu,South,Furniture,Chair,3,199,15,507.45,34.29,Net Banking
ORD04421,2025-02-07,CUST1829,46.0,Female,Karnataka,South,Office Supplies,Printer Paper,3,2499,5,7122.15,1972.72,UPI
ORD04422,2024-08-22,CUST1880,56.0,Female,Delhi,North,Furniture,Chair,2,14999,0,29998.0,3317.11,Card
ORD04423,2024-08-14,CUST1031,42.0,Female,West Bengal,East,Furniture,Chair,7,14999,10,94493.7,-292.0,Net Banking
ORD04424,2024-03-05,CUST1422,49.0,Female,Punjab,North,Electronics,Headphones,4,14999,20,47996.8,12250.14,UPI
ORD04425,2025-07-25,CUST1809,55.0,Female,Odisha,East,Electronics,Phone,5,14999,15,63745.75,2603.87,Net Banking
ORD04426,2025-09-13,CUST1469,54.0,Male,West Bengal,East,Office Supplies,Printer Paper,8,499,10,3592.8,240.02,UPI
ORD04427,2024-01-22,CUST1009,25.0,Female,Odisha,East,Furniture,Sofa,5,199,10,895.5,2.67,Net Banking
ORD04428,2025-10-26,CUST1032,64.0,Female,Delhi,North,Furniture,Desk,6,999,10,5394.6,124.4,Net Banking
ORD04429,2024-08-08,CUST1242,54.0,Female,Gujarat,West,Electronics,Headphones,7,7999,5,53193.35,13157.67,UPI
ORD04430,2024-07-19,CUST1609,39.0,Male,Delhi,North,Office Supplies,Printer Paper,3,14999,10,40497.3,8438.89,Cash
ORD04431,2024-06-10,CUST1318,41.0,Female,Maharashtra,West,Furniture,Desk,4,199,5,756.2,178.46,Card
ORD04432,2025-05-17,CUST1243,60.0,Male,Delhi,North,Electronics,Headphones,2,199,15,338.3,24.65,Cash
ORD04433,2025-03-15,CUST1593,37.0,Female,Tamil Nadu,South,Electronics,Phone,3,199,10,537.3,-10.59,UPI
ORD04434,2025-09-15,CUST1220,40.0,Male,Gujarat,West,Electronics,Phone,2,499,10,898.2,254.03,Card
ORD04435,2025-05-10,CUST1218,57.0,Female,Odisha,East,Office Supplies,Notebook,6,2499,5,14244.3,2885.25,Cash
ORD04436,2025-09-23,CUST1144,53.0,Female,Karnataka,South,Electronics,Phone,2,499,0,998.0,175.09,Net Banking
ORD04437,2024-08-15,CUST1406,60.0,Female,West Bengal,East,Office Supplies,Printer Paper,8,2499,10,17992.8,-251.63,UPI
ORD04438,2024-04-16,CUST1700,59.0,Male,Punjab,North,Office Supplies,Pen,1,2499,15,2124.15,351.73,Cash
ORD04439,2025-08-08,CUST1242,31.0,Male,Gujarat,West,Office Supplies,Pen,5,199,15,845.75,42.26,Card
ORD04440,2024-05-08,CUST1101,51.0,Male,Punjab,North,Furniture,Sofa,6,999,0,5994.0,57.25,Net Banking
ORD04441,2025-07-17,CUST1333,28.0,Male,Delhi,North,Furniture,Chair,3,499,10,1347.3,281.45,Card
ORD04442,2024-09-03,CUST1818,57.0,Female,Gujarat,West,Furniture,Chair,4,14999,0,59996.0,14565.94,Card
ORD04443,2025-04-20,CUST1661,36.0,Female,Odisha,East,Office Supplies,Pen,5,999,5,4745.25,-188.01,Net Banking
ORD04444,2025-05-28,CUST1215,24.0,Female,Gujarat,West,Furniture,Chair,5,2499,10,11245.5,2853.39,UPI
ORD04445,2024-12-06,CUST1467,65.0,Female,Karnataka,South,Furniture,Chair,4,14999,15,50996.6,963.76,Net Banking
ORD04446,2025-01-25,CUST1437,45.0,Male,Gujarat,West,Electronics,Phone,1,499,10,449.1,-18.8,Net Banking
ORD04447,2025-03-06,CUST1525,57.0,Female,West Bengal,East,Office Supplies,Pen,3,2499,0,7497.0,2114.16,Cash
ORD04448,2025-10-26,CUST1726,34.0,Male,West Bengal,East,Electronics,Phone,5,2499,10,11245.5,2844.85,UPI
ORD04449,2025-06-11,CUST1864,31.0,Female,West Bengal,East,Office Supplies,Pen,4,7999,15,27196.6,3593.63,Net Banking
ORD04450,2025-01-31,CUST1647,31.0,Male,Delhi,North,Electronics,Laptop,3,199,20,477.6,57.74,UPI
ORD04451,2024-08-13,CUST1572,24.0,Female,Tamil Nadu,South,Electronics,Headphones,2,7999,20,12798.4,1938.9,UPI
ORD04452,2025-01-05,CUST1467,44.0,Male,Punjab,North,Furniture,Chair,2,7999,0,15998.0,1805.77,Card
ORD04453,2024-05-14,CUST1313,56.0,Male,Punjab,North,Office Supplies,Pen,6,14999,5,85494.3,-500.21,Cash
ORD04454,2024-03-23,CUST1499,49.0,Male,Karnataka,South,Electronics,Headphones,2,2499,15,4248.3,288.67,Card
ORD04455,2024-11-29,CUST1140,63.0,Female,Karnataka,South,Office Supplies,Pen,5,7999,5,37995.25,-360.87,Net Banking
ORD04456,2024-03-05,CUST1095,51.0,Male,Tamil Nadu,South,Furniture,Sofa,4,2499,15,8496.6,1535.62,Cash
ORD04457,2025-04-11,CUST1173,48.0,Male,Gujarat,West,Office Supplies,Pen,2,2499,5,4748.1,753.28,Cash
ORD04458,2024-08-27,CUST1803,39.0,Male,West Bengal,East,Furniture,Chair,2,14999,5,28498.1,1440.97,UPI
ORD04459,2025-10-11,CUST1984,50.0,Female,Tamil Nadu,South,Furniture,Chair,8,999,20,6393.6,610.82,Cash
ORD04460,2024-09-16,CUST1551,27.0,Male,Gujarat,West,Office Supplies,Printer Paper,5,2499,10,11245.5,636.48,Net Banking
ORD04461,2025-05-16,CUST1981,48.0,Female,Karnataka,South,Electronics,Laptop,6,999,20,4795.2,672.07,Card
ORD04462,2025-11-12,CUST1388,41.0,Male,West Bengal,East,Electronics,Laptop,6,199,5,1134.3,66.49,Net Banking
ORD04463,2024-09-29,CUST1300,48.0,Female,Odisha,East,Office Supplies,Printer Paper,7,14999,5,99743.35,14056.79,Card
ORD04464,2025-06-15,CUST1855,62.0,Male,Tamil Nadu,South,Electronics,Laptop,6,14999,5,85494.3,14912.16,Cash
ORD04465,2025-09-27,CUST1966,46.0,Female,Delhi,North,Furniture,Desk,8,499,20,3193.6,656.66,Net Banking
ORD04466,2024-08-29,CUST1913,56.0,Male,Odisha,East,Electronics,Headphones,1,2499,15,2124.15,363.49,UPI
ORD04467,2024-02-04,CUST1883,65.0,Female,Gujarat,West,Office Supplies,Pen,8,999,10,,1772.4,UPI
ORD04468,2024-08-11,CUST1687,35.0,Male,Maharashtra,West,Office Supplies,Notebook,3,14999,0,44997.0,11957.39,UPI
ORD04469,2024-05-18,CUST1835,21.0,Male,West Bengal,East,Furniture,Sofa,2,2499,5,4748.1,905.08,Card
ORD04470,2025-05-28,CUST1954,35.0,Female,Punjab,North,Furniture,Desk,5,2499,10,11245.5,-182.68,Net Banking
ORD04471,2025-08-17,CUST1488,23.0,Male,Gujarat,West,Furniture,Sofa,8,7999,10,57592.8,6498.48,Cash
ORD04472,2025-01-19,CUST1603,63.0,Male,Punjab,North,Office Supplies,Pen,7,199,20,1114.4,-34.6,UPI
ORD04473,2025-02-11,CUST1401,51.0,Female,West Bengal,East,Electronics,Headphones,4,499,15,1696.6,313.38,Cash
ORD04474,2024-08-21,CUST1050,38.0,Male,Karnataka,South,Electronics,Laptop,3,2499,10,6747.3,-194.56,Cash
ORD04475,2025-01-17,CUST1864,24.0,Male,Delhi,North,Furniture,Chair,1,14999,15,12749.15,3814.45,UPI
ORD04476,2025-12-30,CUST1645,54.0,Female,West Bengal,East,Office Supplies,Pen,6,2499,15,12744.9,-400.63,Card
ORD04477,2024-11-04,CUST1791,38.0,Male,Punjab,North,Office Supplies,Printer Paper,3,14999,20,35997.6,4220.67,Net Banking
ORD04478,2024-04-26,CUST1972,58.0,Male,Gujarat,West,Electronics,Laptop,8,2499,15,16993.2,1391.11,Cash
ORD04479,2024-05-03,CUST1352,65.0,Male,Odisha,East,Furniture,Chair,5,14999,5,71245.25,21052.98,UPI
ORD04480,2024-12-05,CUST1590,20.0,Female,Odisha,East,Electronics,Laptop,3,199,0,597.0,78.76,Card
ORD04481,2024-09-14,CUST1187,33.0,Female,Delhi,North,Furniture,Chair,8,199,5,1512.4,138.47,UPI
ORD04482,2025-10-03,CUST1450,25.0,Female,Karnataka,South,Electronics,Phone,3,999,0,2997.0,156.82,Net Banking
ORD04483,2025-10-19,CUST1624,29.0,Male,Karnataka,South,Furniture,Desk,5,14999,5,71245.25,20421.53,Card
ORD04484,2024-12-14,CUST1914,23.0,Female,Punjab,North,Electronics,Phone,5,7999,5,37995.25,-823.83,Cash
ORD04485,2024-10-07,CUST1703,21.0,Female,Punjab,North,Office Supplies,Printer Paper,7,499,0,3493.0,100.32,Net Banking
ORD04486,2024-06-24,CUST1492,,Female,Punjab,North,Office Supplies,Printer Paper,6,199,20,955.2,84.76,Cash
ORD04487,2024-08-07,CUST1452,50.0,Female,Maharashtra,West,Furniture,Desk,7,7999,15,47594.05,334.02,Net Banking
ORD04488,2025-08-07,CUST1990,30.0,Male,Maharashtra,West,Office Supplies,Pen,2,499,0,998.0,151.03,Net Banking
ORD04489,2024-06-24,CUST1662,46.0,Female,Gujarat,West,Electronics,Headphones,8,14999,0,119992.0,-5938.95,UPI
ORD04490,2024-01-01,CUST1716,18.0,Male,Odisha,East,Furniture,Chair,8,7999,10,57592.8,16249.78,Net Banking
ORD04491,2024-03-30,CUST1674,52.0,Female,Punjab,North,Furniture,Desk,6,7999,10,43194.6,8994.21,Cash
ORD04492,2025-08-18,CUST1144,28.0,Female,Gujarat,West,Office Supplies,Printer Paper,4,14999,5,56996.2,-2696.03,Net Banking
ORD04493,2025-05-17,CUST1544,41.0,Female,Maharashtra,West,Office Supplies,Printer Paper,4,2499,10,8996.4,722.01,Cash
ORD04494,2025-03-04,CUST1294,31.0,Male,Gujarat,West,Furniture,Chair,1,7999,5,7599.05,313.32,Card
ORD04495,2024-03-18,CUST1141,28.0,Female,Karnataka,South,Electronics,Laptop,6,2499,10,13494.6,-584.71,Net Banking
ORD04496,2024-11-18,CUST1378,65.0,Female,West Bengal,East,Office Supplies,Pen,1,7999,10,7199.1,1752.3,UPI
ORD04497,2025-11-04,CUST1259,49.0,Female,Punjab,North,Office Supplies,Notebook,7,2499,5,16618.35,15.31,Net Banking
ORD04498,2024-05-27,CUST1261,38.0,Female,Delhi,North,Office Supplies,Notebook,1,2499,0,2499.0,-71.72,Cash
ORD04499,2025-09-19,CUST1489,56.0,Male,Punjab,North,Office Supplies,Printer Paper,4,7999,20,25596.8,6227.17,UPI
ORD04500,2025-07-21,CUST1524,31.0,Female,Karnataka,South,Office Supplies,Notebook,4,7999,15,27196.6,6435.47,UPI
ORD04501,2025-01-22,CUST1356,29.0,Male,West Bengal,East,Furniture,Chair,7,7999,0,55993.0,15054.71,UPI
ORD04502,2024-08-26,CUST1750,58.0,Female,West Bengal,East,Furniture,Sofa,4,2499,20,7996.8,2328.84,UPI
ORD04503,2024-07-20,CUST1951,31.0,Female,Delhi,North,Furniture,Sofa,5,7999,15,33995.75,-1337.11,UPI
ORD04504,2025-10-08,CUST1444,29.0,Male,West Bengal,East,Office Supplies,Pen,8,499,5,3792.4,352.37,Card
ORD04505,2025-11-17,CUST1729,32.0,Female,Gujarat,West,Furniture,Desk,8,7999,15,54393.2,15591.24,Card
ORD04506,2025-08-10,CUST1916,54.0,Male,Delhi,North,Furniture,Sofa,8,999,15,6793.2,852.43,UPI
ORD04507,2024-06-10,CUST1997,34.0,Male,Punjab,North,Electronics,Headphones,8,999,0,7992.0,1470.7,Net Banking
ORD04508,2025-12-10,CUST1483,49.0,Male,Delhi,North,Office Supplies,Notebook,4,499,10,1796.4,528.81,Net Banking
ORD04509,2025-02-22,CUST1772,43.0,Male,West Bengal,East,Office Supplies,Printer Paper,5,7999,0,39995.0,6596.73,UPI
ORD04510,2025-04-23,CUST1412,31.0,Female,Tamil Nadu,South,Electronics,Phone,4,999,15,3396.6,47.11,Net Banking
ORD04511,2025-07-20,CUST1951,61.0,Female,Tamil Nadu,South,Office Supplies,Printer Paper,6,199,0,1194.0,134.65,UPI
ORD04512,2025-12-15,CUST1999,35.0,Female,West Bengal,East,Electronics,Headphones,7,2499,20,13994.4,89.09,Card
ORD04513,2024-08-16,CUST1353,64.0,Female,West Bengal,East,Furniture,Sofa,1,999,20,799.2,171.38,Cash
ORD04514,2025-02-05,CUST1102,63.0,Male,West Bengal,East,Furniture,Desk,4,2499,10,8996.4,1498.06,Net Banking
ORD04515,2024-11-10,CUST1891,42.0,Male,Gujarat,West,Furniture,Chair,3,499,5,1422.15,276.14,Cash
ORD04516,2025-01-07,CUST1759,21.0,Female,Karnataka,South,Electronics,Laptop,3,2499,0,7497.0,-18.49,Net Banking
ORD04517,2024-04-20,CUST1258,40.0,Male,Gujarat,West,Office Supplies,Printer Paper,4,7999,0,31996.0,8446.68,Net Banking
ORD04518,2024-01-07,CUST1055,19.0,Female,Delhi,North,Furniture,Sofa,2,499,0,998.0,124.04,Card
ORD04519,2024-09-21,CUST1262,38.0,Female,Odisha,East,Office Supplies,Pen,4,7999,5,30396.2,7682.11,Net Banking
ORD04520,2025-07-02,CUST1629,37.0,Female,West Bengal,East,Electronics,Laptop,3,199,10,537.3,112.87,Card
ORD04521,2024-08-01,CUST1960,21.0,Male,Tamil Nadu,South,Office Supplies,Notebook,8,2499,20,15993.6,2557.28,Card
ORD04522,2025-11-06,CUST1689,45.0,Female,Odisha,East,Office Supplies,Pen,1,2499,0,2499.0,180.5,Card
ORD04523,2025-06-15,CUST1872,49.0,Female,Punjab,North,Electronics,Phone,2,14999,0,29998.0,6981.74,Card
ORD04524,2025-09-07,CUST1234,51.0,Male,Delhi,North,Furniture,Chair,1,14999,15,12749.15,1941.28,Card
ORD04525,2025-08-17,CUST1910,54.0,Female,Odisha,East,Electronics,Headphones,8,7999,20,51193.6,8235.72,UPI
ORD04526,2025-05-29,CUST1367,21.0,Female,Karnataka,South,Office Supplies,Notebook,5,199,10,895.5,0.52,Net Banking
ORD04527,2025-12-19,CUST1747,52.0,Female,Delhi,North,Office Supplies,Notebook,2,499,15,848.3,-26.57,Net Banking
ORD04528,2024-01-16,CUST1608,33.0,Female,Odisha,East,Office Supplies,Printer Paper,2,7999,10,14398.2,652.51,Cash
ORD04529,2025-01-16,CUST1259,50.0,Female,Odisha,East,Electronics,Headphones,3,2499,0,7497.0,1428.68,Cash
ORD04530,2024-02-18,CUST1853,41.0,Female,Maharashtra,West,Furniture,Desk,7,499,5,3318.35,-134.04,Card
ORD04531,2024-05-21,CUST1860,61.0,Male,Odisha,East,Office Supplies,Pen,2,999,0,1998.0,500.84,Cash
ORD04532,2025-01-03,CUST1029,40.0,Male,Punjab,North,Furniture,Sofa,6,2499,15,12744.9,3093.4,Cash
ORD04533,2025-05-02,CUST1586,62.0,Male,Odisha,East,Furniture,Desk,8,7999,20,51193.6,1252.51,Card
ORD04534,2024-02-12,CUST1721,30.0,Female,Odisha,East,Furniture,Chair,8,499,20,3193.6,782.96,UPI
ORD04535,2024-10-05,CUST1509,22.0,Female,Punjab,North,Electronics,Headphones,2,199,5,378.1,41.38,UPI
ORD04536,2025-03-23,CUST1663,44.0,Male,West Bengal,East,Electronics,Laptop,2,199,20,318.4,-10.44,UPI
ORD04537,2025-07-04,CUST1249,24.0,Female,Gujarat,West,Electronics,Headphones,2,499,5,948.1,-44.94,Cash
ORD04538,2024-07-19,CUST1755,29.0,Female,Karnataka,South,Furniture,Sofa,1,499,10,449.1,38.2,Cash
ORD04539,2025-06-28,CUST1034,65.0,Female,Tamil Nadu,South,Furniture,Desk,7,7999,15,47594.05,4515.53,Card
ORD04540,2024-12-01,CUST1480,41.0,Male,Delhi,North,Office Supplies,Pen,6,14999,5,85494.3,12017.63,Card
ORD04541,2025-10-12,CUST1050,48.0,Female,Odisha,East,Electronics,Headphones,6,2499,20,11995.2,-152.49,Cash
ORD04542,2024-10-04,CUST1437,44.0,Male,Punjab,North,Office Supplies,Printer Paper,2,999,0,1998.0,568.05,Cash
ORD04543,2025-02-28,CUST1863,27.0,Female,West Bengal,East,Furniture,Chair,1,199,15,169.15,45.93,Net Banking
ORD04544,2025-05-23,CUST1435,45.0,Female,Gujarat,West,Furniture,Desk,6,499,15,2544.9,68.56,Cash
ORD04545,2025-07-28,CUST1104,45.0,Male,Delhi,North,Office Supplies,Notebook,5,999,5,4745.25,149.7,UPI
ORD04546,2025-02-05,CUST1099,37.0,Female,Gujarat,West,Furniture,Sofa,5,7999,0,39995.0,5370.22,UPI
ORD04547,2024-07-30,CUST1205,23.0,Female,Tamil Nadu,South,Electronics,Headphones,6,7999,0,47994.0,8673.59,Card
ORD04548,2025-03-30,CUST1918,18.0,Male,Karnataka,South,Office Supplies,Notebook,6,2499,0,14994.0,3528.55,Net Banking
ORD04549,2025-04-01,CUST1174,65.0,Male,Odisha,East,Electronics,Phone,5,2499,20,9996.0,2259.61,UPI
ORD04550,2024-12-20,CUST1534,52.0,Female,Punjab,North,Furniture,Chair,7,7999,5,53193.35,13744.86,Cash
ORD04551,2025-06-24,CUST1458,37.0,Female,Karnataka,South,Electronics,Headphones,6,14999,15,76494.9,4325.36,Cash
ORD04552,2024-04-16,CUST1763,49.0,Female,Punjab,North,Electronics,Headphones,8,499,20,3193.6,542.79,Net Banking
ORD04553,2024-09-05,CUST1758,36.0,Female,Odisha,East,Furniture,Sofa,1,2499,0,2499.0,318.31,UPI
ORD04554,2024-11-16,CUST1079,55.0,Male,West Bengal,East,Electronics,Headphones,1,7999,10,7199.1,296.93,Cash
ORD04555,2024-01-07,CUST1068,45.0,Male,Punjab,North,Electronics,Headphones,7,499,10,3143.7,444.84,Net Banking
ORD04556,2024-09-08,CUST1504,62.0,Female,Punjab,North,Furniture,Sofa,2,999,10,1798.2,114.9,UPI
ORD04557,2024-04-21,CUST1388,61.0,Female,Delhi,North,Furniture,Desk,2,999,15,1698.3,474.29,Card
ORD04558,2025-09-25,CUST1090,30.0,Female,Odisha,East,Electronics,Laptop,8,2499,20,15993.6,712.44,Card
ORD04559,2025-05-08,CUST1657,24.0,Female,Maharashtra,West,Electronics,Headphones,1,2499,0,2499.0,376.96,Cash
ORD04560,2025-10-29,CUST1367,38.0,Male,Punjab,North,Office Supplies,Pen,2,999,20,1598.4,399.6,Net Banking
ORD04561,2024-03-20,CUST1865,51.0,Male,Tamil Nadu,South,Office Supplies,Notebook,8,499,20,3193.6,280.77,Cash
ORD04562,2025-12-31,CUST1173,30.0,Male,Karnataka,South,Furniture,Sofa,5,7999,5,37995.25,9504.83,Card
ORD04563,2024-08-29,CUST1022,60.0,Male,Maharashtra,West,Furniture,Sofa,7,999,10,6293.7,435.11,Net Banking
ORD04564,2025-06-07,CUST1085,50.0,Female,Punjab,North,Furniture,Sofa,2,14999,20,23998.4,3963.0,UPI
ORD04565,2024-05-22,CUST1827,47.0,Male,Karnataka,South,Electronics,Laptop,8,14999,15,101993.2,3437.75,UPI
ORD04566,2024-05-29,CUST1938,59.0,Female,Tamil Nadu,South,Electronics,Phone,6,199,10,1074.6,258.87,Card
ORD04567,2024-05-24,CUST1168,44.0,Female,West Bengal,East,Furniture,Desk,4,999,5,3796.2,245.16,Cash
ORD04568,2024-04-08,CUST1199,61.0,Female,Karnataka,South,Furniture,Chair,8,499,10,3592.8,881.01,Net Banking
ORD04569,2025-09-29,CUST1723,47.0,Male,West Bengal,East,Furniture,Chair,7,199,0,1393.0,227.79,Net Banking
ORD04570,2025-01-31,CUST1297,23.0,Male,West Bengal,East,Office Supplies,Pen,2,999,5,1898.1,-18.87,Card
ORD04571,2024-06-09,CUST1714,41.0,Female,Tamil Nadu,South,Furniture,Desk,5,14999,0,74995.0,21801.91,UPI
ORD04572,2024-06-20,CUST1193,51.0,Female,Maharashtra,West,Electronics,Phone,3,7999,20,19197.6,3467.29,UPI
ORD04573,2025-08-09,CUST1307,41.0,Male,Odisha,East,Office Supplies,Printer Paper,4,7999,20,25596.8,1579.77,UPI
ORD04574,2024-10-04,CUST1637,46.0,Female,West Bengal,East,Office Supplies,Pen,5,2499,10,11245.5,130.22,Cash
ORD04575,2025-09-24,CUST1687,39.0,Female,Gujarat,West,Furniture,Chair,3,7999,20,19197.6,3563.41,UPI
ORD04576,2024-03-23,CUST1752,18.0,Male,Tamil Nadu,South,Furniture,Desk,7,999,15,5944.05,-176.06,UPI
ORD04577,2025-11-27,CUST1804,34.0,Male,Karnataka,South,Electronics,Laptop,8,999,5,7592.4,1323.75,Card
ORD04578,2024-12-05,CUST1772,47.0,Female,Odisha,East,Office Supplies,Printer Paper,4,999,10,3596.4,670.96,UPI
ORD04579,2024-10-20,CUST1220,20.0,Male,Maharashtra,West,Office Supplies,Printer Paper,3,999,5,2847.15,227.99,Cash
ORD04580,2024-10-20,CUST1808,42.0,Female,Tamil Nadu,South,Electronics,Laptop,6,199,15,1014.9,18.77,Card
ORD04581,2024-11-24,CUST1425,,Male,Maharashtra,West,Office Supplies,Pen,8,199,10,1432.8,166.98,Card
ORD04582,2024-08-02,CUST1596,39.0,Female,Delhi,North,Electronics,Laptop,3,499,0,1497.0,300.16,Card
ORD04583,2024-12-29,CUST1933,34.0,Male,Karnataka,South,Furniture,Sofa,4,499,5,1896.2,6.93,Cash
ORD04584,2024-09-27,CUST1327,30.0,Female,Karnataka,South,Furniture,Chair,3,2499,5,7122.15,-72.45,Card
ORD04585,2025-03-27,CUST1505,53.0,Male,West Bengal,East,Furniture,Desk,2,7999,15,13598.3,1645.05,Card
ORD04586,2024-07-09,CUST1200,,Female,Punjab,North,Office Supplies,Notebook,4,499,15,1696.6,233.89,UPI
ORD04587,2025-07-30,CUST1722,30.0,Male,Odisha,East,Furniture,Desk,1,499,5,474.05,95.3,Card
ORD04588,2025-07-15,CUST1102,40.0,Female,Odisha,East,Electronics,Headphones,8,499,5,3792.4,76.18,Cash
ORD04589,2024-01-07,CUST1900,29.0,Male,West Bengal,East,Furniture,Sofa,8,2499,5,18992.4,3238.22,Cash
ORD04590,2025-09-22,CUST1546,45.0,Male,Gujarat,West,Electronics,Headphones,4,199,20,636.8,104.55,Cash
ORD04591,2025-08-06,CUST1585,56.0,Male,Punjab,North,Office Supplies,Printer Paper,7,2499,20,13994.4,4155.22,Card
ORD04592,2024-08-28,CUST1986,60.0,Male,Punjab,North,Office Supplies,Printer Paper,8,999,15,6793.2,-59.79,Card
ORD04593,2024-11-30,CUST1532,43.0,Male,Delhi,North,Furniture,Chair,6,999,0,5994.0,737.59,Net Banking
ORD04594,2025-08-30,CUST1619,43.0,Female,Tamil Nadu,South,Electronics,Laptop,3,2499,0,7497.0,-32.25,Net Banking
ORD04595,2024-06-14,CUST1935,22.0,Male,Gujarat,West,Office Supplies,Printer Paper,5,499,0,2495.0,-47.12,Net Banking
ORD04596,2025-02-16,CUST1751,41.0,Female,West Bengal,East,Furniture,Sofa,5,2499,5,11870.25,2676.4,UPI
ORD04597,2024-07-28,CUST1696,,Male,Delhi,North,Furniture,Desk,8,2499,0,19992.0,3639.64,Net Banking
ORD04598,2025-09-14,CUST1193,39.0,Female,Odisha,East,Electronics,Headphones,6,7999,15,40794.9,6667.46,UPI
ORD04599,2024-06-20,CUST1759,24.0,Male,West Bengal,East,Electronics,Laptop,5,7999,10,35995.5,7890.19,Cash
ORD04600,2024-02-15,CUST1698,35.0,Male,Maharashtra,West,Furniture,Chair,1,7999,20,6399.2,-79.22,Card
ORD04601,2024-03-02,CUST1571,40.0,Male,West Bengal,East,Furniture,Sofa,2,999,0,1998.0,150.64,Card
ORD04602,2025-12-05,CUST1411,32.0,Female,Tamil Nadu,South,Furniture,Sofa,5,14999,5,71245.25,20632.38,Cash
ORD04603,2024-09-30,CUST1705,32.0,Male,Delhi,North,Electronics,Phone,5,2499,5,11870.25,737.07,Cash
ORD04604,2024-01-27,CUST1549,23.0,Female,West Bengal,East,Office Supplies,Printer Paper,7,199,10,1253.7,-7.18,Cash
ORD04605,2024-12-11,CUST1769,58.0,Male,West Bengal,East,Furniture,Sofa,4,7999,15,27196.6,3665.36,Net Banking
ORD04606,2024-06-05,CUST1314,42.0,Female,Maharashtra,West,Electronics,Headphones,2,7999,20,12798.4,-182.54,Card
ORD04607,2025-04-24,CUST1601,63.0,Male,West Bengal,East,Office Supplies,Notebook,8,199,5,1512.4,-71.38,Net Banking
ORD04608,2024-12-15,CUST1664,31.0,Male,Tamil Nadu,South,Electronics,Headphones,6,7999,0,47994.0,-1143.2,Card
ORD04609,2025-04-30,CUST1001,52.0,Female,Maharashtra,West,Electronics,Headphones,6,499,5,2844.3,354.4,Card
ORD04610,2025-01-11,CUST1203,47.0,Male,West Bengal,East,Furniture,Desk,6,7999,15,40794.9,531.35,Net Banking
ORD04611,2024-01-08,CUST1204,29.0,Female,Karnataka,South,Office Supplies,Notebook,6,499,5,2844.3,83.93,Net Banking
ORD04612,2024-04-12,CUST1365,23.0,Female,Gujarat,West,Furniture,Desk,2,499,5,948.1,-24.19,UPI
ORD04613,2025-01-11,CUST1309,31.0,Male,Odisha,East,Electronics,Laptop,7,14999,15,89244.05,1706.72,Card
ORD04614,2025-01-25,CUST1655,39.0,Male,Tamil Nadu,South,Office Supplies,Printer Paper,2,499,0,998.0,74.38,Net Banking
ORD04615,2025-12-23,CUST1200,39.0,Male,Gujarat,West,Electronics,Laptop,7,999,15,5944.05,1537.03,Cash
ORD04616,2025-12-04,CUST1221,37.0,Female,West Bengal,East,Electronics,Headphones,3,499,5,1422.15,367.59,UPI
ORD04617,2025-07-16,CUST1245,59.0,Male,Maharashtra,West,Office Supplies,Pen,7,999,15,5944.05,651.63,Cash
ORD04618,2025-03-19,CUST1295,23.0,Male,Karnataka,South,Office Supplies,Printer Paper,8,199,15,1353.2,71.68,UPI
ORD04619,2025-05-30,CUST1209,18.0,Female,Punjab,North,Furniture,Chair,3,999,10,2697.3,790.27,Cash
ORD04620,2025-10-28,CUST1275,54.0,Male,Delhi,North,Furniture,Chair,3,2499,0,7497.0,2140.55,Cash
ORD04621,2024-07-24,CUST1840,44.0,Female,Delhi,North,Office Supplies,Pen,3,2499,20,5997.6,1019.52,UPI
ORD04622,2024-10-18,CUST1207,42.0,Female,Maharashtra,West,Office Supplies,Notebook,3,2499,10,6747.3,1278.44,Net Banking
ORD04623,2024-07-09,CUST1395,56.0,Female,Gujarat,West,Furniture,Sofa,5,2499,15,10620.75,1809.26,UPI
ORD04624,2025-07-28,CUST1754,64.0,Male,Delhi,North,Office Supplies,Notebook,4,499,5,1896.2,229.18,Card
ORD04625,2025-08-03,CUST1394,22.0,Female,Maharashtra,West,Electronics,Headphones,7,14999,15,89244.05,-694.41,Cash
ORD04626,2025-03-01,CUST1756,20.0,Male,Punjab,North,Electronics,Phone,8,999,15,6793.2,1921.17,Cash
ORD04627,2025-05-28,CUST1469,54.0,Female,West Bengal,East,Furniture,Chair,7,7999,5,53193.35,12991.81,Net Banking
ORD04628,2025-01-12,CUST1629,28.0,Male,Punjab,North,Electronics,Laptop,7,2499,0,17493.0,3242.24,UPI
ORD04629,2024-02-14,CUST1433,54.0,Male,Odisha,East,Office Supplies,Printer Paper,1,7999,20,6399.2,430.32,UPI
ORD04630,2024-02-20,CUST1140,48.0,Male,Delhi,North,Furniture,Sofa,8,14999,0,119992.0,-2709.05,Card
ORD04631,2025-12-20,CUST1893,24.0,Male,Karnataka,South,Office Supplies,Printer Paper,6,14999,20,71995.2,17375.27,UPI
ORD04632,2025-07-20,CUST1153,32.0,Male,Punjab,North,Electronics,Laptop,4,199,5,756.2,26.38,Cash
ORD04633,2025-04-25,CUST1941,33.0,Female,Delhi,North,Office Supplies,Notebook,4,14999,20,47996.8,7386.57,UPI
ORD04634,2025-07-18,CUST1731,36.0,Male,Gujarat,West,Furniture,Desk,3,499,15,1272.45,-60.2,UPI
ORD04635,2025-01-20,CUST1346,47.0,Female,Gujarat,West,Furniture,Chair,5,999,10,4495.5,1028.06,UPI
ORD04636,2025-11-23,CUST1996,53.0,Female,Punjab,North,Electronics,Laptop,7,7999,0,55993.0,3264.32,Card
ORD04637,2024-01-05,CUST1530,35.0,Male,Maharashtra,West,Electronics,Laptop,2,199,5,378.1,-17.57,UPI
ORD04638,2024-09-12,CUST1914,30.0,Male,Punjab,North,Electronics,Headphones,2,199,15,338.3,53.05,Cash
ORD04639,2024-06-23,CUST1451,24.0,Male,Punjab,North,Furniture,Sofa,6,199,10,1074.6,52.66,Card
ORD04640,2025-08-29,CUST1218,61.0,Female,Tamil Nadu,South,Office Supplies,Pen,2,2499,0,4998.0,929.43,UPI
ORD04641,2024-09-03,CUST1518,24.0,Male,West Bengal,East,Office Supplies,Printer Paper,6,199,15,1014.9,31.89,Net Banking
ORD04642,2025-02-24,CUST1949,28.0,Male,Punjab,North,Furniture,Sofa,5,199,0,995.0,34.84,Net Banking
ORD04643,2025-06-30,CUST1215,51.0,Female,Odisha,East,electronics,Headphones,6,499,10,2694.6,743.41,Card
ORD04644,2024-10-11,CUST1731,45.0,Female,Maharashtra,West,Furniture,Desk,2,199,15,338.3,16.58,Cash
ORD04645,2025-09-10,CUST1664,24.0,Female,Maharashtra,West,Electronics,Laptop,1,199,0,199.0,51.85,Cash
ORD04646,2025-01-28,CUST1046,26.0,Male,Delhi,North,Office Supplies,Pen,2,199,0,398.0,-6.84,Cash
ORD04647,2024-01-16,CUST1099,35.0,Male,Tamil Nadu,South,Office Supplies,Printer Paper,7,7999,5,53193.35,6839.98,Card
ORD04648,2025-01-26,CUST1404,21.0,Male,Karnataka,South,Furniture,Desk,4,199,15,676.6,83.43,Net Banking
ORD04649,2025-07-22,CUST1569,35.0,Female,Punjab,North,Office Supplies,Printer Paper,3,2499,20,5997.6,1581.21,Net Banking
ORD04650,2025-03-30,CUST1765,20.0,Female,Delhi,North,Office Supplies,Notebook,4,999,15,,626.07,Card
ORD04651,2025-06-13,CUST1168,24.0,Male,Punjab,North,Furniture,Chair,1,14999,20,11999.2,-471.31,Card
ORD04652,2024-11-04,CUST1755,32.0,Male,Punjab,North,Office Supplies,Notebook,5,14999,0,74995.0,18062.77,Cash
ORD04653,2024-12-01,CUST1576,44.0,Male,Odisha,East,Furniture,Sofa,8,7999,20,51193.6,2756.02,Cash
ORD04654,2025-09-15,CUST1231,33.0,Female,Delhi,North,Electronics,Headphones,8,2499,20,15993.6,3231.26,Cash
ORD04655,2024-02-14,CUST1219,19.0,Female,Delhi,North,Furniture,Chair,6,199,0,1194.0,23.09,Net Banking
ORD04656,2025-02-15,CUST1569,64.0,Female,Maharashtra,West,Furniture,Chair,7,14999,0,104993.0,8999.17,Net Banking
ORD04657,2025-06-19,CUST1940,22.0,Male,West Bengal,East,Office Supplies,Notebook,8,499,20,3193.6,186.29,Net Banking
ORD04658,2025-03-26,CUST1145,37.0,Female,Maharashtra,West,Electronics,Phone,5,999,0,4995.0,321.17,Net Banking
ORD04659,2025-12-25,CUST1995,55.0,Male,Karnataka,South,Electronics,Headphones,7,499,15,2969.05,10.25,Net Banking
ORD04660,2024-06-10,CUST1884,30.0,Male,Punjab,North,Office Supplies,Printer Paper,5,199,15,845.75,175.46,Card
ORD04661,2024-09-05,CUST1837,46.0,Male,Punjab,North,Electronics,Headphones,7,2499,20,13994.4,3814.67,Card
ORD04662,2024-11-08,CUST1492,20.0,Female,West Bengal,East,Furniture,Sofa,5,14999,0,74995.0,17424.34,Net Banking
ORD04663,2025-12-10,CUST1284,24.0,Female,Delhi,North,Furniture,Desk,7,999,15,5944.05,1485.58,Cash
ORD04664,2024-04-24,CUST1994,23.0,Male,Gujarat,West,electronics,Desk,2,999,15,1698.3,374.6,UPI
ORD04665,2025-08-03,CUST1196,41.0,Female,Punjab,North,Electronics,Laptop,1,14999,10,13499.1,2282.72,Net Banking
ORD04666,2024-03-21,CUST1357,19.0,Male,Tamil Nadu,South,Electronics,Phone,6,499,10,2694.6,299.5,UPI
ORD04667,2025-11-16,CUST1707,58.0,Male,Odisha,East,Office Supplies,Notebook,7,199,20,1114.4,112.43,Card
ORD04668,2025-05-22,CUST1553,41.0,Male,West Bengal,East,Furniture,Chair,3,7999,20,19197.6,4914.14,UPI
ORD04669,2024-08-10,CUST1009,54.0,Male,Delhi,North,Electronics,Headphones,4,499,20,1596.8,224.27,Cash
ORD04670,2025-11-03,CUST1580,60.0,Male,Delhi,North,Electronics,Phone,7,999,20,5594.4,325.86,Card
ORD04671,2024-12-26,CUST1460,53.0,Female,West Bengal,East,Furniture,Desk,6,14999,0,89994.0,163.75,Card
ORD04672,2025-07-31,CUST1007,35.0,Female,Punjab,North,Office Supplies,Notebook,3,14999,15,38247.45,7932.83,UPI
ORD04673,2025-03-06,CUST1902,35.0,Male,Maharashtra,West,Office Supplies,Printer Paper,2,7999,5,15198.1,3327.27,Net Banking
ORD04674,2025-03-31,CUST1687,48.0,Male,Tamil Nadu,South,Office Supplies,Pen,2,2499,5,4748.1,408.8,Net Banking
ORD04675,2025-11-20,CUST1807,29.0,Female,Gujarat,West,Electronics,Headphones,7,14999,20,83994.4,16573.09,Card
ORD04676,2025-11-18,CUST1651,34.0,Male,Odisha,East,Office Supplies,Printer Paper,8,7999,20,51193.6,10500.51,UPI
ORD04677,2025-06-30,CUST1823,48.0,Female,Odisha,East,Electronics,Phone,8,199,10,1432.8,-52.5,Cash
ORD04678,2025-07-03,CUST1545,60.0,Female,Punjab,North,Furniture,Chair,5,999,20,3996.0,-87.43,Net Banking
ORD04679,2024-03-04,CUST1448,35.0,Male,West Bengal,East,Electronics,Laptop,2,7999,5,15198.1,2035.72,Cash
ORD04680,2024-08-04,CUST1565,65.0,Male,Karnataka,South,Electronics,Laptop,5,7999,20,31996.0,8013.79,Card
ORD04681,2025-12-04,CUST1745,30.0,Female,West Bengal,East,Furniture,Desk,3,999,15,2547.45,347.81,Net Banking
ORD04682,2025-05-28,CUST1676,54.0,Male,Karnataka,South,Furniture,Sofa,3,2499,5,7122.15,223.71,UPI
ORD04683,2024-09-11,CUST1987,29.0,Male,Odisha,East,Furniture,Desk,7,14999,20,83994.4,4129.1,Card
ORD04684,2025-11-12,CUST1192,21.0,Female,Odisha,East,Office Supplies,Pen,7,199,15,1184.05,131.64,Card
ORD04685,2025-08-11,CUST1381,25.0,Male,Punjab,North,Furniture,Desk,7,199,15,1184.05,-51.25,Card
ORD04686,2024-05-16,CUST1070,21.0,Male,Tamil Nadu,South,Furniture,Sofa,3,999,15,2547.45,490.62,UPI
ORD04687,2024-02-26,CUST1783,34.0,Female,Punjab,North,Furniture,Sofa,6,999,0,5994.0,-249.41,Cash
ORD04688,2024-06-09,CUST1508,41.0,Female,Punjab,North,Furniture,Desk,4,199,10,716.4,146.49,UPI
ORD04689,2025-07-28,CUST1217,54.0,Male,Karnataka,South,electronics,Laptop,8,999,20,6393.6,951.91,Cash
ORD04690,2025-12-20,CUST1758,19.0,Female,Tamil Nadu,South,Electronics,Laptop,4,14999,15,50996.6,10102.53,UPI
ORD04691,2024-05-24,CUST1232,59.0,Female,Delhi,North,Electronics,Headphones,5,7999,20,31996.0,564.87,Net Banking
ORD04692,2024-11-28,CUST1209,29.0,Female,Odisha,East,Furniture,Desk,5,2499,15,10620.75,2685.72,Card
ORD04693,2025-10-10,CUST1957,36.0,Female,Odisha,East,Electronics,Phone,1,2499,15,2124.15,160.69,Cash
ORD04694,2025-12-13,CUST1595,29.0,Female,Odisha,East,Office Supplies,Pen,7,999,10,6293.7,-121.37,UPI
ORD04695,2025-01-06,CUST1093,43.0,Female,Maharashtra,West,Furniture,Desk,3,14999,20,35997.6,6621.75,UPI
ORD04696,2025-06-27,CUST1402,33.0,Female,Tamil Nadu,South,Electronics,Phone,2,199,20,318.4,36.11,Card
ORD04697,2025-02-21,CUST1796,30.0,Female,Odisha,East,Office Supplies,Pen,8,2499,10,17992.8,1902.4,Card
ORD04698,2025-08-05,CUST1971,44.0,Male,Delhi,North,Electronics,Headphones,8,499,15,3393.2,408.06,Net Banking
ORD04699,2024-12-04,CUST1702,62.0,Male,Gujarat,West,Office Supplies,Printer Paper,5,14999,5,71245.25,20167.6,Cash
ORD04700,2025-02-20,CUST1338,23.0,Female,Gujarat,West,Furniture,Chair,3,199,15,507.45,11.79,Cash
ORD04701,2025-11-23,CUST1879,32.0,Male,Punjab,North,Electronics,Laptop,3,199,10,537.3,140.91,Net Banking
ORD04702,2024-09-16,CUST1447,44.0,Male,Punjab,North,Office Supplies,Printer Paper,7,999,0,6993.0,1903.87,Card
ORD04703,2024-04-19,CUST1918,62.0,Female,Maharashtra,West,Office Supplies,Pen,4,7999,15,27196.6,3048.46,Cash
ORD04704,2025-01-30,CUST1979,41.0,Female,Karnataka,South,Furniture,Desk,2,14999,5,28498.1,1197.97,UPI
ORD04705,2024-09-01,CUST1142,18.0,Male,Odisha,East,Office Supplies,Pen,4,999,0,3996.0,330.81,UPI
ORD04706,2024-03-25,CUST1764,35.0,Male,Maharashtra,West,Electronics,Laptop,2,7999,0,15998.0,-464.7,Card
ORD04707,2024-09-09,CUST1297,,Male,Odisha,East,Office Supplies,Pen,6,999,15,5094.9,965.76,UPI
ORD04708,2025-10-11,CUST1246,44.0,Female,Karnataka,South,Office Supplies,Notebook,4,499,0,1996.0,284.29,Cash
ORD04709,2025-06-12,CUST1832,49.0,Male,Tamil Nadu,South,Office Supplies,Printer Paper,1,7999,10,7199.1,622.83,UPI
ORD04710,2025-10-25,CUST1194,47.0,Male,Gujarat,West,Office Supplies,Pen,6,2499,5,14244.3,1651.84,UPI
ORD04711,2025-09-21,CUST1743,19.0,Male,Odisha,East,Furniture,Sofa,5,999,20,3996.0,557.97,Net Banking
ORD04712,2025-03-02,CUST1150,45.0,Female,Maharashtra,West,Office Supplies,Pen,8,7999,5,60792.4,17677.01,Net Banking
ORD04713,2024-09-05,CUST1084,27.0,Female,Odisha,East,Electronics,Phone,5,999,15,4245.75,1136.9,UPI
ORD04714,2025-08-26,CUST1528,23.0,Male,Delhi,North,Furniture,Desk,4,14999,20,47996.8,11496.37,UPI
ORD04715,2025-10-22,CUST1701,50.0,Female,Karnataka,South,Electronics,Laptop,6,14999,0,89994.0,26611.46,Card
ORD04716,2025-02-01,CUST1685,39.0,Male,Tamil Nadu,South,Office Supplies,Pen,1,999,10,899.1,219.45,UPI
ORD04717,2025-09-21,CUST1055,20.0,Male,Maharashtra,West,Electronics,Headphones,8,2499,15,16993.2,1361.6,UPI
ORD04718,2024-10-20,CUST1245,28.0,Female,Tamil Nadu,South,Electronics,Phone,4,999,15,3396.6,435.84,Net Banking
ORD04719,2024-08-01,CUST1143,31.0,Male,Odisha,East,Furniture,Desk,4,199,0,796.0,187.83,Cash
ORD04720,2024-12-30,CUST1561,39.0,Male,West Bengal,East,Furniture,Sofa,7,2499,5,16618.35,-510.29,Card
ORD04721,2024-07-29,CUST1095,26.0,Male,Gujarat,West,Furniture,Sofa,7,7999,5,53193.35,-79.33,UPI
ORD04722,2024-07-29,CUST1021,48.0,Male,Odisha,East,Office Supplies,Printer Paper,4,14999,20,47996.8,429.12,Cash
ORD04723,2024-02-29,CUST1468,49.0,Male,Delhi,North,Furniture,Desk,1,14999,15,12749.15,1372.91,Cash
ORD04724,2024-03-12,CUST1105,32.0,Male,Odisha,East,Furniture,Sofa,8,999,20,6393.6,1837.0,Cash
ORD04725,2024-10-29,CUST1324,56.0,Female,Gujarat,West,electronics,Laptop,1,499,10,449.1,2.27,UPI
ORD04726,2024-01-13,CUST1819,54.0,Male,Odisha,East,Office Supplies,Pen,6,7999,5,45594.3,9030.45,UPI
ORD04727,2024-07-10,CUST1711,48.0,Female,Odisha,East,Office Supplies,Printer Paper,8,499,15,3393.2,56.47,Card
ORD04728,2024-01-07,CUST1177,33.0,Female,Tamil Nadu,South,Office Supplies,Notebook,3,2499,10,6747.3,97.77,UPI
ORD04729,2025-05-20,CUST1042,42.0,Female,Punjab,North,Electronics,Phone,7,14999,10,94493.7,14097.29,Card
ORD04730,2024-05-26,CUST1193,55.0,Female,Punjab,North,Office Supplies,Printer Paper,5,499,5,2370.25,168.1,Card
ORD04731,2024-02-11,CUST1550,26.0,Male,Karnataka,South,Electronics,Laptop,8,199,0,1592.0,455.61,UPI
ORD04732,2025-08-12,CUST1735,40.0,Female,Punjab,North,Electronics,Laptop,3,199,20,477.6,74.15,Card
ORD04733,2024-01-16,CUST1885,,Female,Punjab,North,Furniture,Desk,2,2499,0,4998.0,1212.16,Net Banking
ORD04734,2024-02-15,CUST1809,43.0,Female,Tamil Nadu,South,Furniture,Desk,2,199,15,338.3,5.75,Cash
ORD04735,2024-07-06,CUST1476,30.0,Male,Punjab,North,Office Supplies,Printer Paper,6,2499,15,12744.9,2836.95,Net Banking
ORD04736,2024-12-14,CUST1015,43.0,Male,Delhi,North,Furniture,Chair,3,14999,10,40497.3,10727.67,UPI
ORD04737,2025-11-07,CUST1993,45.0,Female,Maharashtra,West,Office Supplies,Printer Paper,6,499,10,2694.6,728.11,Cash
ORD04738,2025-10-12,CUST1954,60.0,Female,Gujarat,West,Furniture,Sofa,7,2499,15,14869.05,1320.26,Net Banking
ORD04739,2024-01-14,CUST1856,62.0,Male,Punjab,North,Electronics,Headphones,5,199,0,995.0,-47.99,UPI
ORD04740,2025-05-01,CUST1246,50.0,Male,Gujarat,West,Electronics,Phone,5,2499,0,12495.0,-549.35,UPI
ORD04741,2024-06-17,CUST1657,64.0,Male,Karnataka,South,Furniture,Sofa,4,499,15,1696.6,169.02,UPI
ORD04742,2025-05-20,CUST1414,41.0,Female,Tamil Nadu,South,Furniture,Chair,2,999,10,1798.2,-15.26,Net Banking
ORD04743,2025-09-04,CUST1088,25.0,Female,Maharashtra,West,Electronics,Headphones,1,199,0,199.0,51.84,UPI
ORD04744,2025-06-04,CUST1680,54.0,Male,Odisha,East,Office Supplies,Notebook,4,14999,5,56996.2,16242.4,Cash
ORD04745,2025-12-17,CUST1355,58.0,Female,Delhi,North,Furniture,Sofa,7,499,0,3493.0,997.9,Card
ORD04746,2025-12-07,CUST1217,25.0,Male,Punjab,North,Furniture,Desk,6,2499,10,13494.6,-209.45,UPI
ORD04747,2025-10-15,CUST1327,19.0,Male,Tamil Nadu,South,Electronics,Headphones,5,999,10,4495.5,385.97,UPI
ORD04748,2024-06-30,CUST1630,32.0,Male,Delhi,North,Office Supplies,Pen,5,199,20,796.0,222.36,Net Banking
ORD04749,2025-05-13,CUST1676,20.0,Male,Odisha,East,Furniture,Chair,2,2499,15,4248.3,158.72,Card
ORD04750,2025-08-01,CUST1498,23.0,Male,Gujarat,West,Electronics,Phone,1,999,10,899.1,203.63,Net Banking
ORD04751,2025-05-07,CUST1479,38.0,Female,Karnataka,South,Office Supplies,Notebook,3,2499,5,7122.15,1257.41,Card
ORD04752,2025-01-03,CUST1393,43.0,Male,Maharashtra,West,Furniture,Chair,7,7999,15,47594.05,-2201.71,Card
ORD04753,2024-11-07,CUST1224,41.0,Male,Karnataka,South,Electronics,Headphones,1,2499,10,2249.1,283.23,Card
ORD04754,2025-08-15,CUST1885,26.0,Female,Gujarat,West,Electronics,Laptop,7,499,0,3493.0,996.27,Card
ORD04755,2024-08-11,CUST1256,38.0,Female,Maharashtra,West,Office Supplies,Pen,6,14999,15,76494.9,10779.27,Net Banking
ORD04756,2024-12-12,CUST1792,39.0,Male,West Bengal,East,Electronics,Laptop,7,7999,20,44794.4,8176.21,Card
ORD04757,2025-01-12,CUST1415,58.0,Male,Delhi,North,Furniture,Sofa,1,14999,20,11999.2,2663.63,Cash
ORD04758,2025-07-13,CUST1245,23.0,Male,West Bengal,East,Office Supplies,Notebook,6,499,10,2694.6,790.47,Net Banking
ORD04759,2025-12-03,CUST1641,30.0,Male,Tamil Nadu,South,Furniture,Sofa,4,999,0,3996.0,494.89,Card
ORD04760,2024-05-02,CUST1006,32.0,Female,Punjab,North,Office Supplies,Pen,2,2499,15,4248.3,777.08,Card
ORD04761,2025-04-10,CUST1775,34.0,Male,Karnataka,South,Furniture,Chair,7,199,15,1184.05,69.64,Net Banking
ORD04762,2024-01-16,CUST1897,23.0,Male,Punjab,North,Office Supplies,Printer Paper,1,199,0,199.0,-7.98,UPI
ORD04763,2024-01-09,CUST1081,23.0,Male,Delhi,North,Office Supplies,Notebook,5,7999,20,31996.0,-1393.38,UPI
ORD04764,2025-05-18,CUST1961,27.0,Female,Punjab,North,Office Supplies,Printer Paper,2,7999,5,15198.1,1719.28,Cash
ORD04765,2024-11-13,CUST1436,53.0,Male,Tamil Nadu,South,Office Supplies,Pen,5,999,15,4245.75,-100.09,Cash
ORD04766,2025-10-06,CUST1985,55.0,Male,Karnataka,South,Furniture,Desk,8,999,15,6793.2,1762.06,Cash
ORD04767,2025-06-18,CUST1909,26.0,Female,Maharashtra,West,Office Supplies,Notebook,1,7999,5,7599.05,212.57,Cash
ORD04768,2025-02-16,CUST1421,61.0,Male,Maharashtra,West,Office Supplies,Pen,7,7999,0,55993.0,-141.91,Net Banking
ORD04769,2025-03-10,CUST1712,42.0,Female,Tamil Nadu,South,Furniture,Sofa,1,14999,20,11999.2,2809.48,Net Banking
ORD04770,2025-04-20,CUST1502,45.0,Female,Odisha,East,Furniture,Sofa,8,2499,10,17992.8,2881.76,UPI
ORD04771,2024-07-15,CUST1671,64.0,Male,Delhi,North,Furniture,Desk,1,14999,15,12749.15,1702.87,Net Banking
ORD04772,2025-11-11,CUST1736,29.0,Female,Karnataka,South,Office Supplies,Notebook,5,2499,10,11245.5,2158.28,Net Banking
ORD04773,2025-01-11,CUST1267,43.0,Male,Gujarat,West,Furniture,Chair,8,499,20,3193.6,851.56,Cash
ORD04774,2025-10-15,CUST1340,50.0,Female,Karnataka,South,Furniture,Chair,3,199,5,567.15,14.89,UPI
ORD04775,2025-05-26,CUST1407,57.0,Male,Delhi,North,Office Supplies,Printer Paper,3,7999,10,21597.3,1442.35,Card
ORD04776,2025-12-12,CUST1688,56.0,Male,Tamil Nadu,South,Office Supplies,Notebook,8,7999,20,51193.6,10441.71,Net Banking
ORD04777,2024-11-09,CUST1300,57.0,Male,Karnataka,South,Office Supplies,Printer Paper,2,999,10,1798.2,51.6,Net Banking
ORD04778,2024-04-24,CUST1720,46.0,Male,Odisha,East,Electronics,Headphones,5,7999,15,33995.75,4106.57,Cash
ORD04779,2024-02-18,CUST1993,57.0,Female,Odisha,East,Electronics,Phone,4,2499,10,8996.4,2164.81,Card
ORD04780,2025-06-01,CUST1621,42.0,Male,Maharashtra,West,Office Supplies,Printer Paper,7,2499,5,16618.35,716.23,Net Banking
ORD04781,2025-02-11,CUST1434,46.0,Male,Delhi,North,Office Supplies,Notebook,3,199,10,537.3,137.6,Card
ORD04782,2025-09-16,CUST1586,56.0,Male,Punjab,North,Electronics,Phone,2,199,10,358.2,80.64,Card
ORD04783,2024-04-17,CUST1568,55.0,Female,Maharashtra,West,Office Supplies,Printer Paper,1,499,5,474.05,-10.63,Card
ORD04784,2024-10-29,CUST1092,48.0,Female,West Bengal,East,Electronics,Phone,7,199,0,1393.0,161.29,Card
ORD04785,2024-07-06,CUST1981,33.0,Male,Odisha,East,Furniture,Desk,5,999,0,4995.0,1160.33,Cash
ORD04786,2024-01-25,CUST1706,30.0,Female,West Bengal,East,Furniture,Desk,2,999,15,1698.3,156.52,UPI
ORD04787,2024-10-28,CUST1268,31.0,Female,Tamil Nadu,South,Office Supplies,Pen,7,999,0,6993.0,-216.25,UPI
ORD04788,2024-09-22,CUST1472,19.0,Female,West Bengal,East,Electronics,Headphones,2,2499,10,4498.2,138.77,Net Banking
ORD04789,2024-12-16,CUST1153,35.0,Female,Gujarat,West,Furniture,Sofa,2,499,10,898.2,-24.63,Net Banking
ORD04790,2025-11-15,CUST1271,30.0,Female,West Bengal,East,Office Supplies,Pen,4,999,0,3996.0,598.44,Card
ORD04791,2025-02-17,CUST1372,24.0,Male,West Bengal,East,Furniture,Chair,3,7999,10,21597.3,3735.12,UPI
ORD04792,2024-06-26,CUST1439,35.0,Male,Maharashtra,West,Electronics,Laptop,5,7999,20,31996.0,-438.41,Cash
ORD04793,2025-01-06,CUST1049,56.0,Male,Maharashtra,West,Office Supplies,Printer Paper,2,7999,5,15198.1,2682.3,Net Banking
ORD04794,2025-02-04,CUST1130,38.0,Male,Karnataka,South,Office Supplies,Printer Paper,3,14999,5,42747.15,10104.69,UPI
ORD04795,2024-10-27,CUST1587,65.0,Male,Gujarat,West,Furniture,Sofa,2,199,20,318.4,2.89,UPI
ORD04796,2024-08-04,CUST1933,59.0,Male,Karnataka,South,Electronics,Phone,3,499,20,1197.6,-12.65,Cash
ORD04797,2025-11-29,CUST1732,54.0,Female,West Bengal,East,Furniture,Desk,2,2499,15,4248.3,382.32,Card
ORD04798,2025-12-21,CUST1334,54.0,Male,Maharashtra,West,Electronics,Phone,3,7999,5,22797.15,752.32,UPI
ORD04799,2025-12-29,CUST1772,52.0,Female,Tamil Nadu,South,Electronics,Laptop,6,499,10,2694.6,272.48,UPI
ORD04800,2024-04-16,CUST1272,46.0,Female,Odisha,East,Office Supplies,Printer Paper,1,999,0,999.0,150.93,Card
ORD04801,2024-10-24,CUST1292,42.0,Male,Maharashtra,West,Office Supplies,Printer Paper,3,199,20,477.6,84.86,Card
ORD04802,2025-10-19,CUST1291,59.0,Female,Maharashtra,West,Furniture,Chair,8,199,5,1512.4,201.32,UPI
ORD04803,2024-07-23,CUST1463,53.0,Male,Karnataka,South,Electronics,Laptop,3,999,5,2847.15,710.73,Net Banking
ORD04804,2025-06-17,CUST1796,49.0,Female,Delhi,North,Furniture,Desk,2,999,10,1798.2,538.96,Net Banking
ORD04805,2024-11-15,CUST1219,35.0,Female,West Bengal,East,Furniture,Desk,8,999,0,7992.0,838.95,Card
ORD04806,2024-11-25,CUST1186,40.0,Male,Punjab,North,Furniture,Sofa,5,14999,0,74995.0,6400.71,UPI
ORD04807,2024-10-11,CUST1744,41.0,Male,Karnataka,South,Furniture,Desk,5,14999,20,59996.0,12849.79,Cash
ORD04808,2024-09-27,CUST1505,26.0,Male,West Bengal,East,Office Supplies,Printer Paper,8,2499,10,17992.8,4907.22,Cash
ORD04809,2025-03-15,CUST1961,29.0,Male,Maharashtra,West,Furniture,Desk,3,999,0,2997.0,-41.25,Card
ORD04810,2024-10-19,CUST1561,48.0,Male,West Bengal,East,Office Supplies,Pen,8,199,10,1432.8,235.58,Cash
ORD04811,2025-12-02,CUST1694,33.0,Male,West Bengal,East,Furniture,Chair,6,499,20,2395.2,610.84,Cash
ORD04812,2025-04-30,CUST1656,50.0,Male,Maharashtra,West,Office Supplies,Notebook,1,7999,5,7599.05,-323.22,UPI
ORD04813,2025-12-21,CUST1820,55.0,Female,Karnataka,South,Office Supplies,Notebook,6,499,0,,-145.6,UPI
ORD04814,2024-06-09,CUST1501,55.0,Male,Tamil Nadu,South,Office Supplies,Pen,8,7999,0,63992.0,1539.19,Card
ORD04815,2025-09-04,CUST1574,26.0,Female,Tamil Nadu,South,Electronics,Laptop,1,14999,5,14249.05,132.25,Net Banking
ORD04816,2024-02-04,CUST1237,29.0,Male,Tamil Nadu,South,Office Supplies,Printer Paper,5,499,5,2370.25,239.21,Cash
ORD04817,2025-05-07,CUST1790,52.0,Male,Delhi,North,Office Supplies,Pen,8,14999,0,119992.0,-5472.57,Net Banking
ORD04818,2025-06-02,CUST1522,53.0,Female,Punjab,North,Electronics,Phone,6,499,10,2694.6,224.81,UPI
ORD04819,2025-06-06,CUST1426,42.0,Male,Punjab,North,Electronics,Phone,2,499,5,948.1,167.0,Card
ORD04820,2025-08-19,CUST1919,21.0,Male,Gujarat,West,Office Supplies,Pen,2,199,15,338.3,-3.89,Net Banking
ORD04821,2025-11-09,CUST1795,19.0,Male,Odisha,East,Electronics,Phone,3,14999,10,40497.3,6673.3,UPI
ORD04822,2025-07-31,CUST1953,61.0,Female,Odisha,East,Office Supplies,Pen,4,999,5,3796.2,738.46,Net Banking
ORD04823,2024-12-13,CUST1689,57.0,Female,Maharashtra,West,Furniture,Desk,3,14999,20,35997.6,6892.09,Net Banking
ORD04824,2024-03-31,CUST1614,23.0,Male,Punjab,North,Furniture,Sofa,8,199,0,1592.0,181.02,UPI
ORD04825,2025-10-02,CUST1955,48.0,Male,West Bengal,East,Electronics,Phone,4,999,20,3196.8,6.37,UPI
ORD04826,2025-07-10,CUST1661,45.0,Female,West Bengal,East,Furniture,Sofa,2,999,10,1798.2,245.59,UPI
ORD04827,2024-12-17,CUST1311,27.0,Male,Punjab,North,Office Supplies,Notebook,8,199,15,1353.2,-15.6,Card
ORD04828,2025-01-30,CUST1333,60.0,Female,Odisha,East,Office Supplies,Printer Paper,2,7999,5,15198.1,3097.72,Card
ORD04829,2024-10-12,CUST1228,23.0,Male,Maharashtra,West,Electronics,Phone,7,2499,10,15743.7,2236.41,Net Banking
ORD04830,2024-04-29,CUST1845,24.0,Male,West Bengal,East,Office Supplies,Notebook,2,7999,20,12798.4,-379.7,Net Banking
ORD04831,2024-09-28,CUST1988,54.0,Female,Karnataka,South,electronics,Phone,5,499,5,2370.25,200.41,Card
ORD04832,2025-09-04,CUST1115,40.0,Female,Punjab,North,Office Supplies,Printer Paper,6,999,0,5994.0,1779.0,UPI
ORD04833,2025-06-30,CUST1978,56.0,Male,Maharashtra,West,Office Supplies,Notebook,5,999,20,3996.0,798.39,Card
ORD04834,2024-01-06,CUST1426,55.0,Female,Odisha,East,Electronics,Headphones,1,7999,0,7999.0,-306.28,Net Banking
ORD04835,2024-06-21,CUST1398,42.0,Female,Delhi,North,Electronics,Laptop,2,2499,15,4248.3,663.53,Card
ORD04836,2025-08-03,CUST1027,59.0,Female,Karnataka,South,Furniture,Desk,1,999,20,799.2,189.04,Cash
ORD04837,2025-03-28,CUST1638,42.0,Female,Delhi,North,Electronics,Phone,8,199,0,1592.0,240.91,Card
ORD04838,2025-05-25,CUST1296,55.0,Female,Punjab,North,Office Supplies,Notebook,1,7999,15,6799.15,440.97,Cash
ORD04839,2025-03-21,CUST1394,64.0,Female,West Bengal,East,Office Supplies,Notebook,2,7999,10,14398.2,3652.82,Cash
ORD04840,2025-06-10,CUST1749,25.0,Male,Tamil Nadu,South,Furniture,Sofa,2,499,15,848.3,111.15,Net Banking
ORD04841,2024-08-11,CUST1023,49.0,Male,Maharashtra,West,Electronics,Laptop,2,7999,15,13598.3,-490.41,Net Banking
ORD04842,2025-07-11,CUST1116,23.0,Male,Maharashtra,West,Electronics,Headphones,3,999,10,2697.3,731.54,UPI
ORD04843,2025-05-29,CUST1880,35.0,Female,Gujarat,West,Furniture,Chair,6,199,20,955.2,-37.91,UPI
ORD04844,2024-05-22,CUST1823,40.0,Female,Odisha,East,Furniture,Desk,1,199,10,179.1,45.57,Net Banking
ORD04845,2025-07-12,CUST1308,46.0,Female,Odisha,East,Electronics,Laptop,6,999,10,5394.6,1381.45,Card
ORD04846,2025-08-24,CUST1979,19.0,Female,Maharashtra,West,Furniture,Sofa,1,199,10,179.1,-7.2,Cash
ORD04847,2024-04-22,CUST1431,40.0,Male,Odisha,East,Office Supplies,Pen,3,14999,10,40497.3,25.75,Net Banking
ORD04848,2025-12-19,CUST1155,34.0,Female,Karnataka,South,Furniture,Desk,7,14999,15,89244.05,10720.28,UPI
ORD04849,2025-02-18,CUST1943,40.0,Male,Delhi,North,Electronics,Phone,8,7999,20,51193.6,6288.66,Card
ORD04850,2024-08-17,CUST1335,20.0,Female,Tamil Nadu,South,Furniture,Chair,8,2499,20,15993.6,508.99,Card
ORD04851,2025-09-13,CUST1661,32.0,Female,Delhi,North,electronics,Phone,2,2499,15,4248.3,42.33,UPI
ORD04852,2025-06-01,CUST1068,31.0,Male,Maharashtra,West,Electronics,Phone,8,499,15,3393.2,238.06,Net Banking
ORD04853,2024-01-06,CUST1084,60.0,Male,Delhi,North,Furniture,Sofa,5,499,15,2120.75,577.16,UPI
ORD04854,2025-12-01,CUST1228,20.0,Female,Karnataka,South,Office Supplies,Printer Paper,1,199,5,189.05,12.01,Net Banking
ORD04855,2024-04-25,CUST1778,22.0,Female,Gujarat,West,Electronics,Phone,2,7999,10,14398.2,389.16,Net Banking
ORD04856,2024-12-13,CUST1197,61.0,Male,West Bengal,East,Furniture,Desk,3,14999,20,35997.6,9310.0,Cash
ORD04857,2025-12-21,CUST1891,55.0,Female,Karnataka,South,Furniture,Desk,3,199,10,537.3,1.36,Cash
ORD04858,2024-02-18,CUST1212,26.0,Male,Odisha,East,Electronics,Phone,7,499,20,2794.4,64.92,Card
ORD04859,2024-03-26,CUST1851,62.0,Female,Maharashtra,West,Furniture,Chair,2,7999,5,15198.1,3864.42,Cash
ORD04860,2025-07-11,CUST1559,30.0,Male,Gujarat,West,Office Supplies,Notebook,3,999,0,2997.0,37.28,Cash
ORD04861,2025-12-15,CUST1726,39.0,Female,Delhi,North,Furniture,Sofa,2,7999,10,14398.2,621.33,Net Banking
ORD04862,2025-04-07,CUST1853,24.0,Male,Gujarat,West,Office Supplies,Printer Paper,7,499,10,3143.7,64.67,Net Banking
ORD04863,2024-05-05,CUST1647,46.0,Female,Delhi,North,Electronics,Laptop,5,999,15,4245.75,815.97,Net Banking
ORD04864,2024-07-01,CUST1132,32.0,Female,West Bengal,East,Electronics,Laptop,1,499,5,474.05,24.84,Card
ORD04865,2025-12-11,CUST1364,23.0,Female,Gujarat,West,Furniture,Chair,4,14999,5,56996.2,11831.65,UPI
ORD04866,2024-01-09,CUST1858,57.0,Male,Delhi,North,Electronics,Phone,3,7999,5,22797.15,2386.31,Card
ORD04867,2025-12-16,CUST1807,25.0,Male,Gujarat,West,Furniture,Sofa,5,499,0,2495.0,429.22,Net Banking
ORD04868,2025-11-28,CUST1784,34.0,Female,Karnataka,South,Electronics,Laptop,1,7999,0,7999.0,-313.49,Card
ORD04869,2025-01-31,CUST1920,44.0,Female,Punjab,North,Electronics,Headphones,1,999,20,799.2,55.26,Cash
ORD04870,2024-07-04,CUST1138,47.0,Male,Delhi,North,Electronics,Headphones,6,499,15,2544.9,483.47,UPI
ORD04871,2025-07-11,CUST1887,19.0,Female,Delhi,North,Furniture,Chair,3,999,10,2697.3,364.36,Net Banking
ORD04872,2024-12-26,CUST1985,56.0,Male,Gujarat,West,Furniture,Desk,7,999,10,6293.7,155.26,Card
ORD04873,2024-08-30,CUST1265,47.0,Female,Odisha,East,Electronics,Laptop,3,14999,10,40497.3,2829.73,Card
ORD04874,2024-05-03,CUST1571,28.0,Male,Punjab,North,Electronics,Headphones,5,14999,15,63745.75,8952.84,UPI
ORD04875,2025-11-14,CUST1815,37.0,Female,Tamil Nadu,South,Office Supplies,Pen,5,999,15,4245.75,960.22,Cash
ORD04876,2025-10-06,CUST1376,47.0,Male,Gujarat,West,Furniture,Desk,2,14999,10,26998.2,323.8,Card
ORD04877,2025-08-16,CUST1087,35.0,Male,West Bengal,East,Furniture,Sofa,1,2499,0,2499.0,66.96,UPI
ORD04878,2025-09-07,CUST1360,38.0,Female,Gujarat,West,Furniture,Sofa,7,199,5,1323.35,31.82,Cash
ORD04879,2024-01-11,CUST1843,44.0,Female,Tamil Nadu,South,Office Supplies,Printer Paper,2,499,15,848.3,8.89,Net Banking
ORD04880,2025-09-18,CUST1626,64.0,Male,Karnataka,South,Office Supplies,Printer Paper,8,7999,0,63992.0,2202.54,Cash
ORD04881,2025-09-05,CUST1089,60.0,Male,Gujarat,West,Electronics,Laptop,8,999,5,7592.4,1116.9,UPI
ORD04882,2024-11-06,CUST1544,58.0,Female,Delhi,North,Office Supplies,Pen,1,2499,5,2374.05,398.47,Cash
ORD04883,2024-09-28,CUST1424,26.0,Female,Punjab,North,Electronics,Phone,2,999,0,1998.0,378.9,Cash
ORD04884,2025-11-22,CUST1473,63.0,Male,Gujarat,West,Electronics,Laptop,8,14999,15,101993.2,27955.24,Cash
ORD04885,2024-10-01,CUST1606,56.0,Female,Karnataka,South,Furniture,Desk,6,2499,10,13494.6,-281.37,Cash
ORD04886,2024-09-24,CUST1329,38.0,Female,Karnataka,South,Electronics,Phone,5,2499,5,11870.25,420.67,Cash
ORD04887,2025-12-04,CUST1818,51.0,Female,Delhi,North,Electronics,Headphones,3,499,0,1497.0,400.65,Card
ORD04888,2025-08-10,CUST1532,57.0,Male,Karnataka,South,Electronics,Laptop,6,7999,5,45594.3,-1387.44,Card
ORD04889,2025-05-26,CUST1436,44.0,Female,Karnataka,South,Electronics,Headphones,1,499,10,449.1,115.39,Card
ORD04890,2025-02-22,CUST1459,36.0,Male,Maharashtra,West,Office Supplies,Printer Paper,3,7999,5,22797.15,1877.4,Card
ORD04891,2025-02-23,CUST1189,41.0,Female,Punjab,North,Furniture,Chair,6,14999,10,80994.6,12401.73,Card
ORD04892,2024-06-14,CUST1346,32.0,Female,Delhi,North,Electronics,Laptop,6,999,5,5694.3,-181.48,UPI
ORD04893,2025-10-11,CUST1336,45.0,Female,Gujarat,West,Furniture,Desk,4,2499,0,9996.0,991.27,Cash
ORD04894,2024-03-16,CUST1634,64.0,Female,Delhi,North,Office Supplies,Notebook,5,7999,5,37995.25,540.19,Cash
ORD04895,2025-02-10,CUST1829,65.0,Female,Maharashtra,West,Electronics,Phone,6,999,5,5694.3,39.6,Cash
ORD04896,2025-06-19,CUST1835,31.0,Female,West Bengal,East,Electronics,Phone,5,999,0,4995.0,366.76,Card
ORD04897,2025-08-16,CUST1153,64.0,Female,Maharashtra,West,Electronics,Headphones,5,7999,20,31996.0,632.11,Net Banking
ORD04898,2024-10-18,CUST1977,37.0,Male,Delhi,North,Electronics,Phone,6,14999,5,85494.3,11591.53,Card
ORD04899,2024-04-07,CUST1442,32.0,Female,West Bengal,East,Office Supplies,Notebook,7,199,10,1253.7,318.25,Card
ORD04900,2025-11-05,CUST1907,58.0,Female,Maharashtra,West,Furniture,Desk,3,199,0,597.0,152.97,Card
ORD04901,2025-07-28,CUST1524,23.0,Male,Tamil Nadu,South,Electronics,Phone,4,7999,15,27196.6,3149.1,Cash
ORD04902,2024-06-23,CUST1903,36.0,Female,West Bengal,East,Furniture,Sofa,1,14999,10,13499.1,3408.5,Cash
ORD04903,2025-06-08,CUST1880,51.0,Female,Punjab,North,Electronics,Phone,8,199,10,1432.8,-68.46,Net Banking
ORD04904,2024-05-17,CUST1605,,Male,West Bengal,East,Furniture,Sofa,7,7999,20,44794.4,10774.44,Net Banking
ORD04905,2025-05-04,CUST1867,43.0,Male,Delhi,North,Furniture,Sofa,5,14999,0,74995.0,4338.72,UPI
ORD04906,2025-11-01,CUST1829,54.0,Male,Punjab,North,Furniture,Sofa,2,999,0,1998.0,532.11,Cash
ORD04907,2024-09-04,CUST1797,46.0,Female,Tamil Nadu,South,Furniture,Desk,8,999,0,7992.0,812.78,Net Banking
ORD04908,2024-10-30,CUST1242,43.0,Male,Gujarat,West,Office Supplies,Pen,7,499,15,2969.05,-43.15,Card
ORD04909,2025-05-21,CUST1120,45.0,Female,Punjab,North,Office Supplies,Pen,6,499,10,2694.6,-67.89,Cash
ORD04910,2024-03-30,CUST1010,25.0,Male,Maharashtra,West,Furniture,Desk,4,999,5,3796.2,40.43,Card
ORD04911,2024-02-24,CUST1086,23.0,Male,Karnataka,South,Office Supplies,Notebook,5,7999,0,39995.0,1777.82,Card
ORD04912,2024-11-16,CUST1703,48.0,Female,Punjab,North,Furniture,Desk,5,14999,20,59996.0,-1041.81,Card
ORD04913,2024-11-25,CUST1822,62.0,Male,West Bengal,East,Electronics,Headphones,1,499,0,499.0,5.23,Cash
ORD04914,2025-06-13,CUST1659,41.0,Female,Maharashtra,West,Office Supplies,Notebook,8,199,20,1273.6,16.75,Cash
ORD04915,2024-11-13,CUST1695,47.0,Male,Tamil Nadu,South,Office Supplies,Pen,3,999,10,2697.3,33.61,UPI
ORD04916,2025-10-02,CUST1134,18.0,Female,Maharashtra,West,Office Supplies,Pen,5,2499,15,10620.75,1091.08,UPI
ORD04917,2024-01-27,CUST1520,44.0,Male,Maharashtra,West,Electronics,Laptop,2,14999,20,23998.4,4242.51,UPI
ORD04918,2025-08-06,CUST1915,59.0,Male,Odisha,East,electronics,Chair,8,999,0,7992.0,1135.89,UPI
ORD04919,2024-01-02,CUST1955,27.0,Female,Odisha,East,Office Supplies,Printer Paper,1,499,20,399.2,22.4,UPI
ORD04920,2025-11-25,CUST1902,36.0,Female,Maharashtra,West,Office Supplies,Pen,5,7999,10,35995.5,-429.16,Card
ORD04921,2025-10-10,CUST1620,28.0,Female,Odisha,East,Furniture,Desk,2,999,5,1898.1,500.13,Card
ORD04922,2025-11-30,CUST1016,18.0,Male,Maharashtra,West,Office Supplies,Notebook,4,14999,20,47996.8,62.09,Net Banking
ORD04923,2025-10-08,CUST1321,30.0,Male,Punjab,North,Office Supplies,Pen,3,14999,10,40497.3,3955.65,UPI
ORD04924,2025-09-30,CUST1021,31.0,Female,Karnataka,South,Electronics,Laptop,3,7999,20,19197.6,-264.49,UPI
ORD04925,2024-05-21,CUST1274,22.0,Female,Karnataka,South,Electronics,Laptop,8,499,5,3792.4,215.18,Card
ORD04926,2024-06-17,CUST1219,61.0,Male,Karnataka,South,Furniture,Sofa,5,7999,5,37995.25,11276.1,UPI
ORD04927,2024-03-24,CUST1046,50.0,Male,Tamil Nadu,South,Furniture,Desk,2,7999,20,12798.4,1900.25,Net Banking
ORD04928,2025-11-28,CUST1875,29.0,Male,Karnataka,South,Electronics,Laptop,4,2499,10,8996.4,1803.67,Cash
ORD04929,2024-02-22,CUST1894,34.0,Female,Odisha,East,Furniture,Desk,8,499,5,3792.4,444.95,Cash
ORD04930,2024-08-11,CUST1503,34.0,Female,West Bengal,East,Electronics,Headphones,6,7999,15,40794.9,825.04,Card
ORD04931,2024-02-23,CUST1409,60.0,Male,Tamil Nadu,South,Furniture,Chair,3,14999,0,44997.0,9589.58,UPI
ORD04932,2025-01-07,CUST1977,50.0,Female,Punjab,North,Furniture,Chair,7,14999,15,89244.05,10624.04,Net Banking
ORD04933,2024-12-06,CUST1227,50.0,Male,Maharashtra,West,Office Supplies,Printer Paper,6,2499,5,14244.3,415.93,Net Banking
ORD04934,2025-08-31,CUST1748,36.0,Female,Delhi,North,Electronics,Headphones,5,14999,0,74995.0,4820.88,Net Banking
ORD04935,2025-10-09,CUST1410,27.0,Female,Delhi,North,Furniture,Sofa,2,499,0,998.0,111.27,Card
ORD04936,2025-04-05,CUST1733,33.0,Female,West Bengal,East,Electronics,Phone,3,2499,10,6747.3,670.29,UPI
ORD04937,2025-10-15,CUST1338,39.0,Female,Delhi,North,Furniture,Sofa,1,199,0,199.0,21.13,Net Banking
ORD04938,2025-04-09,CUST1732,37.0,Female,Gujarat,West,Furniture,Chair,6,199,0,1194.0,312.2,Cash
ORD04939,2025-12-29,CUST1527,21.0,Male,Punjab,North,Electronics,Headphones,7,2499,15,14869.05,1959.42,Card
ORD04940,2024-01-10,CUST1573,31.0,Male,Tamil Nadu,South,Office Supplies,Notebook,4,14999,0,59996.0,17542.84,Cash
ORD04941,2024-07-19,CUST1631,58.0,Male,Punjab,North,Electronics,Phone,6,14999,0,89994.0,26764.71,Card
ORD04942,2024-09-12,CUST1451,65.0,Male,Karnataka,South,Electronics,Phone,5,499,0,2495.0,597.33,Card
ORD04943,2025-07-12,CUST1110,57.0,Female,Tamil Nadu,South,Office Supplies,Notebook,5,7999,20,31996.0,5421.14,Cash
ORD04944,2025-05-07,CUST1537,20.0,Male,Maharashtra,West,Electronics,Headphones,3,14999,20,35997.6,-122.0,UPI
ORD04945,2025-03-15,CUST1850,47.0,Female,Maharashtra,West,Office Supplies,Notebook,1,2499,5,2374.05,-92.75,UPI
ORD04946,2024-09-20,CUST1558,43.0,Female,Delhi,North,Office Supplies,Notebook,7,7999,0,55993.0,15099.0,Card
ORD04947,2025-08-23,CUST1065,25.0,Female,Gujarat,West,Office Supplies,Printer Paper,7,999,10,6293.7,1503.43,Card
ORD04948,2025-04-15,CUST1234,18.0,Male,Delhi,North,Furniture,Desk,3,2499,5,7122.15,448.88,Card
ORD04949,2024-06-14,CUST1656,64.0,Female,Maharashtra,West,Furniture,Sofa,5,499,5,2370.25,-104.82,UPI
ORD04950,2025-11-13,CUST1150,33.0,Male,Gujarat,West,Electronics,Laptop,6,499,15,2544.9,566.25,Card
ORD04951,2025-03-03,CUST1473,46.0,Female,West Bengal,East,Furniture,Chair,7,2499,5,16618.35,2322.4,Net Banking
ORD04952,2024-10-08,CUST1417,19.0,Female,Tamil Nadu,South,Furniture,Desk,2,14999,20,23998.4,3074.79,UPI
ORD04953,2025-07-05,CUST1237,34.0,Female,Odisha,East,Office Supplies,Pen,8,999,0,7992.0,1317.19,Net Banking
ORD04954,2024-04-05,CUST1781,49.0,Female,Punjab,North,Office Supplies,Pen,7,499,20,2794.4,-16.66,UPI
ORD04955,2024-01-14,CUST1023,20.0,Female,Maharashtra,West,Furniture,Chair,1,7999,0,7999.0,-160.88,Net Banking
ORD04956,2024-03-13,CUST1600,52.0,Female,Karnataka,South,Office Supplies,Notebook,7,499,15,2969.05,515.96,Card
ORD04957,2024-07-22,CUST1236,57.0,Male,Karnataka,South,Electronics,Phone,1,14999,20,11999.2,-228.47,UPI
ORD04958,2024-10-17,CUST1787,36.0,Female,Gujarat,West,Office Supplies,Pen,6,999,10,5394.6,1101.93,UPI
ORD04959,2025-11-24,CUST1746,61.0,Female,Gujarat,West,Office Supplies,Printer Paper,3,999,10,2697.3,617.61,Card
ORD04960,2025-08-14,CUST1763,34.0,Male,Gujarat,West,Electronics,Phone,7,7999,15,47594.05,5105.63,Card
ORD04961,2024-07-14,CUST1463,42.0,Male,Maharashtra,West,Electronics,Phone,7,7999,20,44794.4,11377.79,UPI
ORD04962,2025-09-06,CUST1071,29.0,Male,West Bengal,East,Electronics,Headphones,8,7999,15,54393.2,8012.28,UPI
ORD04963,2025-03-20,CUST1489,22.0,Male,Delhi,North,Furniture,Chair,6,14999,20,71995.2,-786.33,UPI
ORD04964,2024-07-15,CUST1324,44.0,Male,Maharashtra,West,Electronics,Headphones,6,14999,0,89994.0,14645.85,Cash
ORD04965,2025-05-27,CUST1260,19.0,Male,West Bengal,East,Furniture,Sofa,3,7999,5,22797.15,5908.43,UPI
ORD04966,2024-03-12,CUST1553,28.0,Male,West Bengal,East,Electronics,Laptop,5,499,5,2370.25,-79.88,UPI
ORD04967,2024-01-27,CUST1197,24.0,Female,Odisha,East,Office Supplies,Pen,7,2499,15,14869.05,1926.66,UPI
ORD04968,2025-05-13,CUST1425,61.0,Female,West Bengal,East,Office Supplies,Printer Paper,4,2499,10,8996.4,-196.75,Card
ORD04969,2024-04-12,CUST1569,36.0,Female,West Bengal,East,Office Supplies,Printer Paper,7,2499,20,13994.4,2311.11,Card
ORD04970,2025-06-09,CUST1344,23.0,Female,Karnataka,South,Office Supplies,Printer Paper,5,7999,15,33995.75,2467.96,Card
ORD04971,2025-12-11,CUST1258,21.0,Male,Odisha,East,Office Supplies,Pen,6,14999,20,71995.2,17755.23,Card
ORD04972,2024-06-17,CUST1142,39.0,Female,Gujarat,West,Electronics,Headphones,8,14999,20,95993.6,15936.71,Cash
ORD04973,2024-07-08,CUST1981,48.0,Male,Delhi,North,Electronics,Phone,4,14999,0,59996.0,10903.15,Cash
ORD04974,2024-01-14,CUST1463,54.0,Female,Odisha,East,Office Supplies,Printer Paper,6,999,0,5994.0,219.05,UPI
ORD04975,2025-03-28,CUST1682,49.0,Male,Odisha,East,Furniture,Desk,8,499,5,3792.4,631.65,Card
ORD04976,2024-07-04,CUST1414,48.0,Female,Gujarat,West,Electronics,Phone,4,7999,0,31996.0,2887.05,Card
ORD04977,2024-04-24,CUST1511,42.0,Female,Punjab,North,Electronics,Phone,3,499,20,1197.6,343.71,Card
ORD04978,2024-07-05,CUST1609,23.0,Female,Tamil Nadu,South,Electronics,Phone,6,999,10,5394.6,-221.81,Net Banking
ORD04979,2025-10-16,CUST1277,54.0,Male,West Bengal,East,Office Supplies,Pen,5,7999,10,35995.5,-906.03,UPI
ORD04980,2025-08-30,CUST1239,40.0,Male,Tamil Nadu,South,Office Supplies,Pen,1,14999,5,14249.05,-40.04,Card
ORD04981,2025-07-07,CUST1752,20.0,Female,Gujarat,West,Office Supplies,Printer Paper,7,499,15,2969.05,497.54,Cash
ORD04982,2024-04-17,CUST1498,41.0,Male,Maharashtra,West,Furniture,Chair,5,499,10,2245.5,414.74,Card
ORD04983,2024-07-24,CUST1946,59.0,Male,Maharashtra,West,Furniture,Chair,1,7999,10,7199.1,462.98,Cash
ORD04984,2025-12-29,CUST1623,56.0,Female,Gujarat,West,Electronics,Laptop,7,999,0,6993.0,941.6,Cash
ORD04985,2025-03-12,CUST1728,44.0,Male,Odisha,East,Electronics,Phone,8,7999,20,51193.6,12475.73,Net Banking
ORD04986,2024-07-17,CUST1810,29.0,Male,West Bengal,East,Electronics,Headphones,8,999,10,7192.8,1415.68,Net Banking
ORD04987,2025-04-18,CUST1023,43.0,Male,Gujarat,West,Furniture,Desk,8,999,15,6793.2,1856.47,Cash
ORD04988,2024-08-25,CUST1951,28.0,Female,West Bengal,East,Furniture,Sofa,6,2499,10,13494.6,2880.77,Cash
ORD04989,2025-04-09,CUST1052,23.0,Female,West Bengal,East,Electronics,Headphones,6,2499,10,13494.6,35.32,Net Banking
ORD04990,2024-05-08,CUST1461,55.0,Male,Tamil Nadu,South,Furniture,Sofa,2,7999,0,15998.0,3803.96,Card
ORD04991,2024-10-11,CUST1954,63.0,Female,Punjab,North,Furniture,Desk,4,199,15,676.6,136.45,Card
ORD04992,2024-12-02,CUST1711,52.0,Male,Gujarat,West,Office Supplies,Pen,4,499,5,1896.2,226.97,UPI
ORD04993,2025-01-01,CUST1871,36.0,Female,Karnataka,South,Office Supplies,Notebook,5,7999,5,37995.25,6755.61,UPI
ORD04994,2025-09-17,CUST1459,,Male,Karnataka,South,Furniture,Desk,7,999,5,6643.35,269.33,Card
ORD04995,2024-06-20,CUST1765,44.0,Female,Delhi,North,Electronics,Headphones,2,199,0,398.0,-17.17,Net Banking
ORD04996,2025-12-22,CUST1594,22.0,Female,Punjab,North,Office Supplies,Notebook,7,999,10,6293.7,1214.22,UPI
ORD04997,2024-06-14,CUST1362,21.0,Male,Gujarat,West,Furniture,Desk,1,499,20,399.2,86.67,UPI
ORD04998,2025-08-22,CUST1913,28.0,Female,Karnataka,South,Furniture,Chair,6,499,15,2544.9,164.64,Card
ORD04999,2025-09-12,CUST1770,30.0,Male,Gujarat,West,Office Supplies,Pen,2,2499,5,4748.1,242.25,Card
ORD05000,2024-10-27,CUST1315,43.0,Male,Delhi,North,Furniture,Sofa,1,199,15,169.15,18.83,UPI
ORD02765,2024-06-29,CUST1190,39.0,Male,Maharashtra,West,Office Supplies,Notebook,8,499,5,3792.4,470.46,Card
ORD04768,2025-02-16,CUST1421,61.0,Male,Maharashtra,West,Office Supplies,Pen,7,7999,0,55993.0,-141.91,Net Banking
ORD03815,2025-10-23,CUST1936,56.0,Male,Gujarat,West,Office Supplies,Notebook,1,199,20,159.2,-2.08,UPI
ORD03500,2024-12-09,CUST1933,50.0,Male,Gujarat,West,Office Supplies,Pen,8,999,15,6793.2,1757.61,Cash
ORD02736,2024-07-12,CUST1421,62.0,Female,Delhi,North,Furniture,Sofa,6,199,20,955.2,-9.81,Card
ORD03923,2024-08-12,CUST1854,32.0,Male,Odisha,East,Furniture,Desk,6,14999,15,76494.9,10803.21,Cash
ORD02702,2024-04-03,CUST1804,28.0,Female,West Bengal,East,Electronics,Headphones,6,14999,5,85494.3,881.1,Cash
ORD01180,2025-03-18,CUST1184,46.0,Male,Delhi,North,Electronics,Phone,3,14999,15,38247.45,10632.51,UPI
ORD00933,2025-10-14,CUST1587,53.0,Male,West Bengal,East,Electronics,Phone,2,14999,15,25498.3,2095.2,UPI
ORD00793,2024-09-07,CUST1756,60.0,Male,Delhi,North,Office Supplies,Notebook,7,14999,20,83994.4,17839.05,Net Banking
ORD01853,2024-05-03,CUST1548,30.0,Female,Karnataka,South,Electronics,Headphones,7,999,15,5944.05,723.06,Cash
ORD01186,2025-08-21,CUST1585,29.0,Female,Gujarat,West,Furniture,Chair,1,7999,10,7199.1,1985.73,Card
ORD01725,2024-01-02,CUST1957,40.0,Male,Punjab,North,Electronics,Phone,4,7999,5,30396.2,4329.69,Net Banking
ORD04081,2024-03-30,CUST1871,19.0,Female,Gujarat,West,Electronics,Headphones,7,7999,15,47594.05,10544.92,Card
ORD03824,2025-03-28,CUST1042,27.0,Male,Odisha,East,Electronics,Headphones,2,999,15,1698.3,310.37,Net Banking
ORD04055,2024-08-18,CUST1143,44.0,Male,West Bengal,East,Office Supplies,Notebook,1,2499,10,2249.1,100.6,Cash
ORD02722,2024-12-11,CUST1760,35.0,Female,Tamil Nadu,South,Office Supplies,Printer Paper,3,14999,10,40497.3,5776.67,Cash
ORD03904,2025-12-18,CUST1180,51.0,Male,Punjab,North,Furniture,Chair,1,7999,0,7999.0,1973.72,Cash
ORD01866,2024-10-26,CUST1445,65.0,Female,Punjab,North,Electronics,Laptop,7,199,5,1323.35,70.76,Cash
ORD00760,2024-11-04,CUST1852,61.0,Female,West Bengal,East,Office Supplies,Notebook,1,499,15,424.15,97.08,UPI
ORD02417,2024-11-03,CUST1018,47.0,Male,Tamil Nadu,South,Electronics,Laptop,4,14999,10,53996.4,5691.97,Cash
ORD03671,2025-04-30,CUST1688,40.0,Male,West Bengal,East,Furniture,Desk,2,199,15,338.3,48.55,Cash
ORD04839,2025-03-21,CUST1394,64.0,Female,West Bengal,East,Office Supplies,Notebook,2,7999,10,14398.2,3652.82,Cash
ORD03091,2024-10-02,CUST1074,,Female,Maharashtra,West,Furniture,Sofa,1,14999,5,14249.05,-558.72,Cash
ORD01547,2025-11-25,CUST1760,28.0,Female,Gujarat,West,Furniture,Chair,4,14999,10,53996.4,9491.09,UPI
